store_id	item_id	name	category	price	orderable	req_mods
1062843	i_19946874575	Original Topperstix	Topperstix	11.99	1	1
1062843	i_19946945320	Build Your Own Za	Build Your Own Za	0.00	1	1
1062843	i_7943490750	Ragin Pepperoni Pizza	Pizza	0.00	1	1
1062843	i_20182988465	Ranch Cup	Dipping Sauce	1.19	1	0
1062843	i_19946945319	Cinnamonstix Topperstix	Topperstix	11.99	1	1
1062843	i_19946870834	3-Cheese Garlicstix Topperstix	Topperstix	13.29	1	1
1062843	i_7613870629	Mac N Cheese Pizza	Pizza	0.00	1	1
1062843	i_5083498568	Old-School Pepperoni & Sausage Pizza	Pizza	0.00	1	1
1062843	i_5083498563	Buffalo Chicken Topper Pizza	Pizza	0.00	1	1
1062843	i_5083498570	Toppers Classic Pizza	Pizza	0.00	1	1
1062843	i_9772130073	VEGAN Toppers Classic Pizza	Pizza	0.00	1	1
1062843	i_22703523468	VEGAN Tomato Pie Pizza	Pizza	0.00	1	1
1062843	i_44361888325	Cheese Pizza	Pizza	0.00	1	1
1062843	i_7613883023	Buffalo Chicken Mac N Cheese Pizza	Pizza	0.00	1	1
1062843	i_9787861592	Meat Topper Pizza	Pizza	0.00	1	1
1062843	i_22703571761	VEGAN White Potato Pizza	Pizza	0.00	1	1
1062843	i_44361888323	Pepperoni Pizza	Pizza	0.00	1	1
1062843	i_22703496678	VEGAN Spicy Italian Pizza	Pizza	0.00	1	1
1062843	i_44361888324	Sausage Pizza	Pizza	0.00	1	1
1062843	i_5083498564	Loaded Tot-zza Pizza	Pizza	0.00	1	1
1062843	i_20188958140	CAULIPOWER King Pizza	Pizza	0.00	1	1
1062843	i_5083498569	Smoky BBQ Chicken Pizza	Pizza	0.00	1	1
1062843	i_5083498575	Wisconsin Cheesemaker Topper Pizza	Pizza	0.00	1	1
1062843	i_9787861591	MAUI TOPPER Pizza	Pizza	0.00	1	1
1062843	i_5083498572	Veggie Classic Pizza	Pizza	0.00	1	1
1062843	i_11665177122	The Stinger Pizza	Pizza	0.00	1	1
1062843	i_17035446574	The Pickle Pizza	Pizza	0.00	1	1
1062843	i_17035443036	Picklestix Topperstix	Topperstix	13.29	1	1
1062843	i_19946944766	Baconstix Topperstix	Topperstix	13.29	1	1
1062843	i_19946948880	Pepperonistix Topperstix	Topperstix	13.29	1	1
1062843	i_19946887405	Nachostix Topperstix	Topperstix	13.29	1	1
1062843	i_19946940926	Veganstix Topperstix	Topperstix	14.29	1	1
1062843	i_19946947109	Birthdaystix Topperstix	Topperstix	13.29	1	1
1062843	i_24636051744	Mild Buffalo Bone-In Wings	Bone-In Wings	11.99	1	1
1062843	i_24636051745	HOT HONEY Bone-In Wings	Bone-In Wings	11.99	1	1
1062843	i_24636051746	Hot Buffalo Bone-In Wings	Bone-In Wings	11.99	1	1
1062843	i_24636051747	Oven-Roasted Bone-In Wings	Bone-In Wings	11.99	1	1
1062843	i_24636051748	Smoky BBQ Bone-In Wings	Bone-In Wings	11.99	1	1
1062843	i_24636051749	Boom Boom Bone-In Wings	Bone-In Wings	11.99	1	1
1062843	i_24636051750	Parmesan Garlic Bone-In Wings	Bone-In Wings	11.99	1	1
1062843	i_8320548516	Smoky BBQ Boneless Wings	Boneless Wings	11.99	1	1
1062843	i_11665155072	HOT HONEY Boneless Wings	Boneless Wings	11.99	1	1
1062843	i_8320548517	Parmesan Garlic Boneless Wings	Boneless Wings	11.99	1	1
1062843	i_8320548518	Boom Boom Boneless Wings	Boneless Wings	11.99	1	1
1062843	i_8320548514	Mild Buffalo Boneless Wings	Boneless Wings	11.99	1	1
1062843	i_8320548515	Hot Buffalo Boneless Wings	Boneless Wings	11.99	1	1
1062843	i_8320548513	Oven-Roasted Boneless Wings	Boneless Wings	11.99	1	1
1062843	i_7613891011	3-Cheese Wisconsin Mac Mac N Cheese	Mac N Cheese	8.49	1	1
1062843	i_14504056020	The Kitchen Sink Killer Brownie	Killer Brownie	5.99	1	1
1062843	i_14504056021	Triple Chocolate Killer Brownie	Killer Brownie	5.99	1	1
1062843	i_13036854167	Garlic Knots	Garlic Knots	7.29	1	1
1062843	i_17503091288	Caramel Cone Frozen Custard Pints	Frozen Custard Pints	7.13	1	1
1062843	i_17503082369	Dark Secret Frozen Custard Pints	Frozen Custard Pints	7.13	1	1
1062843	i_17503001817	Strawberry Cheesecake Frozen Custard Pints	Frozen Custard Pints	7.13	1	1
1062843	i_44308041555	Original Pizza Sauce	Dipping Sauce	1.19	1	0
1062843	i_23779835910	Garlic Sauce Cup	Dipping Sauce	1.19	1	0
1062843	i_43977039161	Buffalo Ranch Sauce	Dipping Sauce	1.19	1	0
1062843	i_43977039162	Smoky BBQ Sauce	Dipping Sauce	1.19	1	0
1062843	i_43977039163	Mild Buffalo Sauce	Dipping Sauce	1.19	1	0
1062843	i_43977039164	Hot Buffalo Sauce	Dipping Sauce	1.19	1	0
1062843	i_20182988467	Nacho Cheese Cup	Dipping Sauce	1.19	1	0
1062843	i_20182988469	Chipotle Ranch Sauce	Dipping Sauce	1.19	1	0
1062843	i_20183055875	Dairy-Free Ranch Sauce	Dipping Sauce	1.19	1	0
1062843	i_43977039165	Parmesan Garlic Sauce	Dipping Sauce	1.19	1	0
1062843	i_43977039166	Boom Boom Sauce	Dipping Sauce	1.19	1	0
1062843	i_43977039167	Hot Honey Sauce	Dipping Sauce	1.19	1	0
1062843	i_43977039168	Pickle Aioli Sauce	Dipping Sauce	1.19	1	0
1062843	i_43977039169	Bleu Cheese Sauce	Dipping Sauce	1.19	1	0
1062843	i_20183055874	Cream Cheese Icing Sauce	Dipping Sauce	1.19	1	0
1062843	i_20183040519	Coke	Beverage	2.97	1	1
1062843	i_20183040522	Sprite	Beverage	2.97	1	1
1062843	i_20183040523	Cherry Coke	Beverage	2.97	1	1
1062843	i_20183040524	Barqs Root Beer	Beverage	2.97	1	1
1062843	i_20183040525	Diet Coke	Beverage	2.97	1	1
1062843	i_20183040526	Lemonade	Beverage	2.97	1	1
1062843	i_39624618863	Powerade	Beverage	2.49	1	1
1062843	i_27587101379	Dasani	Beverage	2.97	1	1
1150945	i_193263788	Chicken Shawarma Plate	Plates	14.50	1	1
1150945	i_193263787	Lamb and Beef Shawarma Plate	Plates	14.50	1	1
1150945	i_193263790	Combo Plate	Plates	15.50	1	1
1150945	i_193263766	Pistachio Baklava	Desserts	3.50	1	0
1150945	i_193263775	Hummus and Pita	Appetizers	6.25	1	1
1150945	i_193263789	Falafel Plate	Plates	14.50	1	1
1150945	i_193263796	Side of Falafel	Sides	6.25	1	0
1150945	i_193263786	Vegan Lentil Soup	Soups and Salads	3.75	1	1
1150945	i_193263797	Extra Pita	Sides	2.00	1	0
1150945	i_193263774	Akin's Plate	Appetizers	13.00	1	1
1150945	i_198279107	Avgolemon Chicken Rice Soup	Soups and Salads	3.75	1	0
1150945	i_193263783	Greek Salad	Soups and Salads	13.00	1	1
1150945	i_193263784	Soup Over Rice	Soups and Salads	7.50	1	1
1150945	i_193263785	Soup, Salad and Bread	Soups and Salads	7.50	1	1
1150945	i_193263791	Hummus Plate	Plates	14.50	1	1
1150945	i_193263776	Plan A	Family Meal Plan	75.00	1	1
1150945	i_193263777	Plan B	Family Meal Plan	119.00	1	1
1150945	i_193263780	Chicken Sandwich	Sandwiches	10.00	1	0
1150945	i_193263781	Falafel Sandwich	Sandwiches	10.00	1	0
1150945	i_193263782	Mediterranean Sandwich	Sandwiches	10.00	1	1
1150945	i_193263778	Sandwich Combo	Sandwiches	24.00	1	1
1150945	i_193263779	Lamb and Beef Sandwich	Sandwiches	10.00	1	0
1150945	i_193263794	Side Salad	Sides	4.25	1	1
1150945	i_193263795	Side of Gyro Meat	Sides	6.25	1	1
1150945	i_705813202	Side of Rice	Sides	3.00	1	0
1150945	i_705812815	Side of Sauce	Sides	2.00	1	1
1150945	i_193263798	Algerian Tea	Beverages	3.50	1	1
1150945	i_193263799	Canned Soda	Beverages	2.75	1	1
1150945	i_193263800	Bottled Water	Beverages	2.25	1	0
1150945	i_193263801	Klarbrunn Sparkling Water	Beverages	2.50	1	1
1150945	i_193263773	Cashew Baklava	Desserts	2.50	1	0
1189168	i_7617733983	Pad Thai	Stir Fry	13.95	1	1
1189168	i_7617735518	A1. Pork and Shrimp Spring Rolls (2 pcs)	Appetizers	7.50	1	0
1189168	i_7617735521	Crab Rangoon (3)	Appetizers	5.95	1	0
1189168	i_7617735520	A3. Pork Egg Rolls (2 pcs)	Appetizers	6.25	1	0
1189168	i_7617735514	Banh Mi	Bahn Mi Sandwiches	9.25	1	1
1189168	i_7617723761	B2. Rare Steak Pho Bowl	Sunny Pho Bowl	14.95	1	1
1189168	i_7617723758	CP1. Chicken Pho Bowl	Sunny Pho Bowl	14.95	1	1
1189168	i_7617735517	A2. Vegetarian Spring Rolls (2 pcs)	Appetizers	7.50	1	0
1189168	i_7617723762	B4. Rare Steak and Well Done Flank Pho Bowl	Sunny Pho Bowl	14.95	1	1
1189168	i_7617706089	Thai Ice Tea	Drink and Dessert	5.25	1	0
1189168	i_7617735519	A4. Vegan Egg Rolls (2 pcs)	Appetizers	6.25	1	0
1189168	i_7617723756	B1. Sunny Special Combination Pho Bowl	Sunny Pho Bowl	16.95	1	1
1189168	i_7617723760	B3. Rare Steak and Meatball Pho Bowl	Sunny Pho Bowl	14.95	1	1
1189168	i_44545260195	B5 - Rare steak, Meatball, Tendon, and Tripe	Sunny Pho Bowl	13.95	1	1
1189168	i_7617723763	B6. Well Done, Brisket Tendon, and Tripe Pho Bowl	Sunny Pho Bowl	15.95	1	1
1189168	i_7617723757	VG1. Vegetarian Pho Bowl	Sunny Pho Bowl	14.95	1	1
1189168	i_7617723755	SS1. Special Seafood Pho Bowl	Sunny Pho Bowl	18.95	1	0
1189168	i_44545260197	V1. Vermicelli Bowl and Sliced Eggroll	Fresh Bowls	14.95	1	1
1189168	i_44545260196	R1. Rice Bowl	Fresh Bowls	14.95	1	1
1189168	i_7617733985	F1. House Special Fried Rice	Stir Fry	14.95	1	0
1189168	i_7617733990	F2. Fried Rice	Stir Fry	12.50	1	1
1189168	i_7617706090	Can Drinks	Drink and Dessert	1.85	1	1
1189168	i_39734617090	Sweet Cambodian Ice Green Milk Tea	Drink and Dessert	5.95	1	0
1189168	i_7617706088	Ice Coffee with Condense Milk	Drink and Dessert	5.25	1	0
1189168	i_7617735516	Vegan Sandwiches	Bahn Mi Sandwiches	7.95	1	0
1189168	i_44545565873	Chili Oil (1oz)	Sauce	0.55	1	0
1189168	i_44545565874	Hoisin Sauce Packet (2)	Sauce	0.25	1	0
1189168	i_44545565875	Siracha Hot Sauce Packet (2)	Sauce	0.25	1	0
1189168	i_44545565876	Peanut sauce (1)	Sauce	0.55	1	0
1189168	i_44545565877	House Special Fish Sauce (1)	Sauce	0.55	1	0
1223844	i_211927492	10. Bánh Mì Thịt Nướng	Vietnamese Sandwich/ Banh Mi	11.00	0	0
1223844	i_211947914	17. Gỏi Cuốn (2)/ Spring Rolls	Vietnamese Rolls + Vermicelli Noodles + 	11.00	0	0
1223844	i_370844206	8. Pho Dac Biet (Viet Combination Pho)	Beef Noodle Soup / Phở	19.50	0	1
1223844	i_211922456	1. Phở Tái	Beef Noodle Soup / Phở	19.00	0	1
1223844	i_211927487	9. Bánh Mì Đặc Biệt - Viet Combination	Vietnamese Sandwich/ Banh Mi	11.00	0	0
1223844	i_211947917	18. Bún Thịt Nướng	Vietnamese Rolls + Vermicelli Noodles + 	20.00	0	0
1223844	i_211927488	12. Bánh Mì Gà Nướng	Vietnamese Sandwich/ Banh Mi	11.00	0	0
1223844	i_211922457	4. Phở Gà	Beef Noodle Soup / Phở	19.00	0	1
1223844	i_211947920	Vietnamese House Coffee	Coffee	7.50	0	0
1223844	i_211922463	5. Phở Tái Bò Viên	Beef Noodle Soup / Phở	19.00	0	1
1223844	i_211947919	Matcha Brown Sugar Latte	Latte (Has Dairy)	7.95	0	0
1223844	i_211947923	Brown Sugar Latte	Latte (Has Dairy)	7.95	0	0
1223844	i_211947921	Matcha Latte	Latte (Has Dairy)	7.75	0	0
1223844	i_211947924	Butterfly Pea Latte	Latte (Has Dairy)	7.75	0	0
1223844	i_211947925	Strawberry Butterfly Pea Latte	Latte (Has Dairy)	7.95	0	0
1223844	i_211957946	Guava Lychee Green Tea	Tea	7.50	0	0
1223844	i_211957947	Peach Green Tea	Tea	7.50	0	0
1223844	i_211957944	Kumquat Lemon Green Tea	Tea	7.50	0	0
1223844	i_211957950	Guava Peach Green Tea	Tea	7.50	0	0
1223844	i_211957949	Strawberry Green Tea	Tea	7.50	0	1
1223844	i_211957953	Peach Mango Oolong Tea	Tea	7.50	0	0
1223844	i_211957959	Winter Melon Black Tea	Tea	7.50	0	0
1223844	i_211957960	Butterfly Pea Tea With Passion Fruit	Tea	7.50	0	0
1223844	i_211957961	Passion Fruit Green Tea	Tea	7.50	0	0
1223844	i_211953410	Mango Strawberry Smoothie	Smoothies	8.00	0	0
1223844	i_211953411	Honeydew Smoothie	Smoothies	8.00	0	0
1223844	i_211953408	Lychee Smoothie	Smoothies	8.00	0	0
1223844	i_211953409	Taro Smoothie	Smoothies	8.00	0	0
1223844	i_211953412	Mango Smoothie	Smoothies	8.00	0	0
1223844	i_211953413	Passion Fruit Mango Smoothie	Smoothies	8.00	0	0
1223844	i_211953406	Strawberry Smoothie	Smoothies	8.00	0	0
1223844	i_211953407	Avocado Smoothie	Smoothies	8.25	0	0
1223844	i_417550857	Passionfruit Smoothie	Smoothies	8.00	0	0
1223844	i_211947916	19. Bún Bò Huế	Vietnamese Rolls + Vermicelli Noodles + 	21.00	0	0
1223844	i_211927489	13. Bánh Mì Bì	Vietnamese Sandwich/ Banh Mi	11.00	0	0
1223844	i_211927491	11. Bánh Mì Chả Lụa	Vietnamese Sandwich/ Banh Mi	11.00	0	0
1223844	i_211927493	15. Bánh Mì Xíu Mại	Vietnamese Sandwich/ Banh Mi	11.00	0	0
1223844	i_211954086	Taro Milk Tea	Milk Tea	7.75	0	0
1223844	i_211954087	Honey Milk Tea	Milk Tea	7.75	0	0
1223844	i_211954091	Brown Sugar Milk Tea	Milk Tea	7.75	0	0
1223844	i_211954088	Oolong Milk Tea	Milk Tea	7.75	0	0
1223844	i_211954089	Chocolate Milk Tea	Milk Tea	7.75	0	0
1223844	i_211954094	Hazelnut Milk Tea	Milk Tea	7.75	0	0
1223844	i_211954095	Thai Tea	Milk Tea	7.75	0	0
1223844	i_211954092	Strawberry Milk Tea	Milk Tea	7.75	0	0
1223844	i_211954098	Coffee Milk Tea	Milk Tea	7.75	0	0
1223844	i_211954099	Black Milk Tea	Milk Tea	7.75	0	0
1223844	i_417550960	Jasmine Green Milk Tea	Milk Tea	7.75	0	0
1223844	i_211954097	Almond Milk Tea	Milk Tea	7.75	0	0
1223844	i_211954100	Winter Melon Milk Tea	Milk Tea	7.75	0	0
1223844	i_211922459	7. Phở Tái Nạm Bò Viên	Beef Noodle Soup / Phở	19.00	0	1
1223844	i_211922458	6. Phở Tải Nạm	Beef Noodle Soup / Phở	19.00	0	1
1223844	i_211922460	2. Phở Bò Viên	Beef Noodle Soup / Phở	19.00	0	1
1361983	i_27151001888	Ancient Brown Sugar Bubble Milk Tea/古法黑糖啵啵奶茶	Classic Milk Tea	7.02	1	1
1361983	i_27151001889	Brown Sugar Bubble Milk Tea/黑糖波波脏脏茶	Classic Milk Tea	6.78	1	1
1361983	i_27151001896	Signature Milk Tea/招牌奶茶	Classic Milk Tea	5.29	1	1
1361983	i_27444155622	Mini Cheesecake Set (8 PCs)	Le C's Cake /Le C's 蛋糕	12.96	1	0
1361983	i_27465316373	Lemon Tart/柠檬挞	Le C's Cake /Le C's 蛋糕	9.42	1	0
1361983	i_27151001920	Strawberry Matcha Latte/抹茶莓莓	Tea Latte	6.54	1	1
1361983	i_27444155626	Tiramisu/提拉米苏	Le C's Cake /Le C's 蛋糕	11.78	1	0
1361983	i_27463710069	Dragon Fruit Mango Refresher/火力芒芒	Fresh Fruit Tea	7.65	1	1
1361983	i_27463710068	Thai Tea/泰式奶茶	Classic Milk Tea	7.49	1	1
1361983	i_27462019947	Cream Cheese Bread/芝士奶酪面包	Le C's Bread and Pastry /Le C's 面包和点心	5.29	1	0
1361983	i_27151001877	Basque Cheesecake/巴斯克手作芝士蛋糕	Le C's Cake /Le C's 蛋糕	27.12	1	0
1361983	i_27151001880	Pork Floss Beckham Mini Cake (4 pcs)/肉松大贝(4个)	Le C's Cake /Le C's 蛋糕	15.32	1	0
1361983	i_27151001881	Red Velvet Cake with Strawberries/草莓红丝绒蛋糕卷	Le C's Cake /Le C's 蛋糕	11.78	1	0
1361983	i_44311151900	Black Forest /黑森林	Le C's Cake /Le C's 蛋糕	12.96	1	0
1361983	i_27443240289	Blueberry Tart/蓝莓挞	Le C's Cake /Le C's 蛋糕	9.42	1	0
1361983	i_27443764206	Caramel Coconut Mousse Cake	Le C's Cake /Le C's 蛋糕	15.32	1	0
1361983	i_27444155620	Mango Mousse/芒果慕斯	Le C's Cake /Le C's 蛋糕	16.50	1	0
1361983	i_27444155621	Matcha Japanese Souffle Cheesecake/抹茶日式半熟芝士蛋糕	Le C's Cake /Le C's 蛋糕	15.32	1	0
1361983	i_27444155624	Pistachio Basque	Le C's Cake /Le C's 蛋糕	10.60	1	0
1361983	i_27444155625	Strawberry Mousse Cake	Le C's Cake /Le C's 蛋糕	20.04	1	0
1361983	i_27444155627	Lemon Mousse/黄柠檬慕斯	Le C's Cake /Le C's 蛋糕	15.32	1	0
1361983	i_38451508416	Japanese Souffle Cheesecake/日式半熟芝士蛋糕	Le C's Cake /Le C's 蛋糕	15.32	1	0
1361983	i_27151001884	HK Style Bun/菠萝包	Le C's Bread and Pastry /Le C's 面包和点心	4.47	1	0
1361983	i_27151001885	Pork Floss Bread with Seaweed/肉松面包	Le C's Bread and Pastry /Le C's 面包和点心	4.47	1	0
1361983	i_27151001886	Red Bean Bread/红豆面包	Le C's Bread and Pastry /Le C's 面包和点心	4.47	1	0
1361983	i_27462019939	Blueberry Cream Cheese Bun	Le C's Bread and Pastry /Le C's 面包和点心	4.70	1	0
1361983	i_27462019940	Chocolate Cup Cake Bun	Le C's Bread and Pastry /Le C's 面包和点心	5.88	1	0
1361983	i_27462019944	Chocolate Oreo Bread with Nutella	Le C's Bread and Pastry /Le C's 面包和点心	7.06	1	0
1361983	i_27462019945	Chocolate Cinnamon Roll	Le C's Bread and Pastry /Le C's 面包和点心	5.31	1	0
1361983	i_27462019946	Coconut Cranberry Raisin Bun	Le C's Bread and Pastry /Le C's 面包和点心	4.47	1	0
1361983	i_27462019951	Custard Bread/卡仕达面包	Le C's Bread and Pastry /Le C's 面包和点心	4.47	1	0
1361983	i_27462019952	Hotdog Bun/热狗面包	Le C's Bread and Pastry /Le C's 面包和点心	4.47	1	0
1361983	i_27462019953	Matcha Brown Sugar Mochi Wuth Blueberry Cream Cheese	Le C's Bread and Pastry /Le C's 面包和点心	6.19	1	0
1361983	i_27462019957	Vanilla Cream Puff Bun	Le C's Bread and Pastry /Le C's 面包和点心	5.31	1	0
1361983	i_27462019958	Snow Coconut Cream	Le C's Bread and Pastry /Le C's 面包和点心	5.31	1	0
1361983	i_27462019959	Taro Mochi Bread	Le C's Bread and Pastry /Le C's 面包和点心	4.42	1	0
1361983	i_27462019961	Puffy Pastry With Taro	Le C's Bread and Pastry /Le C's 面包和点心	5.31	1	0
1361983	i_27151001890	Matcha with Taro and Boba/厚芋泥波波抹茶	Classic Milk Tea	6.47	1	1
1361983	i_27151001891	Romantic Rose Milk Tea/玫好时光奶茶	Classic Milk Tea	7.65	1	1
1361983	i_27151001892	Signature Milk Tea with Ginger (Hot)/黑糖姜汁奶茶	Classic Milk Tea	5.88	1	1
1361983	i_27151001893	Signature Milk Tea with Honey Red Bean/红豆相思奶茶	Classic Milk Tea	5.88	1	1
1361983	i_27151001894	Signature Milk Tea with Longan and Red Dated (Hot only)/桂圆红枣奶茶(热)	Classic Milk Tea	6.47	1	1
1361983	i_27151001895	Signature Milk Tea with Oreo Cheese Top/奥利奥奶茶	Classic Milk Tea	6.47	1	1
1361983	i_27151001897	Signature Milk Tea with Ginger (Iced)/黑糖姜汁奶茶(冰)	Classic Milk Tea	7.06	1	1
1361983	i_27151001898	Bucket Ancient Brown Sugar Bubble Milk Tea/手挽桶古法黑糖啵啵奶茶	Classic Milk Tea	12.92	1	1
1361983	i_27151001899	Bucket Signature Milk Tea with Honey Red Bean/手挽桶红豆相思奶茶	Classic Milk Tea	11.78	1	1
1361983	i_27151001900	Bucket Signature Milk Tea with Oreo Cheese Top/手挽桶奥利奥奶茶	Classic Milk Tea	12.37	1	1
1361983	i_27151001901	Bucket Signature Milk Tea/手挽桶招牌奶茶	Classic Milk Tea	11.19	1	1
1361983	i_27463710067	Osmanthus Oolong Tea/桂花饮	Classic Milk Tea	6.71	1	1
1361983	i_33689669286	Moran Jasmine Glen/ 茉然云涧	Classic Milk Tea	8.24	1	1
1361983	i_27431293089	Grape Yogurt with Coconut Pudding/葡萄波波酸奶	Flavored Yogurt	6.83	1	1
1361983	i_27431293090	Mango Yogurt with Crystal Boba/芒果波波酸奶	Flavored Yogurt	6.47	1	1
1361983	i_27431293091	Oreo Yogurt with Coconut Pudding/奥利奥波波酸奶	Flavored Yogurt	6.83	1	1
1361983	i_27431293092	Pineapple Yogurt with Crystal Boba/凤梨波波酸奶	Flavored Yogurt	6.47	1	1
1361983	i_27431293093	Strawberry Yogurt with Crystal Boba/草莓波波酸奶	Flavored Yogurt	6.47	1	1
1361983	i_27443378444	Bruised Lemon Black Tea/暴打柠檬茶	New Arrivals	7.06	1	1
1361983	i_27443378445	Choco-Oat Latte/巧克力燕麦拿铁	New Arrivals	6.59	1	1
1361983	i_27443378446	Passionfruit Green Tea Blast/百香果双响炮	New Arrivals	8.83	1	1
1361983	i_27151001902	Fruit Combo Green Tea/招牌水果茶	Fresh Fruit Tea	7.06	1	1
1361983	i_27151001903	Grapefruit Green Tea/红柚连连	Fresh Fruit Tea	7.06	1	1
1361983	i_27151001904	Kumquat Meet Lemon/青桔香柠	Fresh Fruit Tea	5.88	1	0
1361983	i_27151001905	Passion Fruit with Lemon/百香果金橘	Fresh Fruit Tea	5.88	1	1
1361983	i_27151001906	Peach Green Tea with Rose Flower and Lemon/蜜桃玫玫茶	Fresh Fruit Tea	7.06	1	1
1361983	i_27151001907	Pineapple Orange Green Tea/青田风波橙	Fresh Fruit Tea	6.54	1	1
1361983	i_27151001908	Orange Green Tea/橙意满满	Fresh Fruit Tea	7.06	1	1
1361983	i_27151001909	Pineapple Meets Lemon/嘿凤柠	Fresh Fruit Tea	6.54	1	1
1361983	i_27151001910	Bucket Fruit Combo Green Tea/手挽桶招牌水果茶	Fresh Fruit Tea	11.78	1	1
1361983	i_27151001911	Bucket Peach Green Tea with Rose Flower and Lemon/手挽桶蜜桃玫玫茶	Fresh Fruit Tea	11.78	1	1
1361983	i_27151001912	Bucket Orange Green Tea/手挽桶橙意满满	Fresh Fruit Tea	11.78	1	1
1361983	i_27151001913	Bucket Passion Fruit with Lemon/手挽桶百香果金橘	Fresh Fruit Tea	10.60	1	0
1361983	i_27463710070	Grapefruit Green Tea with Passion Fruit/柚见百香	Fresh Fruit Tea	7.89	1	1
1361983	i_27463710071	Green Grape Jasmine Shake	Fresh Fruit Tea	7.06	1	1
1361983	i_27463710072	Wintermelon Green Tea/冬瓜茶	Fresh Fruit Tea	6.71	1	1
1361983	i_27151001954	Lychee with Mango and Strawberry Jelly/荔久迷心	Special Drink	6.66	1	0
1361983	i_27151001955	Pinky Lychee Green Tea with Cheese Top/芝芝欣怡粉荔	Special Drink	7.37	1	0
1361983	i_27443456079	Flamingo/火烈鸟	Special Drink	6.66	1	1
1361983	i_27443456080	Mango Pomelo Sago/杨枝甘露	Special Drink	10.60	1	1
1361983	i_27151001914	Black Tea Latte with Brown Sugar Cheese Top/胡渣渣鲜奶茶	Tea Latte	6.12	1	1
1361983	i_27151001915	Black Tea Latte with Taro and Boba/厚芋泥波波鲜奶茶	Tea Latte	6.59	1	1
1361983	i_27151001916	Ceylon Black Tea Latte/正山小种鲜奶茶	Tea Latte	5.65	1	1
1361983	i_27151001917	Jasmine Green Tea Latte/茉香鲜奶绿	Tea Latte	5.65	1	1
1361983	i_27151001918	Kyoto Matcha Latte/京都时雨	Tea Latte	6.54	1	1
1361983	i_27151001919	Roasted Mountain Oolong Tea Latte/武夷水仙鲜奶茶	Tea Latte	5.65	1	1
1361983	i_27151001921	White Peach Oolong Tea Latte with Boba/白桃乌龙波波鲜奶	Tea Latte	6.59	1	1
1361983	i_27151001922	OW No Boba Version White Peach Oolong Tea Latte/白桃乌龙无波鲜奶茶	Tea Latte	5.65	1	1
1361983	i_27463710073	Black Tea Latte with Honey Red Bean & Mochi/红豆麻薯鲜奶茶	Tea Latte	8.24	1	1
1361983	i_27463710075	Chocolate Latte	Tea Latte	5.65	1	1
1361983	i_27463710076	Coconut Milk with Purple Sticky Rice & Mochi/生椰麻薯血糯米	Tea Latte	8.24	1	1
1361983	i_27463710077	Earl Gray Milk Tea with Mochi & Herb Jelly/格雷麻薯烧仙草	Tea Latte	8.24	1	1
1361983	i_27463710078	London Fog Tea Latte/伯爵鲜奶茶	Tea Latte	5.65	1	1
1361983	i_27463710079	Matcha Latte with Taro & Mochi/雪芋极光	Tea Latte	8.24	1	1
1361983	i_27151001923	Ceylon Black Tea with Cheese Top/芝士 正山小种	Tea with Cheese Top	6.12	1	1
1361983	i_27151001924	Jasmine Pekoe GreenTea with Cheese Top/芝士茉莉青茗	Tea with Cheese Top	6.12	1	1
1361983	i_27151001925	Matcha with Cheese Top/芝士京都抹茶	Tea with Cheese Top	6.12	1	1
1361983	i_27151001926	Peach Black Tea with Cheese Top /芝士蜜桃红茶	Tea with Cheese Top	6.12	1	1
1361983	i_27151001927	Roasted Mountain Oolong Tea with Cheese Top/芝士武夷水仙	Tea with Cheese Top	6.12	1	1
1361983	i_27151001928	Rose Tie Guanyin with Cheese Top/芝士玫瑰铁观音	Tea with Cheese Top	6.12	1	1
1361983	i_27151001929	White Peach Oolong Tea with Cheese Top/芝士白桃乌龙	Tea with Cheese Top	6.12	1	1
1361983	i_27151001930	Bucket Matcha with Cheese Top/手挽桶芝士京都抹茶	Tea with Cheese Top	12.02	1	1
1361983	i_27151001931	Mango Green Tea with Cheese Top/芝士芒果青茗	Fresh Fruit Tea with Cheese Top	7.37	1	1
1361983	i_27151001932	Peach Green Tea with Cheese Top/芝士蜜桃果漾	Fresh Fruit Tea with Cheese Top	7.37	1	1
1361983	i_27151001933	Strawberry Green Tea with Cheese Top/芝士草莓青茗	Fresh Fruit Tea with Cheese Top	7.37	1	1
1361983	i_27151001934	Raspberry Yakult Green Tea with Cheese Top/芝士红莓乳酪茶	Fresh Fruit Tea with Cheese Top	7.37	1	1
1361983	i_27463710124	Bucket Brown Sugar Bubble Milk Tea/手挽桶黑糖波波脏脏茶	Bucket Size Tea	12.68	1	1
1361983	i_27463710125	Bucket Brown Sugar Bubble Milk/手挽桶黑糖波波鲜奶	Bucket Size Tea	12.96	1	1
1361983	i_27463710126	Bucket Ceylon Black Tea/手挽桶正山小种	Bucket Size Tea	10.84	1	1
1361983	i_27463710128	Bucket Grapefruit Green Tea with Passion Fruit/手挽桶柚见百香	Bucket Size Tea	12.61	1	1
1361983	i_27463710129	Bucket Jasmine Pekoe Green Tea/手挽桶茉莉青茗	Bucket Size Tea	10.84	1	1
1361983	i_27463710133	Bucket Peach Black Tea/手挽桶蜜桃红茶	Bucket Size Tea	10.84	1	1
1361983	i_27463710135	Bucket Roasted Mountain Oolong Tea/手挽桶武夷水仙	Bucket Size Tea	10.84	1	1
1361983	i_27463710136	Bucket Rose Tie Guanyin Tea/手挽桶玫瑰铁观音	Bucket Size Tea	10.84	1	1
1361983	i_27463710140	Bucket White Peach Oolong Tea/手挽桶白桃乌龙	Bucket Size Tea	10.84	1	1
1361983	i_27151001935	Ceylon Black Tea/正山小种	Fresh Brewed Tea	4.94	1	1
1361983	i_27151001936	Jasmine Pekoe Green Tea/茉莉青茗	Fresh Brewed Tea	4.94	1	1
1361983	i_27151001937	Peach Black Tea/蜜桃红茶	Fresh Brewed Tea	4.94	1	1
1361983	i_27151001938	Roasted Mountain Oolong Tea/武夷水仙	Fresh Brewed Tea	4.94	1	1
1361983	i_27151001939	Rose Tie Guanyin Tea/玫瑰铁观音	Fresh Brewed Tea	4.94	1	1
1361983	i_27151001940	White Peach Oolong Tea/白桃乌龙	Fresh Brewed Tea	4.94	1	1
1361983	i_27151001947	Earl Grey Tea/伯爵红茶	Fresh Brewed Tea	4.94	1	1
1361983	i_27151001948	Brown Sugar Bubble Milk/黑糖波波鲜奶	Flavored Fresh Milk	7.06	1	1
1361983	i_27151001949	Mango Latte with Coconut Pudding/椰冻芒果脏脏奶	Flavored Fresh Milk	6.47	1	1
1361983	i_27151001950	Strawberry Latte with Coconut Pudding/椰冻草莓脏脏奶	Flavored Fresh Milk	6.47	1	1
1361983	i_27151001951	Taro Latte with Coconut Pudding/椰冻芋头脏脏奶	Flavored Fresh Milk	6.47	1	1
1361983	i_27151001956	VC Intensive Grape Yakult with Orange/VC多多葡萄橙	Flavored Yakult	6.59	1	1
1361983	i_27151001957	VC Intensive Passion Fruit Yakult with Lemon/VC多多百香柠檬	Flavored Yakult	6.59	1	1
1361983	i_27151001958	Green Tea Yakult/多多绿茶	Flavored Yakult	5.01	1	1
1361983	i_27151001959	Okinawa Pineapple Yakult/冲绳凤梨多多	Flavored Yakult	5.01	1	1
1361983	i_27151001960	Peach Yakult/蜜桃多多	Flavored Yakult	5.01	1	1
1361983	i_27151001961	Strawberry Yakult/草莓多多	Flavored Yakult	5.01	1	1
1361983	i_27463710122	Sakura Lychee Yakult/樱花荔枝多多	Flavored Yakult	6.59	1	1
1361983	i_27151001962	Signature Milk Tea with Panna Cotta/招牌奶茶酪酪	Panna Cotta	7.06	1	1
1361983	i_27151001963	Strawberry Milk with Panna Cotta/草莓酪酪	Panna Cotta	7.06	1	0
1414475	i_390280765	62. Chicken with Chongqing Chili Sauce	Chicken	18.95	1	0
1414475	i_390280726	11. Crab Rangoon (8)	Appetizer	8.99	1	0
1414475	i_390280890	C2. Sesame Chicken	American Chinese Cuisine	14.95	1	0
1414475	i_390280889	C1. General Tso's Chicken	American Chinese Cuisine	14.95	1	0
1414475	i_390280725	10. Vegetable Spring Roll (2)	Appetizer	6.95	1	0
1414475	i_390280888	54. Spicy Sichuan Chicken	Spicy Sichuan Peppercorn	18.99	1	0
1414475	i_390280738	40. Fried Rice	Fried Rice and Noodle	13.95	1	1
1414475	i_9735144951	White Rice	Appetizer	2.50	1	0
1414475	i_390280745	44. Fried Lo Mein	Fried Rice and Noodle	14.95	1	1
1414475	i_390280739	41. Yangzhou Fried Rice	Fried Rice and Noodle	14.95	1	0
1414475	i_390280740	42. Seafood Noodle	Fried Rice and Noodle	15.95	1	1
1414475	i_390280747	45. Rice Noodle	Fried Rice and Noodle	15.95	1	1
1414475	i_390280746	44. Mei Fun	Fried Rice and Noodle	14.95	1	1
1414475	i_390280750	47. Chengdu Style Fried Rice	Fried Rice and Noodle	14.95	1	0
1414475	i_390280748	46. Fried Udon	Fried Rice and Noodle	14.95	1	1
1414475	i_390280751	30. Noodle in House Spicy Beef Tender	Noodle Soup	16.95	1	0
1414475	i_390280755	34. Seafood Wonton Noodle Soup	Noodle Soup	16.95	1	0
1414475	i_390280754	33. Noodle in Seafood Soup	Noodle Soup	16.95	1	0
1414475	i_390280753	32. Pickled Cabbage Noodles with Shredded Meat	Noodle Soup	16.95	1	0
1414475	i_390280752	31. Noodle with Stewed Beef in Soybean Sauce	Noodle Soup	16.95	1	0
1414475	i_390280759	36. Pork Rib Soup	Noodle Soup	16.95	1	1
1414475	i_390280758	36. Duck Soup	Noodle Soup	16.95	1	1
1414475	i_390280757	36. Chicken Soup	Noodle Soup	16.95	1	1
1414475	i_390280756	35. Seafood Soup	Noodle Soup	16.95	1	1
1414475	i_390280762	36. Vegetable Soup	Noodle Soup	14.95	1	1
1414475	i_390280761	36. Oxtail Soup	Noodle Soup	17.95	1	1
1414475	i_390280760	36. Tenderloin Soup	Noodle Soup	16.95	1	1
1414475	i_390280771	68. Dry-Braised Chicken in Hot Pot	Chicken	17.95	1	0
1414475	i_390280770	67. Pepper Fried with Chicken	Chicken	18.95	1	0
1414475	i_390280769	66. Chicken with Three Spices	Chicken	18.95	1	0
1414475	i_390280768	65. Chicken in Special Garlic Sauce	Chicken	18.95	1	0
1414475	i_390280772	69. Braised Chicken with Potato & Green Pepper	Chicken	23.95	1	0
1414475	i_390280767	64. Spicy and Sour Chicken	Chicken	18.95	1	0
1414475	i_390280766	63. Kung Pao Chicken	Chicken	18.95	1	0
1414475	i_390280775	82. Black Pepper Beef	Beef & Lamb	20.95	1	0
1414475	i_390280774	81. Cumin Flavored Lamb with Chili Sauce	Beef & Lamb	20.95	1	0
1414475	i_390280773	80. Cumin Flavored Beef with Chili Sauce	Beef & Lamb	20.95	1	0
1414475	i_390280779	85. Dry Braised Beef with Spicy Sauce in Hot Pot	Beef & Lamb	20.95	1	0
1414475	i_390280777	84. Enoki Mushroom with Lamb	Beef & Lamb	20.95	1	0
1414475	i_390280776	83. Poached Sliced Beef in Hot Chili Sauce	Beef & Lamb	20.95	1	0
1414475	i_390280783	89. Shredded Beef with Red Chili	Beef & Lamb	20.95	1	0
1414475	i_390280782	88. Stir-Fried Style Lamb	Beef & Lamb	20.95	1	0
1414475	i_390280781	87. Sliced Beef with Scallion	Beef & Lamb	20.95	1	0
1414475	i_390280780	86. Bitter Melon with Beef	Beef & Lamb	20.95	1	0
1414475	i_390280786	92. Stir-Fried Shredded Beef	Beef & Lamb	20.95	1	0
1414475	i_390280785	91. Special Clay Pot with Mixed Mushrooms and Beef	Beef & Lamb	20.95	1	0
1414475	i_390280784	90. Fatty Beef with Sour Soup	Beef & Lamb	20.95	1	0
1414475	i_390280789	94. Dry Braised Hot Pot Style with Sliced Lamb	Beef & Lamb	20.95	1	0
1414475	i_390280788	93. Lamb Stew in Brown Sauce	Beef & Lamb	24.95	1	0
1414475	i_390280715	3. Spicy Beef	Appetizer	15.99	1	0
1414475	i_390280714	2. Steamed White Meat Chicken with Chili Sauce	Appetizer	14.99	1	0
1414475	i_390280713	1. Ox Tongue and Tripe with Chili Sauce	Appetizer	16.99	1	0
1414475	i_390280719	4. Sichuan Munbean Noodle	Appetizer	11.95	1	0
1414475	i_390280723	8. Fried Pork Dumplings (6)	Appetizer	9.99	1	0
1414475	i_390280721	7. Tofu with Spring Onion	Appetizer	9.99	1	0
1414475	i_390280727	12. Edamame	Appetizer	8.99	1	0
1414475	i_390280724	9. Gyoza (10)	Appetizer	9.99	1	0
1414475	i_390280728	13. Squash Cake	Appetizer	9.99	1	0
1414475	i_390280731	22. Chicken & Corn Soup	Soup	17.95	1	0
1414475	i_390280730	21. Seafood Spicy & Sour Soup	Soup	17.95	1	0
1414475	i_390280729	20. West Lake Beef Chowder	Soup	17.95	1	0
1414475	i_390280735	26. Pickled Fish Fillet Soup	Soup	21.95	1	0
1414475	i_390280734	25. Pickled Shredded Meat Soup	Soup	16.95	1	0
1414475	i_390280732	23. Rice Balls in Rice Wine Soup	Soup	16.95	1	0
1414475	i_390280737	28. Seasonal Vegetable with Chicken Broth Soup	Soup	18.95	1	1
1414475	i_390280736	27. Oxtail Soup	Soup	22.99	1	0
1414475	i_390280851	181. Old Duck Clay Pot	Clay Pot Special	20.95	1	0
1414475	i_390280850	180. Oxtail Clay Pot	Clay Pot Special	21.95	1	0
1414475	i_390280853	183. Beef Brisket Clay Pot	Clay Pot Special	20.95	1	0
1414475	i_390280856	187. Pork Rib Clay Pot	Clay Pot Special	19.95	1	0
1414475	i_390280859	S03. Beijing Roast Duck	Chef's Special	25.95	1	0
1414475	i_390280858	S02. Pickled Chinese Cabbage with Pork and Tofu	Chef's Special	18.95	1	0
1414475	i_390280857	S01. Spicy Braised Pig	Chef's Special	19.95	1	0
1414475	i_390280861	S05. Duck with Beer Sauce	Chef's Special	19.95	1	0
1414475	i_390280860	S04. Dry-Braised Bull Frog	Chef's Special	22.95	1	0
1414475	i_390280864	S07. Spicy Pork Kidney	Chef's Special	18.95	1	0
1414475	i_390280875	S11. Roasted Tofu in Chef Special Sauce	Chef's Special	17.95	1	0
1414475	i_390280873	S10. Fatty Beef with Pickled Cabbage Soup	Chef's Special	20.95	1	0
1414475	i_390280879	S15. Black Bean Whole Fish	Chef's Special	42.95	1	0
1414475	i_390280877	S13. Salt & Pepper Squid	Chef's Special	20.95	1	0
1414475	i_390280876	S12. Shredded Pork with Pickled Cabbage	Chef's Special	18.95	1	0
1414475	i_390280881	S16. Green Flower Pepper Fish	Chef's Special	42.95	1	0
1414475	i_390280791	101. House Special Garlic Ribs	Pork	23.99	1	0
1414475	i_390280790	100. Farm Style Stir-Fried Pork	Pork	18.95	1	0
1414475	i_390280795	104. Pork with Preserved Vegetable	Pork	18.95	1	0
1414475	i_390280799	107. Sweet & Sour Pork Kidney	Pork	18.95	1	0
1414475	i_390280797	106. Home Style String Bean and Pork Ribs	Pork	18.95	1	0
1414475	i_390280796	105. Shredded Pork with Garlic Sauce	Pork	18.95	1	0
1414475	i_390280803	111. Dry-Braised Spare Ribs with Spicy Sauce in Hot Pot	Pork	18.95	1	0
1414475	i_390280802	109. Pork with Bean Sauce	Pork	18.95	1	0
1414475	i_390280800	108. Thin Pancake with Minced Pork	Pork	18.95	1	0
1414475	i_390280807	115. Pickled Chinese Cabbage with Pig's Intestines	Pork	18.95	1	0
1414475	i_390280806	114. Dry-Braised Pork Ribs with Bitter Melon	Pork	18.95	1	0
1414475	i_390280805	113. Ma Po Tofu	Pork	18.95	1	0
1414475	i_390280804	112. Dry-Braised Intestine with Spicy Sauce in Hot Pot	Pork	18.95	1	0
1414475	i_390280810	117. Pork Ribs with Chopped Pepper Sauce	Pork	19.95	1	0
1414475	i_390280809	116. Spicy Pork Knuckle	Pork	19.95	1	0
1414475	i_390280811	130. Salt and Pepper Shrimp	Seafood	21.99	1	0
1414475	i_390280812	131. Chef Special Fish Fillet	Seafood	19.99	1	0
1414475	i_390280819	136. Squid with Pickled Pepper	Seafood	19.99	1	0
1414475	i_390280818	135. Fish Fillet with Pickled Pepper	Seafood	19.99	1	0
1414475	i_390280822	139. Sliced Fish with Sweet and Vinegar	Seafood	19.99	1	0
1414475	i_390280821	138. Steamed Fish with Chopped Pepper Sauce	Seafood	19.95	1	0
1414475	i_390280820	137. Dry-Braised Fish with Spicy Sauce in Hot Pot	Seafood	19.99	1	0
1414475	i_390280825	142. Squid with King Oyster Mushroom Stew	Seafood	19.99	1	0
1414475	i_390280824	141. Poached Sliced Fish in Hot Chili Sauce	Seafood	20.99	1	0
1414475	i_390280827	151. Bitter Melon with Egg	Vegetarian	14.95	1	0
1414475	i_390280826	150. Cabbages and Wild Mushroom	Vegetarian	14.95	1	0
1414475	i_390280831	156. Pea Tip with Garlic Sauce	Vegetarian	15.95	1	0
1414475	i_390280829	153. Home Style Tofu	Vegetarian	14.95	1	0
1414475	i_390280828	152. Tofu with Black Mushroom	Vegetarian	14.95	1	0
1414475	i_390280835	160. Eggplant in Special Garlic Sauce	Vegetarian	14.95	1	0
1414475	i_390280843	166. Shredded Potatoes with Spicy & Sour Sauce	Vegetarian	14.95	1	0
1414475	i_390280842	165. Japanese Tofu in Soybean Sauce	Vegetarian	15.95	1	0
1414475	i_390280841	163. Spicy String Bean	Vegetarian	14.95	1	0
1414475	i_390280840	162. Spicy Lotus Root	Vegetarian	14.95	1	0
1414475	i_390280847	173. Crab Soy Sauce	House Specials	17.95	1	0
1414475	i_390280845	171. Pork, Blood, Beef Stomach & Soybean Sprout Stew	House Specials	24.99	1	0
1414475	i_390280844	170. Pepper Braised Chicken Wings	House Specials	18.99	1	0
1414475	i_390280848	174. Shredded Squash with Crab Yolk	House Specials	16.95	1	0
1414475	i_390280887	53. Spicy Sichuan Squid	Spicy Sichuan Peppercorn	19.99	1	0
1414475	i_390280886	52. Spicy Sichuan Shrimp	Spicy Sichuan Peppercorn	21.99	1	0
1414475	i_390280885	51. Spicy Sichuan Beef	Spicy Sichuan Peppercorn	19.99	1	0
1414475	i_390280884	50. Spicy Sichuan Fish	Spicy Sichuan Peppercorn	20.99	1	0
1414475	i_390280899	C9. Beef with Broccoli	American Chinese Cuisine	14.95	1	0
1414475	i_390280897	C8. Chicken in Special Garlic Sauce	American Chinese Cuisine	14.95	1	0
1414475	i_390280896	C7. Sichuan Chicken	American Chinese Cuisine	14.95	1	0
1414475	i_390280903	C13. Cashew Nut Chicken	American Chinese Cuisine	14.95	1	0
1414475	i_390280902	C12. Shrimp with Mixed Vegetables	American Chinese Cuisine	14.95	1	0
1414475	i_390280901	C11. Shrimp with Broccoli	American Chinese Cuisine	14.95	1	0
1414475	i_390280900	C10. Beef with Mixed Vegetables	American Chinese Cuisine	14.95	1	0
1414475	i_390280906	C16. Beef with Green Pepper	American Chinese Cuisine	14.95	1	0
1414475	i_390280905	C15. Seafood Delight	American Chinese Cuisine	14.95	1	0
1414475	i_390280904	C14. Mongolian Beef	American Chinese Cuisine	14.95	1	0
1414475	i_390280891	C3. Orange Chicken	American Chinese Cuisine	14.95	1	0
1414475	i_390280895	C6. Kung Pao Chicken	American Chinese Cuisine	14.95	1	0
1414475	i_390280894	C5. Chicken with Broccoli	American Chinese Cuisine	14.95	1	0
1414475	i_390280892	C4. Sweet & Sour Chicken	American Chinese Cuisine	14.95	1	0
1414475	i_30820204357	Jasmine Flavor Green Tea	Drinks	4.50	1	0
1414475	i_30846330341	Lemon Black Tea	Drinks	4.50	1	0
1414475	i_30817652608	Chinese Plum Juice	Drinks	4.50	1	0
1414475	i_30822026445	Honey Pomelo Drink	Drinks	4.50	1	0
1414475	i_30817652609	Can Coke	Drinks	2.75	1	0
1414475	i_30822026447	Can Diet Coke	Drinks	2.75	1	0
1414475	i_30820204360	Can Sprite	Drinks	2.75	1	0
1414475	i_30846330346	Can Mt Dew	Drinks	2.75	1	0
1414475	i_30822026448	Can Lemon Brisk	Drinks	2.75	1	0
1414475	i_30822026450	Swiss Cake Roll	Drinks	7.99	1	0
1414475	i_24796022779	Soft Drink	Drinks	2.74	1	1
1414475	i_24796022783	Shake	Blended Treats	5.36	1	1
1464896	i_12189529127	Honey Garlic Chicken wings 10pcs	Korean fried chicken	24.99	0	0
1464896	i_37298369875	Golden cheese chicken wings	Korean fried chicken	19.99	0	0
1464896	i_437244121	Bibimbap	Rice	15.99	0	0
1464896	i_437244160	Rice	Extra	2.50	0	0
1464896	i_12189152511	Original Fried Chicken wings 10pcs	Korean fried chicken	19.99	0	0
1464896	i_437244161	Japchae Noodle	Noodle	20.99	0	0
1464896	i_12189704931	Spicy Curry Chicken wings 10pcs	Korean fried chicken	22.99	0	0
1464896	i_437244127	Soon Doo Boo Jjigae - Vegetable	Soup	14.99	0	0
1464896	i_437244120	Boo Dae Ji Gae	Soup	19.99	0	0
1464896	i_437244119	Soon Doo Boo Jjigae - Kimchi	Soup	16.99	0	0
1464896	i_437244118	Soon Doo Boo Jjigae - Seafood	Soup	16.99	0	0
1464896	i_437244116	Soon Doo Boo Jjigae - Pork	Soup	16.99	0	0
1464896	i_437244137	Soon Doo Boo Jjigae - Beef	Soup	16.99	0	0
1464896	i_437244130	Dan Jang Ji Gae	Soup	16.99	0	1
1464896	i_437244158	Kimchi Ji Gae	Soup	16.99	0	0
1464896	i_437244150	Bul Go Ki Chicken	Grill	22.99	0	0
1464896	i_437244144	Chicken Teriyaki	Grill	22.99	0	0
1464896	i_437244166	Edamame	Appetizers	9.99	0	0
1464896	i_437244125	Spring Rolls	Appetizers	10.99	0	0
1464896	i_437244142	Homemade Kimchi Mandoo	Appetizers	11.99	0	1
1464896	i_437244132	Yaki Mandu	Appetizers	11.99	0	1
1464896	i_437244152	Gim Mari	Appetizers	10.99	0	0
1464896	i_437244145	Eggroll	Appetizers	11.99	0	0
1464896	i_437244163	Milkis Banana	Beverage	3.99	0	0
1464896	i_437244124	Pepsi	Beverage	2.99	0	0
1464896	i_437244123	Diet Coke	Beverage	2.99	0	0
1464896	i_437244136	Coca-cola	Beverage	2.99	0	0
1464896	i_437244135	Milkis	Beverage	3.50	0	0
1464896	i_437244128	Crunch Crunch Pear	Beverage	3.50	0	0
1464896	i_437244156	Sprite	Beverage	2.99	0	0
1464896	i_437244147	Mountain Dew	Beverage	2.99	0	0
1464896	i_437244155	Man Doo Gook	Rice Cake Soup	16.99	0	0
1464896	i_12189046170	Red hot Spicy Chicken wings 10pcs	Korean fried chicken	21.99	0	0
1464896	i_12467788106	Korean level spicy chicken wings(chungyang pepper) 10pcs	Korean fried chicken	17.99	0	0
1464896	i_12967446646	Snow white onion chicken wings 10pc	Korean fried chicken	24.99	0	0
1464896	i_26747433491	Sweet sour fried chicken wings- Ganfengi	Korean fried chicken	19.99	0	0
1713028	i_43003162542	Vegan Drumstix (Gluten Free)	Starters	4.00	0	1
1713028	i_43003162541	Plant Based Cheese Curds	Starters	8.00	0	1
1713028	i_43003162626	Milkshake	Dessert	8.99	0	1
1713028	i_43003162569	Just Veggiez Chicken Sandwich	Sandwiches & Wraps	13.99	0	1
1713028	i_43003162609	Add Dipping Sauce	Extra Sauces & Dressings	1.00	0	1
1713028	i_43003162547	Mexican Grilled Corn	Starters	5.00	0	0
1713028	i_43003162543	Sweet Potato Fries w/ Roasted Red Pepper Sauce	Starters	6.99	0	0
1713028	i_43003162564	Plant-Based Shrimp Po Boy Sandwich	Sandwiches & Wraps	14.99	0	1
1713028	i_43003162629	House-Made ShortCake	Dessert	7.00	0	1
1713028	i_43003162575	Plant-Based BBQ Sandwich	Sandwiches & Wraps	11.99	0	1
1713028	i_43003162544	JustVeggiez Pizza Puff	Starters	8.00	0	0
1713028	i_43003162545	Justveggiez Chili Dog	Starters	8.00	0	1
1713028	i_43003162546	Bowl of Chili (GF)	Starters	4.50	0	1
1713028	i_43003162548	Kane's Chicken Fingers	Starters	12.99	0	0
1713028	i_43003162549	CHICAGO 2PCS MILD CHICKEN MEAL	Starters	13.99	0	0
1713028	i_43003162550	Just Veggiez 2PC Fried Chicken	Starters	16.99	0	1
1713028	i_43003162551	Philly Egg Roll	Starters	5.00	0	0
1713028	i_43003162553	Monthly Shakes	Starters	7.99	0	1
1713028	i_43003162554	Grab & Go Dressings	Starters	8.00	0	1
1713028	i_43003162555	Acai Bowls	Starters	12.99	0	1
1713028	i_43003162557	Philly Fries	Starters	12.00	0	0
1713028	i_43003162558	Gyro Fries	Starters	12.00	0	0
1713028	i_43003162559	JustVeggiez Chicken Caesar Salad	Salads	12.99	0	0
1713028	i_43003162560	Greek Salad	Salads	12.99	0	0
1713028	i_43003162561	STRAWBERRY WALNUT SALAD	Salads	12.99	0	0
1713028	i_43003162562	Just Veggiez Salad	Salads	11.99	0	1
1713028	i_44513428185	TACO SALAD	Salads	12.99	0	1
1713028	i_43003162563	Vegan Reuben Sandwich	Sandwiches & Wraps	14.99	0	1
1713028	i_43003162565	JustVeggiez Famous Vegan Italian Sandwich	Sandwiches & Wraps	13.99	0	1
1713028	i_43003162566	JustVeggiez Famous Vegan Italian Combo Sandwich	Sandwiches & Wraps	15.99	0	1
1713028	i_43003162567	Justveggiez Parmesan Chicken Sandwich	Sandwiches & Wraps	13.99	0	1
1713028	i_43003162568	Carolina Reaper Chicken Sandwhich	Sandwiches & Wraps	13.99	0	1
1713028	i_43003162570	Korean BBQ Sandwich	Sandwiches & Wraps	13.99	0	1
1713028	i_43003162571	Just Veggiez Burger	Sandwiches & Wraps	14.99	0	1
1713028	i_43003162572	Mushroom Swiss Cheese Burger	Sandwiches & Wraps	14.99	0	1
1713028	i_43003162573	JustVeggiez Vegan Fish Sandwich	Sandwiches & Wraps	13.99	0	1
1713028	i_43003162574	Justveggiez Vegan Gyro Sandwich	Sandwiches & Wraps	12.99	0	1
1713028	i_43003162576	JustVeggiez Chicken Nuggets	Sandwiches & Wraps	12.99	0	1
1713028	i_43003162577	Crispy BBQ Tofu Wrap	Sandwiches & Wraps	13.99	0	1
1713028	i_43003162578	Vegan Chicken Wrap	Sandwiches & Wraps	13.99	0	1
1713028	i_43003162580	Sweet Chili Thai Chicken Wrap	Sandwiches & Wraps	13.99	0	1
1713028	i_43003162581	(GF)Collard Green Burrito	Sandwiches & Wraps	13.99	0	1
1713028	i_43003162582	Southwest Burger	Sandwiches & Wraps	14.99	0	1
1713028	i_43003162583	Buffalo Chicken Wrap	Sandwiches & Wraps	13.99	0	1
1713028	i_43003162585	Justveggiez Burger	Sandwiches & Wraps	14.99	0	1
1713028	i_43003162586	Eggstraordinary Burger	Sandwiches & Wraps	16.99	0	1
1713028	i_43003162588	JustVeggiez Smokehouse Burger	Sandwiches & Wraps	14.99	0	1
1713028	i_44401580877	Vegan Gyro Sandwich	Sandwiches & Wraps	12.99	0	1
1713028	i_44401559882	Justveggiez Vegan Chicken Sandwich	Sandwiches & Wraps	13.99	0	1
1713028	i_44527875420	Chipotle Chicken Wrap	Sandwiches & Wraps	13.99	0	1
1713028	i_44527904223	Portobello Marinated Wrap	Sandwiches & Wraps	13.99	0	1
1713028	i_43003162589	GLUTEN FREE CHICKEN QUESADILLA (GF)	Gluten Free	13.99	0	1
1713028	i_43003162590	GLUTEN FREE PORTOBELLO MUSHROOM SANDWICH	Gluten Free	13.99	0	1
1713028	i_43003162591	GLUTEN FREE PARMESAN CHICKEN SANDWICH (GF)	Gluten Free	13.99	0	1
1713028	i_44389770545	GLUTEN FREE CHICKEN SANDWICH(GF)	Gluten Free	13.99	0	1
1713028	i_43003162593	GLUTEN FREE JUSTVEGGIEZ CRABBY PATTY BURGER (GF)	Gluten Free	14.99	0	1
1713028	i_43003162594	GLUTEN FREE SOUTHWEST BURGER (GF)	Gluten Free	14.99	0	1
1713028	i_43003162595	GLUTEN FREE KOREAN BBQ CHICKEN SANDWICH (GF)	Gluten Free	13.99	0	1
1713028	i_43003162596	GLUTEN FREE CAROLINA REAPER CHICKEN SANDWICH(GF)	Gluten Free	13.99	0	1
1713028	i_43003162598	GLUTEN FREE COLLARD GREEN WRAP (GF)	Gluten Free	13.99	0	1
1713028	i_43003162600	GLUTEN FREE MUSHROOM SWISS BURGER (GF)	Gluten Free	14.99	0	1
1713028	i_43003162601	GLUTEN FREE JAMMIN' JERK CHICKEN SANDWICH (GF)	Gluten Free	13.99	0	1
1713028	i_43003162602	GLUTEN FREE CHICKEN NUGGETS (GF)	Gluten Free	12.99	0	1
1713028	i_44401555385	GLUTEN FREE EGGSTRAORDINARY BURGER (GF)	Gluten Free	16.99	0	1
1713028	i_43003162603	Fresh Cut French Fries	SIDES	4.99	0	1
1713028	i_43003162604	Cheesy Mac & Cheese	SIDES	4.99	0	0
1713028	i_43003162605	Roasted Potatoes (GF)	SIDES	4.99	0	0
1713028	i_43003162606	Potato Salad (GF)	SIDES	4.99	0	0
1713028	i_43003162607	Just Veggiez Quinoa Salad(GF)	SIDES	4.99	0	0
1713028	i_43003162608	JustVeggiez Collard Greens (GF)	SIDES	4.99	0	0
1713028	i_43003162610	Add Dressing	Extra Sauces & Dressings	0.75	0	1
1713028	i_43003162612	Just Veggiez Peppers Seitan	Dinner	15.99	0	0
1713028	i_43003162613	Veggiez Lasagna Rolls	Dinner	15.99	0	0
1713028	i_43003162614	The Power Bowl	Dinner	15.99	0	1
1713028	i_43003162615	Teriyaki Bowl	Dinner	15.99	0	0
1713028	i_43003162616	Tacos	Dinner	5.25	0	1
1713028	i_43003162620	Veggiez Lo Mein	Dinner	15.99	0	0
1713028	i_43003162621	Just Beyond Chicken Pasta Dish	Dinner	15.99	0	0
1713028	i_43003162622	JustVeggiez Burrito	Dinner	14.00	0	1
1713028	i_43003162623	Vegan Orange Chicken	Dinner	15.99	0	0
1713028	i_43003162624	PROTEIN BOWL	Dinner	15.99	0	1
1713028	i_43003162625	3 pack cookies	Dessert	5.99	0	1
1713028	i_43003162627	Ice Cream GF/SF	Dessert	4.99	0	1
1713028	i_43003162630	The Loaded Brownie	Dessert	9.00	0	0
1713028	i_43003162631	Brownie Sundae	Dessert	9.00	0	0
1713028	i_44513610141	BANANA BASH	Dessert	7.00	0	0
1713028	i_43003162633	Bottle Water	Drinks	1.50	0	0
1713028	i_43003162634	San Pellegrino 500ml	Drinks	3.00	0	0
1713028	i_43003162635	Boylan Bottling Company Soda	Drinks	4.99	0	1
1713028	i_43003162636	Tractor Beverage	Drinks	4.20	0	1
1713028	i_43003162637	Organic Herbal Tea	Drinks	3.99	0	0
1713028	i_43003162638	Kids Cheese Quesadilla	Kids Menu	7.00	0	1
1713028	i_43003162639	Kids Plant-based Chicken Nuggets	Kids Menu	7.00	0	1
1713028	i_43003162640	Kids Hotdog	Kids Menu	7.00	0	1
1713028	i_43003162641	Kids Juice	Kids Menu	1.00	0	1
1713028	i_43003162642	Kids Burger with Pickles on a Bun (GF option)	Kids Menu	7.00	0	1
1775734	i_598760150	Regular Poke Bowl	Poke Bowl	15.70	1	1
1775734	i_598760159	Large Poke Bowl	Poke Bowl	17.70	1	1
1775734	i_598760153	Small Poke Bowl	Poke Bowl	12.70	1	1
1775734	i_598760156	Burrito	Poke Burrito	15.70	1	1
1775734	i_598760140	Diet Coke	Drinks	2.50	1	0
1775734	i_9684956355	D-PLUS Baked Wheat Cake(Okinawa Brown Sugar)	Baked Wheat Cake	2.50	1	0
1775734	i_598760131	Coke	Drinks	2.50	1	0
1775734	i_598760141	Sp30. Tsukiji Burrito	Signature Burrito	14.99	1	0
1775734	i_598760162	Royal Milk Tea	Drinks	3.50	1	0
1775734	i_598760152	Sp36. Salmon Obsession Burrito	Signature Burrito	13.99	1	0
1775734	i_598760122	Sp32. Malibu Burrito	Signature Burrito	13.99	1	0
1775734	i_598760163	Sp31. Sesame Shrimp Burrito	Signature Burrito	13.99	1	0
1775734	i_598760147	Sp41. Power Burrito	Signature Burrito	13.99	1	0
1775734	i_598760154	Sp37. Fire Island Burrito	Signature Burrito	13.99	1	0
1775734	i_598760155	Sp34. Chicken Lover Burrito	Signature Burrito	13.99	1	0
1775734	i_598760158	Sp38. Savory Burrito	Signature Burrito	13.99	1	0
1775734	i_598760128	Sp33. Green River Burrito	Signature Burrito	13.99	1	0
1775734	i_598760129	Sp35. Poke It Up Burrito	Signature Burrito	14.99	1	0
1775734	i_598760130	Sp40. Shoyu Ahi Tuna Burrito	Signature Burrito	13.99	1	0
1775734	i_598760142	Sp39. Lava Burrito	Signature Burrito	13.99	1	0
1775734	i_598760133	Vegetable Poke Bowl	Poke Bowl	11.99	1	1
1775734	i_598760120	SP2. Snow Stone	House Creation	16.70	1	1
1775734	i_598760121	SP5. California Style	House Creation	15.70	1	1
1775734	i_598760123	SP11. Kuromon Bowl	House Creation	17.70	1	1
1775734	i_598760127	SP10. Lover Bowl	House Creation	17.70	1	1
1775734	i_812714726	SP16. Angry Baby	House Creation	15.70	1	0
1775734	i_812738671	SP14. Salmon Lover	House Creation	15.70	1	0
1775734	i_812737466	SP18.Hawaiian Summer	House Creation	15.70	1	0
1775734	i_812731710	SP17.Hawaii Veggie Bowl	House Creation	12.60	1	0
1775734	i_598760160	SP3. Hawaii Green	House Creation	15.70	1	1
1775734	i_812739623	SP20.Dragon	House Creation	16.00	1	0
1775734	i_598760145	SP7. Crunch Style	House Creation	15.70	1	1
1775734	i_598760146	SP9. Osaka Bowl	House Creation	17.70	1	1
1775734	i_598760148	SP4. Tropical Island	House Creation	15.70	1	1
1775734	i_598760157	SP12. Veggie Bowl	House Creation	12.50	1	1
1775734	i_598760132	SP15. Rain Bow	House Creation	15.70	1	1
1775734	i_598760135	SP8. Unagi Style	House Creation	16.70	1	1
1775734	i_598760137	SP1. Signature Ocean Feast	House Creation	19.20	1	1
1775734	i_598760139	SP6. Spicy Style	House Creation	15.70	1	1
1775734	i_7459350941	SP19. Salmon Obsession	House Creation	15.70	1	0
1775734	i_598760119	Plum Soda	Drinks	3.50	1	0
1775734	i_598760125	Pepsi	Drinks	2.50	1	0
1775734	i_598760161	Ramune Drink	Drinks	3.99	1	0
1775734	i_598760144	Sprite	Drinks	2.50	1	0
1775734	i_598760151	Orange Soda	Drinks	2.50	1	0
1775734	i_598760134	Green Tea	Drinks	3.99	1	0
1775734	i_598760136	Bottle Water	Drinks	1.50	1	0
1775734	i_598760138	Mountain Dew	Drinks	2.50	1	0
1775734	i_598760143	Yuzu Soda	Drinks	3.50	1	0
1775734	i_9702664126	D-PLUS Baked Wheat Cake(Red Bean Paste)	Baked Wheat Cake	2.50	1	0
22969246	i_44373886783	Philly Cheesesteak	Steak	12.00	0	1
22969246	i_44269990583	Italian Beef	Italian Beef	11.00	0	1
22969246	i_44269990590	12 oz can	Beverages	2.00	0	1
22969246	i_44269990594	Hand cut fries	Hand Cut Fries	4.75	0	0
22969246	i_44269990586	8 Wings	Wings	15.00	0	1
22969246	i_44373886789	Donfather	Italian Beef	14.00	0	1
22969246	i_44371662289	2 Cheese Philly	Steak	13.00	0	1
22969246	i_44373886792	Double D’s Smash burger	Burgers	8.00	0	0
22969246	i_44269990537	Extra Dipping Sauces	Extra Sauces / Condiments	0.75	0	1
22969246	i_44269990535	Homemade Au Jus	Extra Sauces / Condiments	1.00	0	0
22969246	i_44269990536	Cheese Sauce	Extra Sauces / Condiments	1.50	0	1
22969246	i_44269990538	Wing Sauces	Extra Sauces / Condiments	0.00	0	0
22969246	i_44269990542	Deep Fried Cheesecake	Dessert	8.00	0	1
22969246	i_44269990591	Bottle water	Beverages	1.50	0	0
22969246	i_44269990593	Red bull	Beverages	0.00	0	0
22969246	i_44367381187	Orange Juice	Beverages	3.50	0	0
22969246	i_44269990572	BYO Chopped Cheese	Other Sandwiches	11.00	0	1
22969246	i_44269990571	Stadium chopped cheese	Other Sandwiches	13.00	0	0
22969246	i_44269990574	Meatball sub	Other Sandwiches	10.00	0	1
22969246	i_44269990547	Grilled Cheese	Other Sandwiches	5.00	0	0
22969246	i_44371718213	2 Cheese Chicken Philly	Chicken	13.00	0	1
22969246	i_44371718215	Buffalo Chicken Sandwich	Chicken	11.00	0	1
22969246	i_44371718216	Chicken Bacon Ranch n cheese	Chicken	12.00	0	1
22969246	i_44371718217	Chicken Parmesan	Chicken	13.00	0	1
22969246	i_44371718219	Chicken Sandwich	Chicken	9.00	0	1
22969246	i_44371718218	Chicken philly	Chicken	11.00	0	1
22969246	i_44371718220	Hot N Sweet Chicken Philly	Chicken	13.00	0	1
22969246	i_44373886781	Hot N Sweet Philly Cheesesteak	Steak	13.00	0	1
22969246	i_44373886782	Miss Steak	Steak	13.00	0	0
22969246	i_44373886784	Pizza Steak sandwich	Steak	12.00	0	1
22969246	i_44373886785	Plain Steak sandwich (BYO)	Steak	11.00	0	1
22969246	i_44371662290	Philly Melt	Steak	12.00	0	1
22969246	i_44269990585	Beef N sausage combo	Italian Beef	15.00	0	1
22969246	i_44269990584	Italian Beef Melt	Italian Beef	11.00	0	1
22969246	i_44373886790	Burger Melt	Burgers	8.50	0	1
22969246	i_44373886793	Hamburger	Burgers	6.00	0	1
22969246	i_44373886791	Cheeseburger	Burgers	7.00	0	1
22969246	i_44322145217	Spicy Smash	Burgers	8.00	0	0
22969246	i_44269990556	Chicago Polish	Polish	7.00	0	0
22969246	i_44269990557	Maxwell Polish	Polish	7.00	0	0
22969246	i_44269990555	Plain Polish	Polish	6.00	0	0
22969246	i_44269990587	20 Wings	Wings	30.00	0	1
22969246	i_44269990588	30 Wings	Wings	45.00	0	1
22969246	i_44269990589	50 Wings	Wings	70.00	0	1
22969246	i_44269990516	Mac N Cheese	Mac N Cheese	5.00	0	0
22969246	i_44269990595	Large Fries	Hand Cut Fries	8.00	0	0
22969246	i_44269990549	Cheese fries	Hand Cut Fries	5.75	0	1
22969246	i_44371684544	Bacon cheese fries	Hand Cut Fries	6.50	0	0
22969246	i_44269990551	Jalapeño bacon cheese fries	Hand Cut Fries	7.00	0	0
22969246	i_44269990552	Chili fries	Hand Cut Fries	7.00	0	0
22969246	i_44269990553	Philly Cheese fries	Hand Cut Fries	8.00	0	1
22969246	i_44269990554	Stadium Fries	Hand Cut Fries	10.00	0	0
22969246	i_44372020919	Chili	Sides and Apps	5.00	0	0
22969246	i_44269990596	Cheese Curds	Sides and Apps	9.00	0	0
22969246	i_44269990597	Garlic bread cheese curds	Sides and Apps	9.00	0	0
22969246	i_44372020920	Sausage pizza puff	Sides and Apps	6.00	0	0
22969246	i_44269990601	Garlic Bread	Sides and Apps	3.00	0	0
22969246	i_44372020921	Giant Pretzel	Sides and Apps	20.00	0	0
22969246	i_44372020922	Onion Rings	Sides and Apps	8.00	0	0
22969246	i_44393595938	Whole Pickle	Sides and Apps	2.50	0	0
23120774	i_9743161817	Cheese Pizza Slice	Slices	6.00	0	0
23120774	i_9743161818	Pepperoni Slice	Slices	7.00	0	0
23120774	i_9743161819	Mac & Cheese Pizza Slice	Slices	8.00	0	0
23120774	i_9743161820	White (Bianca) Slice	Slices	8.00	0	0
23120774	i_9743161821	Lasagna Pizza Slice	Slices	8.00	0	0
23120774	i_9743161822	BBQ Chicken Slice	Slices	8.00	0	0
23120774	i_9743161823	Buffalo Chicken PIzza Slice	Slices	8.00	0	0
23120774	i_9743161824	Chicken, Bacon, Ranch Pizza Slice	Slices	8.00	0	0
23120774	i_9743161825	Meat Lovers Slice	Slices	8.00	0	0
23120774	i_9743161826	Signature Supreme Slice	Slices	8.00	0	0
23120774	i_9743161827	Hawaiian Pizza Slice	Slices	8.00	0	0
23120774	i_9743161828	Margarita Pizza Slice	Slices	8.00	0	0
23120774	i_9743161830	Tomatoes Spinach Ricotta Slice	Slices	8.00	0	0
23120774	i_9743161831	Vegetarian 4 Seasons Slice	Slices	8.00	0	0
23120774	i_9743161832	Stuffed Pizza Slice	Slices	8.00	0	0
23120774	i_9743161833	Sicilian Pepperoni Slice	Slices	8.00	0	0
23120774	i_9743161834	Sicilian (Deep Dish) Slice	Slices	8.00	0	0
23120774	i_35060797160	Panini -Ham and Cheese	Slices	11.00	0	0
23120774	i_35060797161	Panini- Turkey Bacon Tomatoes	Slices	11.00	0	0
23120774	i_9743177390	Bottle of Water	Beverages	4.00	0	0
23120774	i_9743177391	Gatorade	Beverages	5.00	0	0
23120774	i_9743177392	Can of Soda	Beverages	4.00	0	0
23120774	i_9743177394	2L Bottle Soda	Beverages	5.75	0	0
23120774	i_9743177395	Red Bull	Beverages	5.00	0	0
23120774	i_9743167935	Garlic Knots (6) Served with 4oz of Marinara Sauce	Appetizers	7.00	0	0
23120774	i_9743167936	Garlic Bread	Appetizers	7.00	0	0
23120774	i_9743167937	Garlic Bread w/ Mozzarella	Appetizers	8.00	0	0
23120774	i_9743167938	Garlic Bread w/ Pepperoni & Mozzarella	Appetizers	9.00	0	0
23120774	i_9743167939	Garlic Bread w/ Sliced Tomatoes & Mozzarella	Appetizers	9.00	0	0
23120774	i_9743167940	Homemade Marinara Sauce (16oz cup)	Appetizers	6.00	0	0
23120774	i_9743167941	Homemade Marinara Sauce (4oz cup)	Appetizers	3.00	0	0
23120774	i_9743167942	Ranch	Appetizers	2.85	0	0
23120774	i_9743164181	Chocolate Cake	Desserts	8.00	0	0
23120774	i_9743164182	Tiramisu	Desserts	8.00	0	0
23120774	i_9743164183	Carrot Cake	Desserts	8.00	0	0
23120774	i_9743164184	Cheese Cake	Desserts	8.00	0	0
23120774	i_34360110454	Bakllava	Desserts	7.00	0	0
23120774	i_34360110455	Tree Leches	Desserts	8.00	0	0
23120774	i_9743175793	Stromboli	Stromboli's & Calzones	14.00	0	0
23120774	i_9743175794	Veggiboli	Stromboli's & Calzones	14.00	0	0
23120774	i_9743175795	Calzone	Stromboli's & Calzones	14.00	0	0
23120774	i_9743175796	Meat Lovers Calzone	Stromboli's & Calzones	14.00	0	0
23120774	i_9743160218	Banana Peppers	Slice Toppings	3.00	0	0
23120774	i_9743160219	Black Olives	Slice Toppings	3.00	0	0
23120774	i_9743160220	Broccoli	Slice Toppings	3.00	0	0
23120774	i_9743160221	Fresh Tomatoes	Slice Toppings	3.00	0	0
23120774	i_9743160222	Green Olives	Slice Toppings	3.00	0	0
23120774	i_9743160223	Green Peppers	Slice Toppings	3.00	0	0
23120774	i_9743160224	Garlic	Slice Toppings	3.00	0	0
23120774	i_9743160225	Jalapenos	Slice Toppings	3.00	0	0
23120774	i_9743160226	Mushrooms	Slice Toppings	3.00	0	0
23120774	i_9743160227	Pepperoncini	Slice Toppings	3.00	0	0
23120774	i_9743160228	Pineapple	Slice Toppings	3.00	0	0
23120774	i_9743160229	Onions	Slice Toppings	3.00	0	0
23120774	i_9743160230	Spinach	Slice Toppings	3.00	0	0
23120774	i_9743160231	Bacon	Slice Toppings	3.00	0	0
23120774	i_9743160232	Grilled Chicken	Slice Toppings	3.00	0	0
23120774	i_9743160233	Ground Beef	Slice Toppings	3.00	0	0
23120774	i_9743160234	Ham	Slice Toppings	3.00	0	0
23120774	i_9743160235	Meatballs	Slice Toppings	3.00	0	0
23120774	i_9743160236	Pepperoni	Slice Toppings	3.00	0	0
23120774	i_9743160237	Sausage	Slice Toppings	3.00	0	0
23120774	i_9743160238	Cheddar	Slice Toppings	3.00	0	0
23120774	i_9743160239	Feta	Slice Toppings	3.00	0	0
23120774	i_9743160240	Mozzarella	Slice Toppings	3.00	0	0
23120774	i_9743160241	Parmesan	Slice Toppings	3.00	0	0
23120774	i_9743160242	Ricotta	Slice Toppings	3.00	0	0
23120774	i_9743170667	12" BBQ Chicken	Small Pizza 12"	17.00	0	0
23120774	i_9743170668	12" Buffalo Chicken PIzza	Small Pizza 12"	17.00	0	0
23120774	i_9743170669	12" Cheese Pizza	Small Pizza 12"	15.00	0	0
23120774	i_9743170670	12" Chicken, Bacon, Ranch Pizza	Small Pizza 12"	17.00	0	0
23120774	i_9743170671	12" Gluten Free/Cauliflower 12	Small Pizza 12"	15.00	0	0
23120774	i_9743170672	12" Hawaiian Pizza	Small Pizza 12"	16.00	0	0
23120774	i_9743170673	12" Lasagna Pizza	Small Pizza 12"	18.00	0	0
23120774	i_9743170674	12" Mac & Cheese Pizza	Small Pizza 12"	17.00	0	0
23120774	i_9743170675	12" Margarita Pizza	Small Pizza 12"	17.00	0	0
23120774	i_9743170676	12" Meat Lovers	Small Pizza 12"	17.00	0	0
23120774	i_9743170677	12" Pepperoni	Small Pizza 12"	17.00	0	0
23120774	i_9743170678	12" Signature Supreme	Small Pizza 12"	18.00	0	0
23120774	i_9743170679	12" Sofia Pizza	Small Pizza 12"	18.00	0	0
23120774	i_9743170680	12" Tomatoes Spinach Ricotta	Small Pizza 12"	18.00	0	0
23120774	i_9743170681	12" Vegetarian 4 Seasons	Small Pizza 12"	17.00	0	0
23120774	i_9743170682	12" White (Bianca)	Small Pizza 12"	17.00	0	0
23120774	i_9743170683	12" Build Your Own - Whole Pizza	Small Pizza 12"	15.00	0	0
23120774	i_9743170684	12" Build Your Own - 1/2 & 1/2	Small Pizza 12"	15.00	0	0
23120774	i_9743146245	16" BBQ Chicken	Large Pizza 16"	29.00	0	0
23120774	i_9743146246	16" Buffalo Chicken PIzza	Large Pizza 16"	29.00	0	0
23120774	i_9743146247	16" Cheese Pizza	Large Pizza 16"	21.00	0	0
23120774	i_9743146248	16" Chicken, Bacon, Ranch Pizza	Large Pizza 16"	29.00	0	0
23120774	i_9743146249	16" Hawaiian Pizza	Large Pizza 16"	27.00	0	0
23120774	i_9743146250	16" Lasagna Pizza	Large Pizza 16"	27.00	0	0
23120774	i_9743146251	16" Mac & Cheese Pizza	Large Pizza 16"	27.00	0	0
23120774	i_9743146252	16" Margarita Pizza	Large Pizza 16"	27.00	0	0
23120774	i_9743146253	16" Meat Lovers	Large Pizza 16"	29.00	0	0
23120774	i_9743146254	16" Pepperoni	Large Pizza 16"	24.00	0	0
23120774	i_9743146255	16" Sicilian (Deep Dish)	Large Pizza 16"	24.00	0	0
23120774	i_9743146256	16" Sicilian Meat Lovers	Large Pizza 16"	29.00	0	0
23120774	i_9743146257	16" Sicilian Supreme	Large Pizza 16"	29.00	0	0
23120774	i_9743146258	16" Signature Supreme	Large Pizza 16"	28.00	0	0
23120774	i_9743146259	16" Sofia Pizza	Large Pizza 16"	27.00	0	0
23120774	i_9743146260	16" Stuffed Pizza	Large Pizza 16"	30.00	0	0
23120774	i_9743146261	16" Tomatoes Spinach Ricotta	Large Pizza 16"	28.00	0	0
23120774	i_9743146262	16" Vegetarian 4 Seasons	Large Pizza 16"	26.00	0	0
23120774	i_9743146263	16" White (Bianca)	Large Pizza 16"	26.00	0	0
23120774	i_9743146264	16" Build Your Own - Whole Pizza	Large Pizza 16"	19.00	0	0
23120774	i_9743146265	16" Build Your Own - 1/2 & 1/2	Large Pizza 16"	19.00	0	1
23235357	i_38789555942	Pure Green Smoothie	SMOOTHIES	14.07	1	0
23235357	i_38789555958	Mixed Berry Acai Bowl	ACAI & PITAYA BOWLS	15.32	1	0
23235357	i_38789555951	Chocolate Hazelnut Bowl	ACAI & PITAYA BOWLS	18.75	1	0
23235357	i_38789555960	Pure Protein Acai Bowl	ACAI & PITAYA BOWLS	18.75	1	0
23235357	i_38789555953	Create Your Own Acai Bowl	ACAI & PITAYA BOWLS	15.32	1	0
23235357	i_38789555945	Blue Banana Smoothie	SMOOTHIES	15.32	1	0
23235357	i_38779311140	Chocolate PB Smoothie	SMOOTHIES	15.02	1	0
23235357	i_38789555943	Tropical Breeze Smoothie	SMOOTHIES	13.44	1	0
23235357	i_38789555962	Honey Magic Steel-Cut Oatmeal	OATMEAL BOWLS	11.25	1	0
23235357	i_38779311142	PB&J Smoothie	SMOOTHIES	14.08	1	0
23235357	i_38789555934	Pure Pina Colada Smoothie	SMOOTHIES	12.50	1	0
23235357	i_38789555935	Blue Royale Smoothie	SMOOTHIES	13.44	1	0
23235357	i_38789555936	Skinny Coco Smoothie	SMOOTHIES	12.82	1	0
23235357	i_38789555937	Pure Power Smoothie	SMOOTHIES	14.07	1	0
23235357	i_38789555938	Pure Berry Smoothie	SMOOTHIES	13.44	1	0
23235357	i_38789555939	Banana Nut Smoothie	SMOOTHIES	13.44	1	0
23235357	i_38789555940	Create Your Own Smoothie	SMOOTHIES	14.99	1	0
23235357	i_38789555941	Purple Haze Smoothie	SMOOTHIES	12.82	1	0
23235357	i_38789555944	Chocolate Mousse Smoothie	SMOOTHIES	15.32	1	0
23235357	i_38789555946	Pink Dragon Smoothie	SMOOTHIES	14.07	1	0
23235357	i_38789555949	Mocha Cold Brew Smoothie	SMOOTHIES	13.44	1	0
23235357	i_38779311141	PB & Whey Smoothie	SMOOTHIES	12.51	1	0
23235357	i_44308077447	Coconut Cherry Cloud Smoothie	SMOOTHIES	18.75	1	0
23235357	i_44466474984	Citrus Energy Refresher	SMOOTHIES	15.32	1	0
23235357	i_44466474985	Skin Glow Refresher	SMOOTHIES	15.32	1	0
23235357	i_44466474986	Pure Hydration Refresher	SMOOTHIES	15.32	1	0
23235357	i_44334560918	PB Power Blend Smoothie	SMOOTHIES	15.32	1	0
23235357	i_38789555952	Pure Health Acai Bowl	ACAI & PITAYA BOWLS	14.07	1	0
23235357	i_38789555954	Collagen Berry Bowl	ACAI & PITAYA BOWLS	18.75	1	0
23235357	i_38789555955	Pure Pitaya Bowl	ACAI & PITAYA BOWLS	15.32	1	0
23235357	i_38789555956	Pure Green Acai Bowl	ACAI & PITAYA BOWLS	15.32	1	0
23235357	i_38789555957	Almond Butter & Hemp Acai Bowl	ACAI & PITAYA BOWLS	15.32	1	0
23235357	i_38789555959	Coconut Chia Acai Bowl	ACAI & PITAYA BOWLS	15.32	1	0
23235357	i_44334560919	PB Performance Bowl	ACAI & PITAYA BOWLS	18.75	1	0
23235357	i_38789555961	Berry Wake-Up Steel-Cut Oatmeal	OATMEAL BOWLS	11.25	1	0
23235357	i_38789555963	Chi Chi Chia Steel-Cut Oatmeal	OATMEAL BOWLS	11.25	1	0
23235357	i_38789555964	Protein Power Steel-Cut Oatmeal	OATMEAL BOWLS	12.50	1	0
23235357	i_38789555965	Custom Oatmeal	OATMEAL BOWLS	10.00	1	0
23235357	i_38789555966	Pure Greens Apple, Lemon & Ginger	COLD PRESSED JUICE & SHOTS	10.62	1	0
23235357	i_38789555967	Pure Greens Lemon & Ginger	COLD PRESSED JUICE & SHOTS	10.62	1	0
23235357	i_38789555968	Melon HYDR8	COLD PRESSED JUICE & SHOTS	10.62	1	0
23235357	i_38789555969	Rockin Beet	COLD PRESSED JUICE & SHOTS	10.62	1	0
23235357	i_38789555970	Turmeric Tonic Shot	COLD PRESSED JUICE & SHOTS	5.32	1	0
23235357	i_38789555971	Soul Kick	COLD PRESSED JUICE & SHOTS	10.62	1	0
23235357	i_38789555972	Immunity Shot	COLD PRESSED JUICE & SHOTS	5.32	1	0
23235357	i_38789555973	Golden Girl	COLD PRESSED JUICE & SHOTS	10.62	1	0
23235357	i_38789555974	Pure Gingerade	COLD PRESSED JUICE & SHOTS	10.62	1	0
23235357	i_38789555975	Blue-Biotic Shot	COLD PRESSED JUICE & SHOTS	5.32	1	0
23235357	i_38789555976	Heartbeet Shot	COLD PRESSED JUICE & SHOTS	5.32	1	0
23235357	i_38789555977	Grape HYDR8	COLD PRESSED JUICE & SHOTS	10.62	1	0
23235357	i_38789555978	Wake Me Up Shot	COLD PRESSED JUICE & SHOTS	5.32	1	0
23235357	i_38789555979	Active Charcoal	COLD PRESSED JUICE & SHOTS	10.62	1	0
23235357	i_38789555980	Coconut HYDR8	COLD PRESSED JUICE & SHOTS	10.62	1	0
23235357	i_38789555981	Pure Greens Apple	COLD PRESSED JUICE & SHOTS	10.62	1	0
23235357	i_38789555982	Wake Up Call	COLD PRESSED JUICE & SHOTS	10.62	1	0
23235357	i_38789555984	Pure Watermelon	COLD PRESSED JUICE & SHOTS	10.62	1	0
23235357	i_38789555985	Green Boost Shot	COLD PRESSED JUICE & SHOTS	5.32	1	0
23235357	i_38789555986	Pure Basic (Experienced)	JUICE CLEANSES	60.00	1	1
23235357	i_38789555987	Juice Til Dinner (Beginner)	JUICE CLEANSES	40.00	1	1
23235357	i_38789555988	Pure Hardcore (Experienced)	JUICE CLEANSES	60.00	1	1
23235357	i_38789555995	Dragon Fruit Lemonade - Odyssey Elixir Energy Drink	BEVERAGES	6.24	1	0
23235357	i_38789555996	Pink Lady Apple, Health-Ade Kombucha	BEVERAGES	5.63	1	0
23235357	i_38789555999	Coconut Water, Harmless Harvest (32oz)	BEVERAGES	16.25	1	0
23235357	i_38789556000	Chlorophyll Water	BEVERAGES	8.57	1	0
23235357	i_38789556004	Just Water	BEVERAGES	4.07	1	0
23235357	i_38789556006	Orange Juice	BEVERAGES	7.49	1	0
23235357	i_38789556009	Apple Cinnamon Crisp, Yes Bar	SUPERFOOD SNACKS	3.75	1	0
23235357	i_38789556012	Strawberry Coconut, Yes Bar	SUPERFOOD SNACKS	3.75	1	0
23235357	i_38789556013	Peanut Butter Dark Chocolate Bar's, Kate's Real Food	SUPERFOOD SNACKS	5.00	1	0
23235357	i_38789556014	Macadamia Chocolate, Yes Bar	SUPERFOOD SNACKS	3.75	1	0
23235357	i_38789556022	Cacao Crunch, Raw Bliss Balls	SUPERFOOD SNACKS	6.25	1	0
23235357	i_38789556023	Salty Caramel, Raw Bliss Ball	SUPERFOOD SNACKS	6.25	1	0
23235357	i_38789556024	Very Berry, Raw Bliss Ball	SUPERFOOD SNACKS	6.25	1	0
23235357	i_44559109720	Kate's Oatmeal Cranberry Almond Bar	SUPERFOOD SNACKS	5.00	1	0
23235357	i_38789556028	Kate's Bar- Peanut Butter Cup Protein Bar	SUPERFOOD SNACKS	5.63	1	0
23235357	i_38789556029	Kate's Bar- Peanut Butter Hemp and Flax	SUPERFOOD SNACKS	5.00	1	0
23235357	i_38789556031	Classic Avocado Smash Toast	SOURDOUGH TOAST	9.38	1	0
23235357	i_38789556032	Everything Avocado Smash Toast	SOURDOUGH TOAST	10.63	1	0
23235357	i_38789556033	Loaded Avocado Smash Toast	SOURDOUGH TOAST	11.88	1	0
23235357	i_38789556034	Almond Butter Chia Toast	SOURDOUGH TOAST	9.38	1	0
23235357	i_38789556035	Banana Nut	SOURDOUGH TOAST	9.07	1	0
23235357	i_38789556036	Chocolate Hazelnut Toast	SOURDOUGH TOAST	10.63	1	0
23235357	i_38789556037	Chocolate Peanut Butter Toast	SOURDOUGH TOAST	10.63	1	0
23460971	i_8856717176	Build Your Own Bowl	Entrees	13.50	1	1
23460971	i_8856717178	Build Your Own Plate	Entrees	16.25	1	1
23460971	i_13859362414	Naf Fries	Sides for Trending Favorites	3.85	1	0
23460971	i_8856717175	Stuffed Pita Sandwich	Entrees	11.55	1	1
23460971	i_19341024417	Pitas	Sides	1.70	1	1
23460971	i_19341047150	Sauces	Extras/Add Ons	0.00	1	1
23460971	i_19341047145	Spreads - Baba, Hummus, Spicy Hummus	Extras/Add Ons	1.65	1	1
23460971	i_13859362416	Baklava	Sides for Trending Favorites	3.85	1	0
23460971	i_16934893100	Fountain Drink	Drinks	3.45	1	1
23460971	i_44416899836	New! Protein Wrap	Entrees	11.10	1	1
23460971	i_11328462520	Family Style	For the Family	82.25	1	1
23460971	i_12339093904	Kids Meal	For the Family	8.20	1	1
23460971	i_11328462519	Falafel Dozen	For the Family	14.45	1	0
23460971	i_11328462522	Baklava Box	For the Family	31.85	1	0
23460971	i_11328462523	Six Pack Pitas	For the Family	9.70	1	0
23460971	i_26627777541	NEW Crispy Chicken Tenders (Halal) 3 Pack	Sides	7.40	1	1
23460971	i_19600817269	Falafel 2 Pack	Sides	2.45	1	0
23460971	i_19341024414	Falafel 4 Pack	Sides	4.90	1	1
23460971	i_19341024416	Lentil Soup	Sides	4.05	1	0
23460971	i_19341047148	Protein	Extras/Add Ons	4.80	1	1
23460971	i_19341047146	Basmati Rice	Extras/Add Ons	3.25	1	0
23460971	i_19341047147	Couscous	Extras/Add Ons	3.25	1	0
23460971	i_19341047149	Toppings	Extras/Add Ons	5.15	1	1
23460971	i_17607027828	Bottled Drinks	Drinks	3.10	1	1
23460971	i_17607056868	Canned Drinks	Drinks	3.70	1	1
23460971	i_26627777542	Crispy Chicken Tenders (Halal)	Sides for Trending Favorites	7.40	1	0
23460971	i_13859362415	4 Pack Falafel	Sides for Trending Favorites	4.90	1	0
23460971	i_13859362417	Coke	Sides for Trending Favorites	3.70	1	0
23460971	i_13859362418	Bottled Water	Sides for Trending Favorites	3.10	1	0
23583656	i_44365797917	Crab Rangoon(4)	Appetizer & Soup	5.84	0	0
23583656	i_44365797996	Mini Volcano Roll	Maki	9.07	0	0
23583656	i_44365797918	Gyoza(6)	Appetizer & Soup	7.31	0	0
23583656	i_44365797990	Spicy Tuna Roll	Maki	7.90	0	0
23583656	i_44365797989	Spicy California Roll	Maki	7.60	0	0
23583656	i_44365798005	Dragon Roll	Signature Maki	16.37	0	0
23583656	i_44365797994	Philadelphia Roll	Maki	8.48	0	0
23583656	i_44365797921	Edamame	Appetizer & Soup	6.14	0	0
23583656	i_44365797925	Miso Soup	Appetizer & Soup	2.92	0	0
23583656	i_44365797963	Chicken Fried Rice	Japanese Fried Rice	14.62	0	0
23583656	i_44365797919	Takoyaki(6)	Appetizer & Soup	9.35	0	0
23583656	i_44365797920	Shrimp Tempura App	Appetizer & Soup	7.60	0	0
23583656	i_44365797922	Egg Roll(2)	Appetizer & Soup	4.08	0	0
23583656	i_44365797923	Spring Roll(2)	Appetizer & Soup	4.67	0	0
23583656	i_44365797924	Fried Shrimp Shu Mai(6)	Appetizer & Soup	7.31	0	0
23583656	i_44365797926	Garden Salad	Salad	3.22	0	0
23583656	i_44365797927	Seaweed Salad	Salad	8.18	0	0
23583656	i_44365797928	Avocado Salad	Salad	8.18	0	0
23583656	i_44365797929	Squid Salad	Salad	8.18	0	0
23583656	i_44365797930	Kani Salad	Salad	8.18	0	0
23583656	i_44365797931	Nori Salad	Salad	9.35	0	0
23583656	i_44365797932	Hibachi Vegetable	Hibachi	11.99	0	0
23583656	i_44365797933	Hibachi Chicken	Hibachi	15.80	0	0
23583656	i_44365797934	Hibachi Steak	Hibachi	19.30	0	0
23583656	i_44365797935	Hibachi Shrimp	Hibachi	19.30	0	0
23583656	i_44365797936	Hibachi Scallop	Hibachi	20.18	0	0
23583656	i_44365797937	Hibachi Salmon	Hibachi	20.18	0	0
23583656	i_44365797938	Hibachi Steak & Chicken	Hibachi	22.17	0	0
23583656	i_44365797939	Hibachi Steak & Shrimp	Hibachi	23.34	0	0
23583656	i_44365797940	Hibachi Chicken & Shrimp	Hibachi	22.17	0	0
23583656	i_44365797941	Hibachi Nori Deluxe	Hibachi	26.90	0	0
23583656	i_44365797942	Vegetable Teriyaki	Teriyaki	11.99	0	0
23583656	i_44365797943	Chicken Teriyaki	Teriyaki	15.80	0	0
23583656	i_44365797944	Steak Teriyaki	Teriyaki	19.30	0	0
23583656	i_44365797945	Shrimp Teriyaki	Teriyaki	19.30	0	0
23583656	i_44365797946	Scallop Teriyaki	Teriyaki	20.18	0	0
23583656	i_44365797947	Salmon Teriyaki	Teriyaki	20.18	0	0
23583656	i_44365797948	Steak & Chicken Teriyaki	Teriyaki	22.17	0	0
23583656	i_44365797949	Steak & Shrimp Teriyaki	Teriyaki	23.34	0	0
23583656	i_44365797950	Chicken & Shrimp Teriyaki	Teriyaki	22.17	0	0
23583656	i_44365797951	Nori Deluxe Teriyaki	Teriyaki	26.90	0	0
23583656	i_44365797952	Vegetable Yakisoba	Yakisoba	13.16	0	0
23583656	i_44365797953	Chicken Yakisoba	Yakisoba	16.96	0	0
23583656	i_44365797954	Steak Yakisoba	Yakisoba	20.48	0	0
23583656	i_44365797955	Shrimp Yakisoba	Yakisoba	20.48	0	0
23583656	i_44365797956	Scallop Yakisoba	Yakisoba	22.52	0	0
23583656	i_44365797957	Salmon Yakisoba	Yakisoba	21.35	0	0
23583656	i_44365797958	Steak & Chicken Yakisoba	Yakisoba	23.34	0	0
23583656	i_44365797959	Steak & Shrimp Yakisoba	Yakisoba	24.51	0	0
23583656	i_44365797960	Chicken & Shrimp Yakisoba	Yakisoba	23.34	0	0
23583656	i_44365797961	Nori Deluxe Yakisoba	Yakisoba	28.07	0	0
23583656	i_44365797962	Vegetable Fried Rice	Japanese Fried Rice	10.82	0	0
23583656	i_44365797964	Steak Fried Rice	Japanese Fried Rice	18.14	0	0
23583656	i_44365797965	Shrimp Fried Rice	Japanese Fried Rice	18.14	0	0
23583656	i_44365797966	Scallop Fried Rice	Japanese Fried Rice	19.01	0	0
23583656	i_44365797967	Salmon Fried Rice	Japanese Fried Rice	19.01	0	0
23583656	i_44365797968	Steak & Chicken Fried Rice	Japanese Fried Rice	21.00	0	0
23583656	i_44365797969	Shrimp & Steak Fried Rice	Japanese Fried Rice	22.17	0	0
23583656	i_44365797970	Chicken & Shrimp Fried Rice	Japanese Fried Rice	21.00	0	0
23583656	i_44365797971	Nori Deluxe Fried Rice	Japanese Fried Rice	25.73	0	0
23583656	i_44365797972	Scallop(2)	Nigiri/Sashimi	7.02	0	1
23583656	i_44365797973	Tuna(2)	Nigiri/Sashimi	5.85	0	1
23583656	i_44365797974	Salmon(2)	Nigiri/Sashimi	5.85	0	1
23583656	i_44365797975	Red Snapper(2)	Nigiri/Sashimi	5.85	0	1
23583656	i_44365797976	Yellowtail(2)	Nigiri/Sashimi	5.85	0	1
23583656	i_44365797977	White Tuna(2)	Nigiri/Sashimi	5.85	0	1
23583656	i_44365797978	Tomago(2)	Nigiri/Sashimi	4.68	0	1
23583656	i_44365797979	Shrimp(2)	Nigiri/Sashimi	4.68	0	1
23583656	i_44365797980	Eel(2)	Nigiri/Sashimi	5.85	0	1
23583656	i_44365797981	Cucumber Roll	Maki	4.97	0	0
23583656	i_44365797982	Avocado Roll	Maki	6.14	0	0
23583656	i_44365797983	Sweet Potato Roll	Maki	6.14	0	0
23583656	i_44365797984	Vegetable Roll	Maki	6.38	0	0
23583656	i_44365797985	Crab Roll	Maki	7.90	0	0
23583656	i_44365797986	Tuna Roll	Maki	7.90	0	0
23583656	i_44365797987	Salmon Roll	Maki	7.90	0	0
23583656	i_44365797988	California Roll	Maki	7.31	0	0
23583656	i_44365797991	Spicy Salmon Roll	Maki	7.90	0	0
23583656	i_44365797992	Boston Roll	Maki	7.60	0	0
23583656	i_44365797993	Unagi Roll	Maki	8.78	0	0
23583656	i_44365797995	Alaska Roll	Maki	8.48	0	0
23583656	i_44365797997	Shrimp Tempura Roll	Maki	9.07	0	0
23583656	i_44365797998	Old Wisconsin Roll	Maki	9.65	0	0
23583656	i_44365797999	Hawaiian Roll	Signature Maki	16.37	0	0
23583656	i_44365798000	Yummy Roll	Signature Maki	16.96	0	0
23583656	i_44365798001	Crazy Spicy Roll	Signature Maki	16.09	0	0
23583656	i_44365798002	Phoenix Roll	Signature Maki	17.02	0	0
23583656	i_44365798003	Nori Roll	Signature Maki	18.19	0	0
23583656	i_44365798004	Dinosaur Roll	Signature Maki	18.19	0	0
23583656	i_44365798006	Spider Roll	Signature Maki	15.15	0	0
23583656	i_44365798007	Rainbow Roll	Signature Maki	16.09	0	0
23583656	i_44365798008	Godzilla Roll	Signature Maki	18.19	0	0
23583656	i_44365798009	Sapporo Roll	Signature Maki	17.02	0	0
23583656	i_44365798010	I-90 Rol|	Signature Maki	16.37	0	0
23583656	i_44365798011	Sweet Heart Roll	Signature Maki	16.67	0	0
23583656	i_44365798012	Volcano Roll	Signature Maki	16.67	0	0
23583656	i_44365798013	Fancy Roll	Signature Maki	16.09	0	0
23583656	i_44365798014	Salmon Dream Roll	Signature Maki	16.67	0	0
23583656	i_44365798015	Tree City Roll	Signature Maki	16.67	0	0
23583656	i_44365798016	California Box	Omakase	19.88	0	0
23583656	i_44365798017	Tempura Box	Omakase	23.39	0	0
23583656	i_44365798018	Nigiri Deluxe	Omakase	24.56	0	0
23583656	i_44365798019	Sashimi Deluxe	Omakase	24.56	0	0
23583656	i_44365798020	Side White Rice	Side Order/Sauce	2.34	0	0
23583656	i_44365798021	Side Fried Rice	Side Order/Sauce	4.68	0	0
23583656	i_44365798022	Side Vegetable	Side Order/Sauce	7.31	0	0
23583656	i_44365798023	Side Chicken	Side Order/Sauce	8.48	0	0
23583656	i_44365798024	Side Steak	Side Order/Sauce	10.47	0	0
23583656	i_44365798025	Side Shrimp	Side Order/Sauce	9.65	0	0
23583656	i_44365798026	Side Scallop	Side Order/Sauce	11.41	0	0
23583656	i_44365798027	Side Salmon	Side Order/Sauce	10.24	0	0
23583656	i_44365798028	Ginger Dressing	Side Order/Sauce	1.17	0	0
23583656	i_44365798029	Yummy Sauce	Side Order/Sauce	1.17	0	0
23583656	i_44365798030	Spicy Mayo	Side Order/Sauce	1.17	0	0
23583656	i_44365798031	Eel Sauce	Side Order/Sauce	1.17	0	0
23583656	i_44365798032	White Sauce	Side Order/Sauce	1.17	0	0
23583656	i_44365798033	Sriracha	Side Order/Sauce	1.17	0	0
23583656	i_44365798035	Sushi Ginger	Side Order/Sauce	1.17	0	0
23583656	i_44365798036	Wasabi	Side Order/Sauce	1.17	0	0
23583656	i_44365798037	Gluten Free Sauce	Side Order/Sauce	0.88	0	0
23583656	i_44365798038	Japanese Soda	Drinks	4.10	0	0
23583656	i_44365798039	Water	Drinks	1.76	0	0
23583656	i_44365798040	Coke	Drinks	2.92	0	0
23583656	i_44365798041	Diet Coke	Drinks	2.92	0	0
23583656	i_44365798042	Sprite	Drinks	2.92	0	0
23583656	i_44365798043	Minute Maid	Drinks	2.92	0	0
23583656	i_44365798044	Mellow Yellow	Drinks	2.92	0	0
23583656	i_44365798045	Pure Leaf (Sweet)	Drinks	2.92	0	0
23583656	i_44397854402	Pure Leaf (UnSweet)	Drinks	2.92	0	0
23811140	i_10650294294	KING KONG	Rolls	15.60	1	0
23811140	i_10650278003	MISO SOUP	Sides	3.00	1	0
23811140	i_10650294291	CALIFORNIA	Rolls	8.40	1	0
23811140	i_10650278007	STEAMED EDAMAME	Sides	5.40	1	0
23811140	i_10650294300	SPICY TUNA	Rolls	14.40	1	0
23811140	i_4895220312	Include Chopsticks	How Many Chopsticks?	0.00	1	1
23811140	i_10650294297	SALMON & AVOCADO	Rolls	12.00	1	0
23811140	i_10650278008	TERIYAKI CHICKEN BITES	Sides	7.20	1	0
23811140	i_10650278004	PORK DUMPLINGS	Sides	14.40	1	0
23811140	i_8357178980	AVOCADO ROLL	Vegan Rolls	7.20	1	0
23811140	i_4895220313	Include Napkins	How Many Chopsticks?	0.00	1	0
23811140	i_4895220314	Include Utensils	How Many Chopsticks?	0.00	1	0
23811140	i_4895220315	No Chopsticks	How Many Chopsticks?	0.00	1	0
23811140	i_4895220316	No Napkins	How Many Chopsticks?	0.00	1	0
23811140	i_4895220317	No Utensils	How Many Chopsticks?	0.00	1	0
23811140	i_10650287939	ALOHA CHICKEN	Bowls	19.20	1	0
23811140	i_4895221480	ALWAYS BE MY BASIL POKE	Bowls	22.80	1	0
23811140	i_32092331903	COLD SESAME NOODLES	Bowls	15.00	1	0
23811140	i_32092331904	CRUNCH SALAD	Bowls	14.40	1	0
23811140	i_11813562353	JACKISOBA	Bowls	19.20	1	0
23811140	i_4895221483	LEI'D BACK POKE	Bowls	20.40	1	0
23811140	i_11813561713	PORK BELLY RAMEN	Bowls	20.40	1	0
23811140	i_43711856536	TUNA MELON CRUSH	Bowls	21.60	1	0
23811140	i_43729472873	SHRIMP FAJITA BOWL	Bowls	20.40	1	0
23811140	i_11813504415	ANGRY BADGER	Rolls	19.20	1	0
23811140	i_11813505361	NEON TIGER	Rolls	19.20	1	0
23811140	i_25599013615	ORANGE CRUNCH	Rolls	18.00	1	0
23811140	i_10650294295	PEAR PRESSURE	Rolls	18.00	1	0
23811140	i_10650294296	RAINBOW	Rolls	18.00	1	0
23811140	i_10650294298	SPICY SALMON	Rolls	12.00	1	0
23811140	i_10650294299	SPICY SHRIMP	Rolls	12.00	1	0
23811140	i_10650294301	TERIYAKI CHICKEN	Rolls	14.40	1	0
23811140	i_10650294302	YELLOWTAIL	Rolls	12.00	1	0
23811140	i_8357169461	CUCUMBER ROLL	Vegan Rolls	6.00	1	0
23811140	i_8357180161	GREEN MACHINE	Vegan Rolls	15.60	1	0
23811140	i_25598741495	HUMMUS WHERE THE HEART IS	Vegan Rolls	14.40	1	0
23811140	i_8357168622	MIGHTY MUSHROOM	Vegan Rolls	12.00	1	0
23811140	i_43716286145	DROP THE BEET	Vegan Rolls	14.40	1	0
23811140	i_13079356749	ROLL CALL	Sushi Sets	54.00	1	0
23811140	i_13079356750	OH SAY CAN SUSHI	Sushi Sets	66.00	1	0
23811140	i_13079356751	THE ROLLS RICE	Sushi Sets	72.00	1	0
23811140	i_13079356753	LIVING ON THE VEG	Sushi Sets	54.00	1	0
23811140	i_13079356754	BUILD YOUR OWN JACKBOX	Sushi Sets	60.00	1	0
23811140	i_4895208851	HAMACHI	Sashimi & Nigiri	9.60	1	1
23811140	i_4895208852	SALMON	Sashimi & Nigiri	7.20	1	1
23811140	i_4895208853	TUNA	Sashimi & Nigiri	9.60	1	1
23811140	i_25599562383	THE TRIO	Sashimi & Nigiri	19.20	1	1
23811140	i_10650278010	SIDE SUSHI RICE	Sides	1.80	1	0
23811140	i_13079081033	SIDE AVOCADO BASIL DRESSING	Sauces	1.20	1	0
23811140	i_13079081034	SIDE CHILI SESAME SAUCE	Sauces	0.60	1	0
23811140	i_13079081036	SIDE PEANUT GINGER DRESSING	Sauces	1.20	1	0
23811140	i_13079081037	SIDE PINEAPPLE-MISO VINAIGRETTE	Sauces	1.20	1	0
23811140	i_13079081038	SIDE PONZU	Sauces	1.20	1	0
23811140	i_13079081040	SIDE SPICY GINGER DRESSING	Sauces	1.20	1	0
23811140	i_13079081041	SIDE SPICY MAYO	Sauces	1.20	1	0
23811140	i_13079081042	SIDE TERIYAKI SAUCE	Sauces	1.20	1	0
23811140	i_13079081043	SIDE UNAGI SAUCE	Sauces	1.20	1	0
23811140	i_13079081044	SIDE WASABI AIOLI	Sauces	1.20	1	0
23811140	i_4895207627	Strawberry Mochi	Mochi/Ice Cream	2.40	1	0
23811140	i_4895207630	Triple Chocolate Mochi	Mochi/Ice Cream	2.40	1	0
23953940	i_4544200750	Garlic Naan	Indian Breads	4.95	0	0
23953940	i_4544200131	Chicken Tikka Masala	Chicken Curries	17.95	0	1
23953940	i_4544200130	Chicken Makhani (Butter Chicken)	Chicken Curries	17.95	0	1
23953940	i_4544197235	Samosa	Appetizers	5.95	0	0
23953940	i_4544208084	Rice	Biryani Rice Specials	3.50	0	1
23953940	i_4544200745	Naan	Indian Breads	3.99	0	0
23953940	i_4544200755	Cheese Naan	Indian Breads	4.95	0	0
23953940	i_4544197746	Mango Lassi	Drinks	4.50	0	0
23953940	i_4544183471	Paneer Masala	Vegetables	16.95	0	1
23953940	i_4544208077	Chicken Biryani	Biryani Rice Specials	16.95	0	1
23953940	i_4544197232	Vegetable Pakora	Appetizers	5.95	0	0
23953940	i_4544197233	Chicken Pakora	Appetizers	6.95	0	0
23953940	i_4544197234	Fish Pakora	Appetizers	8.95	0	0
23953940	i_4544197236	Samosa Chat	Appetizers	9.95	0	0
23953940	i_4544197237	Aloo Tikki Chat	Appetizers	9.95	0	0
23953940	i_4544197238	Paneer Pakora	Appetizers	5.95	0	0
23953940	i_4544197239	Papadam	Appetizers	3.50	0	0
23953940	i_4544197240	Onion Bhaji	Appetizers	5.95	0	0
23953940	i_4544197241	Aloo Tikki	Appetizers	5.95	0	0
23953940	i_4544197242	Shrimp Pakora	Appetizers	9.95	0	0
23953940	i_4544197243	Non-Vegetarian Platter	Appetizers	10.95	0	0
23953940	i_4544197244	Mixed Vegetable Platter	Appetizers	9.95	0	0
23953940	i_44286920304	Vegetable spring rolls	Appetizers	5.95	0	0
23953940	i_4544183241	Vegetable Soup	Soups	4.50	0	0
23953940	i_4544183242	Tomato Soup	Soups	5.50	0	0
23953940	i_4544200740	Plain Paratha	Indian Breads	3.99	0	0
23953940	i_4544200741	Bhatura	Indian Breads	4.50	0	0
23953940	i_4544200742	Chapati	Indian Breads	3.99	0	0
23953940	i_4544200743	Roti	Indian Breads	3.99	0	0
23953940	i_4544200744	Aloo Paratha	Indian Breads	4.95	0	0
23953940	i_4544200746	Spinach Naan	Indian Breads	4.50	0	0
23953940	i_4544200747	Keema Naan	Indian Breads	4.95	0	0
23953940	i_4544200748	Coconut Naan	Indian Breads	4.95	0	0
23953940	i_4544200749	Onion Kulcha	Indian Breads	4.50	0	0
23953940	i_4544200751	Aloo Naan	Indian Breads	4.50	0	0
23953940	i_4544200752	Ginger Naan	Indian Breads	4.50	0	0
23953940	i_4544200753	Peshawari Naan	Indian Breads	4.95	0	0
23953940	i_4544200754	Chicken Naan	Indian Breads	4.95	0	0
23953940	i_4544203902	Lamb Curry	Lamb Curries	17.95	0	1
23953940	i_4544203903	Lamb Vegetable	Lamb Curries	17.95	0	1
23953940	i_4544203904	Lamb Mango	Lamb Curries	17.95	0	1
23953940	i_4544203905	Lamb Bhartha	Lamb Curries	17.95	0	1
23953940	i_4544203906	Lamb Spinach	Lamb Curries	17.95	0	1
23953940	i_4544203907	Lamb Bhuna	Lamb Curries	17.95	0	1
23953940	i_4544203908	Lamb Shahi Korma	Lamb Curries	17.95	0	1
23953940	i_4544203909	Lamb Masala	Lamb Curries	18.95	0	1
23953940	i_4544203910	Lamb Madras	Lamb Curries	17.95	0	1
23953940	i_4544203911	Goat Curry	Lamb Curries	18.95	0	1
23953940	i_4544203912	Rogan Josh	Lamb Curries	17.95	0	1
23953940	i_4544203913	Lamb Mushroom	Lamb Curries	17.95	0	1
23953940	i_4544203914	Lamb Vindaloo Curry	Lamb Curries	17.95	0	1
23953940	i_4544200127	Chicken Curry	Chicken Curries	16.95	0	1
23953940	i_4544200128	Chicken Bhuna	Chicken Curries	16.95	0	1
23953940	i_4544200129	Chicken Korma	Chicken Curries	17.95	0	1
23953940	i_4544200132	Chicken Vindaloo	Chicken Curries	16.95	0	1
23953940	i_4544200133	Chicken Mango	Chicken Curries	16.95	0	1
23953940	i_4544200134	Chicken Madras	Chicken Curries	16.95	0	1
23953940	i_4544200135	Chicken Bhartha	Chicken Curries	16.95	0	1
23953940	i_4544200136	Chicken Spinach	Chicken Curries	16.95	0	1
23953940	i_4544200137	Chicken Dal	Chicken Curries	16.95	0	1
23953940	i_4544200138	Chicken Vegetable	Chicken Curries	16.95	0	1
23953940	i_4544202151	Beef Curry	Beef Curries	17.95	0	1
23953940	i_4544202152	Beef Vindaloo Curry	Beef Curries	17.95	0	1
23953940	i_4544202153	Beef Korma	Beef Curries	18.95	0	1
23953940	i_4544202154	Beef Spinach	Beef Curries	17.95	0	1
23953940	i_4544202155	Beef Bhuna	Beef Curries	17.95	0	1
23953940	i_4544202156	Beef Mango	Beef Curries	17.95	0	1
23953940	i_4544202157	Beef Bhartha	Beef Curries	17.95	0	1
23953940	i_4544202158	Beef Mushroom	Beef Curries	17.95	0	1
23953940	i_4544202159	Beef Masala	Beef Curries	18.95	0	1
23953940	i_4544202160	Beef Madras	Beef Curries	17.95	0	1
23953940	i_4544207681	Fish Madras	Seafood	18.95	0	1
23953940	i_4544207682	Fish Curry	Seafood	18.95	0	1
23953940	i_4544207683	Fish Bhuna	Seafood	18.95	0	1
23953940	i_4544207684	Fish Vindaloo Curry	Seafood	18.95	0	1
23953940	i_4544207685	Shrimp Spinach	Seafood	18.95	0	1
23953940	i_4544207686	Shrimp Mango	Seafood	18.95	0	1
23953940	i_4544207687	Shrimp Mushroom	Seafood	18.95	0	1
23953940	i_4544207688	Shrimp Vindaloo	Seafood	18.95	0	1
23953940	i_4544207689	Shrimp Korma	Seafood	19.95	0	1
23953940	i_4544207690	Shrimp Madras	Seafood	18.95	0	0
23953940	i_4544207691	Fish Masala	Seafood	19.95	0	1
23953940	i_4544207692	Shrimp Curry	Seafood	18.95	0	1
23953940	i_4544207693	Shrimp Bhuna	Seafood	18.95	0	1
23953940	i_4544207694	Shrimp Masala	Seafood	19.95	0	1
23953940	i_4544177263	Chicken Tandoori	Tandoori Specials	16.95	0	1
23953940	i_4544177264	Chicken Kabab	Tandoori Specials	17.95	0	1
23953940	i_4544177265	Seekh Kabab	Tandoori Specials	17.95	0	1
23953940	i_4544177266	Tandoori Mixed Grill	Tandoori Specials	21.95	0	1
23953940	i_4544177267	Tandoori Shrimp	Tandoori Specials	19.95	0	1
23953940	i_4544177268	Fish Tikka	Tandoori Specials	19.95	0	1
23953940	i_4544197744	Vegetarian Dinner for 2	Royal Dinner Special (For 2)	50.95	0	1
23953940	i_4544197745	Non-Vegetarian Dinner for 2	Royal Dinner Special (For 2)	55.95	0	1
23953940	i_4544183463	Vegetable Korma	Vegetables	16.95	0	1
23953940	i_4544183464	Matter Paneer	Vegetables	15.95	0	1
23953940	i_4544183465	Aloo Gobhi	Vegetables	15.95	0	1
23953940	i_4544183466	Mutter Mushroom	Vegetables	15.95	0	1
23953940	i_4544183467	Malai Kofta	Vegetables	16.95	0	1
23953940	i_4544183468	Spinach Aloo	Vegetables	15.95	0	1
23953940	i_4544183469	Karahi Pakora	Vegetables	15.95	0	1
23953940	i_4544183470	Spinach Mushroom	Vegetables	15.95	0	1
23953940	i_4544183472	Aloo Matter	Vegetables	15.95	0	1
23953940	i_4544208473	Dal Makhni	Vegetables	15.95	0	1
23953940	i_4544208474	Mushroom Bhuna	Vegetables	15.95	0	1
23953940	i_4544208475	Baingan Bhartha	Vegetables	16.95	0	1
23953940	i_4544208476	Paneer Bhuna	Vegetables	15.95	0	1
23953940	i_4544208477	Mushroom Masala	Vegetables	15.95	0	1
23953940	i_4544208478	Spinach Chana	Vegetables	15.95	0	1
23953940	i_4544208479	Vegetable Mix Curry	Vegetables	15.95	0	1
23953940	i_4544208480	Spinach Paneer	Vegetables	15.95	0	1
23953940	i_4544208481	Dal Paneer	Vegetables	15.95	0	1
23953940	i_4544208482	Vegetable Masala	Vegetables	16.95	0	1
23953940	i_4544208483	Chana Masala	Vegetables	15.95	0	1
23953940	i_4544208484	Spinach Makai (Makki)	Vegetables	15.95	0	1
23953940	i_4544208485	Vegetable Mango	Vegetables	15.95	0	1
23953940	i_4544208486	Aloo Chana	Vegetables	15.95	0	1
23953940	i_4544208078	Beef Biryani	Biryani Rice Specials	17.95	0	1
23953940	i_4544208079	Vegetarian Biryani	Biryani Rice Specials	15.95	0	1
23953940	i_4544208080	Shrimp Biryani	Biryani Rice Specials	18.95	0	1
23953940	i_4544208081	Goat Biryani	Biryani Rice Specials	18.95	0	1
23953940	i_4544208082	Lamb Biryani	Biryani Rice Specials	17.95	0	1
23953940	i_4544208083	Taste of India Special	Biryani Rice Specials	19.95	0	1
23953940	i_4544195007	Kulfi	Desserts	4.50	0	0
23953940	i_4544195008	Mango Ice Cream	Desserts	4.50	0	0
23953940	i_4544195009	Gulab Jamun	Desserts	4.50	0	0
23953940	i_4544195010	Kheer	Desserts	4.50	0	0
23953940	i_4544195011	Gajar Halwa	Desserts	4.50	0	0
23953940	i_4544206682	Pickle	Condiments	3.95	0	0
23953940	i_4544206683	Mango Chutney	Condiments	3.95	0	0
23953940	i_4544206684	Raita	Condiments	3.95	0	0
23953940	i_4544206685	Plain Yogurt	Condiments	3.95	0	0
23953940	i_4544206686	Masala Sauce (16 Oz)	Condiments	10.95	0	0
23953940	i_5184639708	Tamarind sauce 8 oz container	Condiments	3.95	0	0
23953940	i_5185080438	Mint cinaltro chutney	Condiments	3.95	0	0
23953940	i_4544197747	Mango Juice	Drinks	4.50	0	0
23953940	i_4544197748	Strawberry Lassi	Drinks	4.50	0	0
23953940	i_4544197749	Soda	Drinks	3.00	0	1
23953940	i_26809116806	Limca (lime n lemon	Drinks	3.00	0	0
23953940	i_26907325006	Thumps up	Drinks	3.00	0	0
2435548	i_22757649109	Butter Chicken	Home-Cooked Entrees	18.39	1	1
2435548	i_22757649108	Chicken Biryani	Home-Cooked Entrees	18.39	1	0
2435548	i_22757620330	Shawarma	Mediterranean Sandwiches	15.94	1	0
2435548	i_22757619658	Beef Samosas	Pak-Indo Appetizers	6.49	1	0
2435548	i_22757649110	Goat Masala	Home-Cooked Entrees	18.99	1	1
2435548	i_22757664949	Mango Lassi	Drinks	8.99	1	0
2435548	i_22757619659	Jumbo Punjabi Samosas (Potato)	Pak-Indo Appetizers	5.84	1	0
2435548	i_22757665078	Tender Strips & Fries	Fried Chicken	13.99	1	1
2435548	i_22757649112	Karahi Chicken	Home-Cooked Entrees	18.39	1	1
2435548	i_22757620329	Gyro	Mediterranean Sandwiches	13.99	1	0
2435548	i_42890029696	Beef Nihari	Home-Cooked Entrees	19.49	1	1
2435548	i_22757649111	Chicken Korma	Home-Cooked Entrees	18.39	1	1
2435548	i_22757649114	Aloo Gobi Curry	Home-Cooked Entrees	17.09	1	1
2435548	i_22757649115	Veggie Biryani	Home-Cooked Entrees	17.09	1	0
2435548	i_22757649116	Mixed Dal	Home-Cooked Entrees	17.09	1	1
2435548	i_22757649117	Halwa Puri & Chickpea Curry	Home-Cooked Entrees	16.44	1	0
2435548	i_22757618924	Chicken Tikka Roll	Pak-Indo Sandwiches	14.64	1	0
2435548	i_22757618925	Beef Tikka Roll	Pak-Indo Sandwiches	15.29	1	0
2435548	i_22757618926	Aloo Tikki Veg Roll	Pak-Indo Sandwiches	13.99	1	0
2435548	i_22757618927	Paneer Kachori Roll	Pak-Indo Sandwiches	13.99	1	0
2435548	i_22757619657	Chicken Samosas	Pak-Indo Appetizers	6.49	1	0
2435548	i_22757619660	Chicken Spring Rolls	Pak-Indo Appetizers	6.49	1	0
2435548	i_22757619661	Veggie Spring Rolls	Pak-Indo Appetizers	6.49	1	0
2435548	i_22757619662	5pc Kachori Balls	Pak-Indo Appetizers	7.79	1	0
2435548	i_22757619663	Cheese Naan	Pak-Indo Appetizers	3.89	1	0
2435548	i_22757620331	Falafel Sandwich	Mediterranean Sandwiches	13.34	1	0
2435548	i_22757636426	Gyro Plate	Mediterranean Rice Plates	16.89	1	0
2435548	i_22757636427	Shawarma Plate	Mediterranean Rice Plates	14.54	1	0
2435548	i_22757636428	Falafel Plate	Mediterranean Rice Plates	14.94	1	0
2435548	i_22757516249	Falafel Pieces w/ Hummus	Mediterranean Appetizers	5.99	1	1
2435548	i_22757516250	Pita Bread w/ Hummus	Mediterranean Appetizers	4.54	1	0
2435548	i_22757665077	Party Wings & Fries	Fried Chicken	13.99	1	1
2435548	i_22757614421	Madistan Cheese Burger	American Burgers And Sandwiches	14.29	1	0
2435548	i_22757614422	Zinger Chicken Burger	American Burgers And Sandwiches	13.99	1	0
2435548	i_22757614423	Chicken Tikka Grilled Cheese Sandwich	American Burgers And Sandwiches	14.64	1	0
2435548	i_36919527379	Gyro Loaded Fries	Appetizers	9.99	1	0
2435548	i_36919527380	Cheese Fries	Appetizers	6.49	1	0
2435548	i_22757664961	7-up Can	Drinks	1.49	1	0
2435548	i_26948977496	Celsius	Drinks	1.99	1	0
2435548	i_22757664958	Coca-Cola, Can	Drinks	1.49	1	0
2435548	i_22757664962	Diet 7-up Can	Drinks	1.49	1	0
2435548	i_22757664959	Diet Coke, Can	Drinks	1.49	1	0
2435548	i_22757664964	Diet Dr Pepper Can	Drinks	1.49	1	0
2435548	i_22757664957	Diet Pepsi Can	Drinks	1.49	1	0
2435548	i_22757664963	Dr Pepper Can	Drinks	1.49	1	0
2435548	i_22757664952	Gatorade	Drinks	1.99	1	0
2435548	i_22757664965	Mtn Dew Can	Drinks	1.49	1	0
2435548	i_22757664970	Orange Soda Can	Drinks	1.49	1	0
2435548	i_22757664950	Pakola Can	Drinks	1.99	1	0
2435548	i_22757664956	Pepsi Can	Drinks	1.49	1	0
2435548	i_26948977495	Pineapple juice	Drinks	1.99	1	0
2435548	i_22757664967	Root Beer Can	Drinks	1.49	1	0
2435548	i_22757664960	Sprite, Can	Drinks	1.49	1	0
2435548	i_22757664955	Water Bottle	Drinks	0.99	1	0
2435548	i_22757591743	Halwa	Desserts	3.99	1	0
2435548	i_22757591745	Gulab Jamun	Desserts	4.99	1	1
2435548	i_22757620332	Sauces	Extras	0.00	1	0
2435548	i_22757620333	Fries	Extras	5.99	1	1
2435548	i_22757620334	White Rice	Extras	3.99	1	0
2435548	i_22757620335	Salad	Extras	1.49	1	0
2435548	i_22757620336	Naan	Extras	2.49	1	0
2435548	i_22757620337	Garlic Naan	Extras	2.99	1	0
2435548	i_22757620338	2 Puris	Extras	1.99	1	0
2435548	i_22757620339	2 Rotis	Extras	1.99	1	0
2435548	i_22757620340	Pita Bread	Extras	1.99	1	0
24474150	i_38789709188	Taco Dinner	De La Casa	13.99	1	1
24474150	i_38789709251	Chips and Salsa	Sides	3.99	1	0
24474150	i_38789709184	Burrito	De La Casa	11.99	1	1
24474150	i_38789709182	Chimichanga	De La Casa	13.99	1	1
24474150	i_38789709154	Asada Taco	Street Tacos	3.50	1	0
24474150	i_38789709187	Flour Quesadilla	De La Casa	12.99	1	1
24474150	i_38789709238	Horchata	Drinks	4.00	1	0
24474150	i_38789709172	Cheese Dip	Botanas	6.99	1	0
24474150	i_38789709158	Al Pastor Taco	Street Tacos	3.50	1	0
24474150	i_38789709174	Torta	Torta	14.00	1	1
24474150	i_38789709155	Chicken Taco	Street Tacos	3.50	1	0
24474150	i_38789709156	Tinga Taco	Street Tacos	3.50	1	0
24474150	i_38789709157	Chorizo Taco	Street Tacos	3.50	1	0
24474150	i_38789709159	Carnitas Taco	Street Tacos	3.50	1	0
24474150	i_38789709160	Shredded Beef Taco	Street Tacos	3.50	1	0
24474150	i_38789709161	Taco Cesina Taco	Street Tacos	4.00	1	0
24474150	i_38789709162	Taco Langua Taco	Street Tacos	4.00	1	0
24474150	i_38789709163	Tacos Ground Beef	Street Tacos	4.00	1	0
24474150	i_38789709164	Fish Pico De Gallo Taco	Specialty Street Tacos	4.00	1	1
24474150	i_38789709165	Shrimp Taco	Specialty Street Tacos	4.00	1	1
24474150	i_38789709166	Taco Cesina	Specialty Street Tacos	3.99	1	1
24474150	i_38789709167	Taco Lengua	Specialty Street Tacos	3.99	1	1
24474150	i_38789709168	Taco Campechano	Specialty Street Tacos	3.99	1	1
24474150	i_38789709170	Guacamole	Botanas	6.99	1	0
24474150	i_38789709171	Choriqueso	Botanas	7.99	1	0
24474150	i_38789709169	Nachos a La Braza	Botanas	12.99	1	1
24474150	i_38789709173	Nachos Fajita	Botanas	12.99	1	1
24474150	i_38789709175	Cemita	Cemita	12.99	1	1
24474150	i_38789709177	Mole Poblano	Pollo	13.99	1	1
24474150	i_38789709178	Choripollo	Pollo	13.99	1	1
24474150	i_38789709179	Pechuga De Pollo	Pollo	13.99	1	1
24474150	i_38789709176	Milanesa Chicken (Pollo)	Pollo	13.99	1	0
24474150	i_38789709180	Tostada Dinner	De La Casa	14.99	1	1
24474150	i_38789709181	Burrito Cholula	De La Casa	12.99	1	0
24474150	i_38789709183	3 Amigos	De La Casa	12.99	1	1
24474150	i_38789709185	Sope	De La Casa	9.99	1	1
24474150	i_38789709186	Huarache	De La Casa	9.99	1	1
24474150	i_38789709189	Shrimp Chimichanga	De La Casa	15.99	1	0
24474150	i_38789709190	3 Marias	De La Casa	13.99	1	1
24474150	i_38789709191	Nacho Bowl	De La Casa	12.99	1	1
24474150	i_38789709192	Enchiladas a La Brasa	De La Casa	13.99	1	1
24474150	i_38789709193	Enchiladas De Mole	De La Casa	13.99	1	1
24474150	i_38789709194	Burrito Bandera	De La Casa	14.99	1	1
24474150	i_38789709195	Burrito Samy	De La Casa	15.99	1	0
24474150	i_38789709198	Fajita Shrimp	Fajitas	16.99	1	1
24474150	i_38789709199	Fajitas	Fajitas	15.99	1	1
24474150	i_38789709200	Fajita Veggie	Fajitas	14.99	1	1
24474150	i_38789709201	Nortena Fajita	Fajitas	17.99	1	1
24474150	i_38789709202	Fajita Tropical	Fajitas	17.99	1	1
24474150	i_38789709203	Carnitas	Carnes	13.99	1	1
24474150	i_38789709204	Alambre	Carnes	17.99	1	1
24474150	i_38789709205	Cecina	Carnes	15.99	1	1
24474150	i_38789709206	Brasa Steak	Carnes	15.99	1	1
24474150	i_38789709207	Milanesa de Carne (Beef)	Carnes	14.99	1	0
24474150	i_38789709208	3 Maria Combo Dinner	Carnes	12.49	1	0
24474150	i_38789709209	Enchiladas a La Brasa Dinner	Carnes	12.49	1	1
24474150	i_38789709210	Mixed Fajitas Dinner	Carnes	16.99	1	1
24474150	i_38789709211	Mexican Steak	Carnes	15.99	1	1
24474150	i_38789709212	Carne Asasada	Carnes	15.99	1	0
24474150	i_38789709213	Enchiladas De Mole Dinner	Carnes	12.49	1	1
24474150	i_38789709214	Fajitas Dinner	Carnes	14.99	1	1
24474150	i_38789709215	Shrimp Fajitas Dinner	Carnes	15.99	1	1
24474150	i_38789709216	Mole Poblano Dinner	Carnes	12.99	1	1
24474150	i_38789709217	3 Amigos Combo Dinner	Carnes	11.99	1	1
24474150	i_38789709218	Nacho Bowl Dinner	Carnes	11.99	1	1
24474150	i_38789709219	Chilaquiles Con Huevos Lunch	Lunch Menu	9.49	1	1
24474150	i_38789709220	Fajita Lunch	Lunch Menu	10.49	1	1
24474150	i_38789709221	Quesadillas Fajita Lunch	Lunch Menu	10.49	1	1
24474150	i_38789709222	Chalupas Lunch	Lunch Menu	4.49	1	0
24474150	i_38789709223	Huevos Rancheros Lunch	Lunch Menu	9.49	1	1
24474150	i_38789709224	Huevos a La Mexicana Lunch	Lunch Menu	10.49	1	1
24474150	i_38789709225	Burrito Fajita Lunch	Lunch Menu	10.49	1	1
24474150	i_38789709226	Memela Lunch	Lunch Menu	5.99	1	0
24474150	i_38789709227	Taco Arabe	Lunch Menu	3.50	1	0
24474150	i_38789709228	Huevos Revueltos Lunch	Lunch Menu	9.49	1	0
24474150	i_38789709229	Huarache Lunch	Lunch Menu	10.49	1	1
24474150	i_38789709230	Beans Chalupas Lunch	Lunch Menu	4.49	1	0
24474150	i_38789709231	Sope Lunch	Lunch Menu	10.49	1	1
24474150	i_38789709232	Huevos Divorsiados Lunch	Lunch Menu	9.49	1	0
24474150	i_38789709233	Taco combo (2 Tacos)	Lunch Menu	10.99	1	1
24474150	i_38789709235	Tostada Lunch	Lunch Menu	5.99	1	1
24474150	i_38789709236	Tacos Campechanos	Lunch Menu	3.99	1	1
24474150	i_38789709237	Mexican Coke	Drinks	3.75	1	0
24474150	i_38789709239	Jamiaca	Drinks	4.00	1	0
24474150	i_38789709240	Fountain Drink	Drinks	2.49	1	0
24474150	i_38789709241	Coffee	Drinks	2.50	1	0
24474150	i_38789709242	Can Soda	Drinks	1.75	1	0
24474150	i_38789709243	Jarritos	Drinks	3.75	1	1
24474150	i_38789709244	Mandarin Juice	Drinks	3.75	1	0
24474150	i_38789709245	Chicken Salad	Salads	12.99	1	0
24474150	i_38789709246	Tres Hermanos Salad	Salads	10.99	1	1
24474150	i_38789709247	Taco Salad	Salads	14.99	1	1
24474150	i_38789709248	Taco Salad with Shrimp	Salads	15.99	1	0
24474150	i_38789709249	Tamales	Tamales	4.99	1	0
24474150	i_38789709250	Chiles Toreados	Sides	1.99	1	0
24474150	i_38789709252	Sour Cream	Sides	1.99	1	0
24474150	i_38789709253	Tortillas	Sides	0.99	1	1
24474150	i_38789709254	Cheese	Sides	0.99	1	0
24474150	i_38789709255	Jalapeños	Sides	1.99	1	0
24474150	i_38789709256	Rice	Sides	3.99	1	0
24474150	i_38789709257	Beans	Sides	3.99	1	0
24474150	i_38789709258	Rice and Beans	Sides	5.99	1	0
24474150	i_38789709259	Extra Meat	Sides	3.99	1	1
24474150	i_38789709260	Tomato	Sides	0.99	1	0
24474150	i_38789709261	Lettuce	Sides	0.99	1	0
24474150	i_38789709262	Salsa	Sides	3.99	1	1
24474150	i_38789709263	Kids Chicken Strips	Kids Menu	5.99	1	0
24474150	i_38789709264	Kids Mini Quesadilla	Kids Menu	5.99	1	1
24474150	i_38789709265	Kids Taco	Kids Menu	5.99	1	1
24474150	i_38789709266	Kids 6 Piece Chalupitas	Kids Menu	4.49	1	0
24474150	i_38789709267	Tres Leches	Dessert	6.99	1	0
24474150	i_38789709268	Churros	Dessert	5.99	1	0
24474150	i_38789709269	Flan	Dessert	5.99	1	0
24482309	i_7342889626	mango-a-go-go®	whirl'd famous smoothies	8.59	1	1
24482309	i_7342905587	acai primo™	smoothie bowls	12.99	1	1
24482309	i_7342889633	orange dream machine®	whirl'd famous smoothies	8.59	1	1
24482309	i_7342912881	pb & banana protein	super blends smoothies	9.79	1	1
24482309	i_43293711995	acai dream bowl	fusion bowls	12.99	1	1
24482309	i_7342889631	strawberries wild®	whirl'd famous smoothies	8.59	1	1
24482309	i_23675466447	acai pb + nutella™ bowl	smoothie bowls	12.99	1	1
24482309	i_7342889629	strawberry surf rider™	whirl'd famous smoothies	8.59	1	1
24482309	i_7342905589	dragon fruit delight	smoothie bowls	12.99	1	1
24482309	i_7342889627	caribbean passion®	whirl'd famous smoothies	8.59	1	1
24482309	i_7342889628	razzmatazz®	whirl'd famous smoothies	8.59	1	1
24482309	i_7342889632	white gummi	whirl'd famous smoothies	8.59	1	1
24482309	i_7342889630	aloha pineapple®	whirl'd famous smoothies	8.59	1	1
24482309	i_7342889634	peanut butter moo'd®	whirl'd famous smoothies	8.59	1	1
24482309	i_27567337009	PB Chocolate Love™	whirl'd famous smoothies	8.59	1	1
24482309	i_24796094958	apple 'n greens™	super blends smoothies	9.79	1	1
24482309	i_24796127704	mega mango™	super blends smoothies	9.79	1	1
24482309	i_24796110441	strawberry whirl™	super blends smoothies	9.79	1	1
24482309	i_24796131125	greens 'n ginger	super blends smoothies	9.79	1	1
24482309	i_24796089125	peach perfection™	super blends smoothies	9.79	1	1
24482309	i_7342912880	acai super antioxidant™	super blends smoothies	9.79	1	1
24482309	i_7342912882	protein berry workout soy	super blends smoothies	9.79	1	1
24482309	i_7342912883	protein berry workout whey	super blends smoothies	9.79	1	1
24482309	i_7342912884	orange c-booster™	super blends smoothies	9.79	1	1
24482309	i_27567337010	buzzin' mocha moo'd	blended coffee	7.69	1	1
24482309	i_27567337011	coffee dream machine	blended coffee	7.69	1	1
24482309	i_24561769083	blue lava	over ice	6.99	1	1
24482309	i_24561752106	electric ice	over ice	6.99	1	1
24482309	i_24561698412	strawberry lemon twist	over ice	6.99	1	1
24482309	i_24561725560	peachberry blast	over ice	6.99	1	1
24482309	i_7342907137	belgian waffle	bites	3.69	1	0
24482309	i_44283814374	chicken empanadas	bites	8.99	1	1
24482309	i_43093554123	6ct mozz and herb bites + marinara	bites	6.99	1	1
24482309	i_43093554124	12ct mozz and herb bites + marinara	bites	9.99	1	1
24482309	i_7342905588	chunky strawberry™	smoothie bowls	12.99	1	1
24482309	i_7342905590	vanilla blue sky	smoothie bowls	12.99	1	1
24482309	i_43293711957	mango sunshine bowl	smoothie bowls	12.99	1	1
24482309	i_43293711996	dragon daze bowl	fusion bowls	12.99	1	1
24482309	i_43293711997	acai dragon twist bowl	fusion bowls	12.99	1	1
24482309	i_24796152748	coconut whip strawberry blueberry waffle bowl	waffle bowls	12.49	1	1
24482309	i_24796152749	greek yogurt strawberry blueberry waffle bowl	waffle bowls	12.49	1	1
24482309	i_24796152750	coconut whip peanut butter banana + nutella® waffle bowl	waffle bowls	12.49	1	1
24482309	i_24796152751	greek yogurt peanut butter banana + nutella® waffle bowl	waffle bowls	12.49	1	1
24482309	i_26652030824	10 Smoothie Bowl Pack	bundles	110.00	1	0
24482309	i_26652030825	15 Smoothie Bowl Pack	bundles	110.00	1	0
24482309	i_26652030826	15 Smoothie Classic Pack	bundles	110.00	1	0
24482309	i_26652030827	15 Smoothie Super Blends Pack	bundles	120.00	1	0
24482309	i_44283814375	Pepperoni Nuggets Bucket	Pretzel Buckets	36.99	1	0
24482309	i_44283814376	Original Pretzel Nuggets Bucket	Pretzel Buckets	33.99	1	0
24482309	i_44283814377	Mini Pretzel Dogs Bucket	Pretzel Buckets	36.99	1	0
24482309	i_44283814378	Cinnamon Sugar Pretzel Nuggets Bucket	Pretzel Buckets	33.99	1	0
24482309	i_44290580879	Pepperoni Pretzel	Classic Pretzels	6.69	1	0
24482309	i_44283814379	Original Pretzel	Classic Pretzels	6.89	1	0
24482309	i_44283814380	Cinnamon Sugar Pretzel	Classic Pretzels	6.89	1	0
24482309	i_44283814381	Sweet Almond Pretzel	Classic Pretzels	6.89	1	0
24482309	i_44288591537	Sour Cream & Onion Pretzel	Classic Pretzels	6.59	1	0
24482309	i_44283814382	Pepperoni Pretzel Nuggets - Regular	Pretzel Nuggets	8.99	1	0
24482309	i_44283814383	Cinnamon Sugar Pretzel Nuggets - Regular	Pretzel Nuggets	7.99	1	0
24482309	i_44283814384	Original Pretzel Nuggets	Pretzel Nuggets	7.99	1	0
24482309	i_44283814385	Mini Pretzel Dogs	Pretzel Dogs & Mini Pretzel Dogs	8.49	1	0
24482309	i_44283814386	Cheese Dip	Dips	1.19	1	0
24482309	i_44283814387	Sweet Glaze Dip	Dips	1.19	1	0
24482309	i_44283814388	Marinara Dip	Dips	1.19	1	0
24482309	i_44283814389	Hot Salsa Cheese Dip	Dips	1.19	1	0
24482309	i_44283814390	Honey Mustard Dip	Dips	1.19	1	0
24482309	i_44283814391	Caramel Dip	Dips	1.19	1	0
24482309	i_44283814392	6 Dips	Dips	5.99	1	0
24599407	i_6743841805	3. Gyoza (6)	Kitchen Appetizer	6.99	0	1
24599407	i_6743849284	Spicy Tuna Roll	Classic Roll or Hand Roll - Raw Rolls	7.99	0	1
24599407	i_6743836012	Miso Soup	Soup / Salad	3.25	0	0
24599407	i_6743841803	1. Cheese Wonton (6)	Kitchen Appetizer	9.99	0	0
24599407	i_6743842440	Sweet Potato Roll	Classic Roll or Hand Roll - Cooked Rolls	6.99	0	1
24599407	i_6743842450	Salmon Katsu Roll	Classic Roll or Hand Roll - Cooked Rolls	7.99	0	1
24599407	i_6743849293	Philadelphia Roll	Classic Roll or Hand Roll - Raw Rolls	7.99	0	1
24599407	i_6743842446	Shrimp Tempura Roll	Classic Roll or Hand Roll - Cooked Rolls	8.99	0	1
24599407	i_6743849292	Alaska Roll	Classic Roll or Hand Roll - Raw Rolls	7.99	0	1
24599407	i_6743849288	Tuna Avocado Roll	Classic Roll or Hand Roll - Raw Rolls	7.75	0	1
24599407	i_6743841804	2. Edamame	Kitchen Appetizer	7.99	0	0
24599407	i_6743841806	4. Spring Roll (2)	Kitchen Appetizer	5.99	0	0
24599407	i_6743841807	5. Shumai (6)	Kitchen Appetizer	6.99	0	1
24599407	i_6743841808	6. Crispy Calamari	Kitchen Appetizer	10.99	0	0
24599407	i_6743841809	7. Takoyaki (6)	Kitchen Appetizer	9.75	0	0
24599407	i_6743841810	8. Shrimp Tempura Appetizer	Kitchen Appetizer	10.99	0	0
24599407	i_6743841811	9. Vegetable Tempura Appetizer	Kitchen Appetizer	10.25	0	0
24599407	i_6743841812	10. Shrimp & Vegetable Tempura Appetizer	Kitchen Appetizer	11.99	0	0
24599407	i_6743841813	11. Agedashi Tofu	Kitchen Appetizer	8.99	0	0
24599407	i_6743841814	12. Soft Shell Crab (1)	Kitchen Appetizer	10.99	0	0
24599407	i_6743850322	1. Sushi Appetizer	Sushi Bar Appetizer	10.99	0	0
24599407	i_6743850323	2. Sashimi Appetizer	Sushi Bar Appetizer	14.25	0	0
24599407	i_6743850324	3. Tuna Tartar	Sushi Bar Appetizer	13.99	0	0
24599407	i_6743850325	4. Salmon Mango Tartar	Sushi Bar Appetizer	13.99	0	0
24599407	i_6743850326	5. Summer Roll	Sushi Bar Appetizer	10.75	0	0
24599407	i_6743850327	6. Dragon Ball	Sushi Bar Appetizer	9.75	0	0
24599407	i_6743850328	7. Yellowtail Jalapeño	Sushi Bar Appetizer	13.99	0	0
24599407	i_6743850329	8. Jalapeño Popper	Sushi Bar Appetizer	12.99	0	0
24599407	i_6743850330	9. Hamachi Kama	Sushi Bar Appetizer	14.25	0	0
24599407	i_6743850331	10. Seafood Ceviche	Sushi Bar Appetizer	13.25	0	0
24599407	i_6743850332	11. Black Pepper Tuna	Sushi Bar Appetizer	13.99	0	0
24599407	i_6743836011	Clear Soup	Soup / Salad	3.25	0	0
24599407	i_6743836013	House Salad	Soup / Salad	4.25	0	0
24599407	i_6743836014	Avocado Salad	Soup / Salad	8.99	0	0
24599407	i_6743836015	Cucumber Salad	Soup / Salad	7.75	0	0
24599407	i_6743836016	Spicy Kani Salad	Soup / Salad	8.99	0	0
24599407	i_6743836017	Seaweed Salad	Soup / Salad	8.99	0	0
24599407	i_6743836018	Squid Salad	Soup / Salad	10.25	0	0
24599407	i_6743836019	Yako Salad	Soup / Salad	12.25	0	0
24599407	i_6743849281	Tuna Roll	Classic Roll or Hand Roll - Raw Rolls	7.75	0	1
24599407	i_6743849282	Salmon Roll	Classic Roll or Hand Roll - Raw Rolls	7.75	0	1
24599407	i_6743849283	Yellowtail Scallion Roll	Classic Roll or Hand Roll - Raw Rolls	7.99	0	1
24599407	i_6743849285	Spicy Salmon Roll	Classic Roll or Hand Roll - Raw Rolls	7.99	0	1
24599407	i_6743849286	Spicy Yellowtail Roll	Classic Roll or Hand Roll - Raw Rolls	7.99	0	1
24599407	i_6743849287	Spicy Scallop Roll	Classic Roll or Hand Roll - Raw Rolls	8.99	0	1
24599407	i_6743849289	Tuna Cucumber Roll	Classic Roll or Hand Roll - Raw Rolls	7.75	0	1
24599407	i_6743849290	Salmon Avocado Roll	Classic Roll or Hand Roll - Raw Rolls	7.75	0	1
24599407	i_6743849291	Salmon Cucumber Roll	Classic Roll or Hand Roll - Raw Rolls	7.75	0	1
24599407	i_6743842433	Cucumber Roll	Classic Roll or Hand Roll - Cooked Rolls	5.75	0	1
24599407	i_6743842434	Avocado Roll	Classic Roll or Hand Roll - Cooked Rolls	5.75	0	1
24599407	i_6743842435	Crab Stick Roll	Classic Roll or Hand Roll - Cooked Rolls	5.99	0	1
24599407	i_6743842436	Spicy Crab Roll	Classic Roll or Hand Roll - Cooked Rolls	6.99	0	1
24599407	i_6743842437	Crab & Cream Cheese Roll	Classic Roll or Hand Roll - Cooked Rolls	7.25	0	1
24599407	i_6743842438	Eel Avocado Roll	Classic Roll or Hand Roll - Cooked Rolls	7.99	0	1
24599407	i_6743842439	Eel Cucumber Roll	Classic Roll or Hand Roll - Cooked Rolls	7.99	0	1
24599407	i_6743842441	Peanut Avocado Roll	Classic Roll or Hand Roll - Cooked Rolls	7.50	0	1
24599407	i_6743842442	California Roll	Classic Roll or Hand Roll - Cooked Rolls	8.25	0	1
24599407	i_6743842443	AAC Roll	Classic Roll or Hand Roll - Cooked Rolls	8.50	0	1
24599407	i_6743842444	Salmon Skin Roll	Classic Roll or Hand Roll - Cooked Rolls	7.50	0	1
24599407	i_6743842445	Boston Roll	Classic Roll or Hand Roll - Cooked Rolls	7.99	0	1
24599407	i_6743842447	Chicken Tempura Roll	Classic Roll or Hand Roll - Cooked Rolls	8.99	0	1
24599407	i_6743842448	Vegetable Roll	Classic Roll or Hand Roll - Cooked Rolls	6.99	0	1
24599407	i_6743842449	Spider Roll	Classic Roll or Hand Roll - Cooked Rolls	9.75	0	1
24599407	i_6743841815	1. Rainbow Roll	Chef's Special Roll - Special Raw Rolls	16.50	0	0
24599407	i_6743841816	2. Crazy Tuna Roll	Chef's Special Roll - Special Raw Rolls	17.25	0	0
24599407	i_6743841817	3. Salmon Lover Roll	Chef's Special Roll - Special Raw Rolls	17.25	0	0
24599407	i_6743841818	4. Snow White Roll	Chef's Special Roll - Special Raw Rolls	17.25	0	0
24599407	i_6743841819	5. Hokage Ninja Roll	Chef's Special Roll - Special Raw Rolls	18.99	0	0
24599407	i_6743841820	6. Colorful Naruto Roll	Chef's Special Roll - Special Raw Rolls	18.25	0	0
24599407	i_6743841821	7. Yako Roll	Chef's Special Roll - Special Raw Rolls	18.75	0	0
24599407	i_6743841822	8. Amazing Roll	Chef's Special Roll - Special Raw Rolls	17.50	0	0
24599407	i_6743841823	9. Sweet Heart Roll	Chef's Special Roll - Special Raw Rolls	17.25	0	0
24599407	i_6743841824	10. Kiss On Fire Roll	Chef's Special Roll - Special Raw Rolls	18.99	0	0
24599407	i_6743841825	11. Fire Island Roll	Chef's Special Roll - Special Raw Rolls	16.95	0	0
24599407	i_6743841826	12. Golden Tiger Roll	Chef's Special Roll - Special Raw Rolls	16.95	0	0
24599407	i_6743841827	13. Badger Roll	Chef's Special Roll - Special Raw Rolls	17.75	0	0
24599407	i_6743841828	14. Sex On the Beach Roll	Chef's Special Roll - Special Raw Rolls	16.95	0	0
24599407	i_6743841829	15. Gold Armor Roll	Chef's Special Roll - Special Raw Rolls	17.25	0	0
24599407	i_6743841830	16. Mt. Fuji Roll	Chef's Special Roll - Special Raw Rolls	17.75	0	0
24599407	i_6743841831	17. Hot Girl Roll	Chef's Special Roll - Special Raw Rolls	17.25	0	0
24599407	i_6743841832	18. Angry Bird Roll	Chef's Special Roll - Special Raw Rolls	17.75	0	0
24599407	i_6743841833	19. Polar Bear Roll	Chef's Special Roll - Special Raw Rolls	17.25	0	0
24599407	i_6743841834	20. Double Yellowtail Roll	Chef's Special Roll - Special Raw Rolls	18.50	0	0
24599407	i_6743844219	1. Dragon Roll	Chef's Special Roll - Special Cooked Rol	16.95	0	0
24599407	i_6743844220	2. Jaguars Roll	Chef's Special Roll - Special Cooked Rol	16.95	0	0
24599407	i_6743844221	3. Volcano Roll	Chef's Special Roll - Special Cooked Rol	17.25	0	0
24599407	i_6743844222	4. Mango Tango Roll	Chef's Special Roll - Special Cooked Rol	17.75	0	0
24599407	i_6743844223	5. Sweet Naruto Roll	Chef's Special Roll - Special Cooked Rol	18.25	0	0
24599407	i_6743844224	6. Super Dynamite Roll	Chef's Special Roll - Special Cooked Rol	17.75	0	0
24599407	i_6743844225	7. Empire Lobster Roll	Chef's Special Roll - Special Cooked Rol	20.99	0	0
24599407	i_6743844226	8. Dancing Eel Roll	Chef's Special Roll - Special Cooked Rol	17.25	0	0
24599407	i_6743844227	9. Wisconsin Roll	Chef's Special Roll - Special Cooked Rol	17.25	0	0
24599407	i_6743844228	10. Green Dragon Roll	Chef's Special Roll - Special Cooked Rol	17.25	0	0
24599407	i_6743844229	11. Black Dragon Roll	Chef's Special Roll - Special Cooked Rol	17.75	0	0
24599407	i_6743844230	12. Godzilla Roll	Chef's Special Roll - Special Cooked Rol	17.75	0	0
24599407	i_6743844231	13. Vegetarian Roll	Chef's Special Roll - Special Cooked Rol	16.95	0	0
24599407	i_6743844232	14. Tropical Tour Roll	Chef's Special Roll - Special Cooked Rol	17.25	0	0
24599407	i_6743844233	15. Pyramid Roll	Chef's Special Roll - Special Cooked Rol	18.25	0	0
24599407	i_6743844234	16. Spicy Mexican Roll	Chef's Special Roll - Special Cooked Rol	18.75	0	0
24599407	i_6743844235	17. Madison Roll	Chef's Special Roll - Special Cooked Rol	19.99	0	0
24599407	i_6743844236	18. Paradise Roll	Chef's Special Roll - Special Cooked Rol	17.50	0	0
24599407	i_6743844237	19. Hurricane Roll	Chef's Special Roll - Special Cooked Rol	18.25	0	0
24599407	i_6743844238	20. Hawaii Roll	Chef's Special Roll - Special Cooked Rol	18.99	0	0
24599407	i_6743849294	1. Spicy Maki Combo	Sushi Bar Entrée	22.99	0	0
24599407	i_6743849295	2. Salmon Combo	Sushi Bar Entrée	22.99	0	0
24599407	i_6743849296	3. Tuna Combo	Sushi Bar Entrée	22.99	0	0
24599407	i_6743849297	4. Sushi Regular	Sushi Bar Entrée	23.99	0	0
24599407	i_6743849298	5. Sushi Deluxe	Sushi Bar Entrée	28.99	0	0
24599407	i_6743849299	6. Sashimi Regular	Sushi Bar Entrée	23.99	0	0
24599407	i_6743849300	7. Sashimi Deluxe	Sushi Bar Entrée	31.99	0	0
24599407	i_6743849301	8. Sushi & Sashimi Combo	Sushi Bar Entrée	28.99	0	0
24599407	i_6743849302	9. Chirashi Don	Sushi Bar Entrée	27.99	0	0
24599407	i_6743849303	10. Unagi Don	Sushi Bar Entrée	27.99	0	0
24599407	i_6743849304	11. Yako Boat	Sushi Bar Entrée	76.99	0	0
24599407	i_6743837069	Tuna / Maguro	Sushi or Sashimi - À la Carte	13.90	0	1
24599407	i_6743837070	Salmon / Sake	Sushi or Sashimi - À la Carte	13.90	0	1
24599407	i_6743837071	Yellowtail / Hamachi	Sushi or Sashimi - À la Carte	15.90	0	1
24599407	i_6743852873	Eel / Unagi	Sushi or Sashimi - À la Carte	13.90	0	1
24599407	i_6743852874	Crab Stick / Kani	Sushi or Sashimi - À la Carte	11.90	0	1
24599407	i_6743852875	Shrimp / Ebi	Sushi or Sashimi - À la Carte	13.90	0	1
24599407	i_6743852876	Flying Fish Roe / Tobiko	Sushi or Sashimi - À la Carte	15.98	0	1
24599407	i_6743852877	Smelt Roe / Masago	Sushi or Sashimi - À la Carte	15.98	0	1
24599407	i_6743852878	Salmon Roe / Ikura	Sushi or Sashimi - À la Carte	15.98	0	1
24599407	i_6743852879	Egg / Tamago	Sushi or Sashimi - À la Carte	12.50	0	1
24599407	i_6743852880	Octopus / Tako	Sushi or Sashimi - À la Carte	15.00	0	1
24599407	i_6743852881	Scallop / Hotate	Sushi or Sashimi - À la Carte	17.00	0	1
24599407	i_6743852882	Squid / Ika	Sushi or Sashimi - À la Carte	13.98	0	1
24599407	i_6743852883	Mackerel / Saba	Sushi or Sashimi - À la Carte	13.98	0	1
24599407	i_6743852884	White Tuna / Escolar	Sushi or Sashimi - À la Carte	13.98	0	1
24599407	i_6743852885	Tofu Skin / Inari	Sushi or Sashimi - À la Carte	12.50	0	1
24599407	i_6743852886	Surf Clam / Hokkigai	Sushi or Sashimi - À la Carte	13.00	0	1
24599407	i_6743852887	Smoked Salmon	Sushi or Sashimi - À la Carte	15.00	0	1
24599407	i_6743852888	Sweet Shrimp / AMA Ebi	Sushi or Sashimi - À la Carte	17.98	0	1
24599407	i_6743845129	1. Spicy Tuna or Ahi Tuna	Poke Bowls	18.25	0	1
24599407	i_6743845130	2. Spicy Salmon or Salmon	Poke Bowls	18.25	0	1
24599407	i_6743845131	3. Spicy Crabmeat or Crab Meat	Poke Bowls	18.25	0	1
24599407	i_6743845132	4. Shrimp or Chicken Tempura	Poke Bowls	18.25	0	1
24599407	i_6743845133	5. Seafood Lover	Poke Bowls	22.25	0	1
24599407	i_6743840046	1. White Rice	Side Order	3.50	0	0
24599407	i_6743840047	2. Sushi Rice	Side Order	3.50	0	0
24599407	i_6743840048	4. Chicken Nugget & French Fries	Side Order	9.50	0	0
24599407	i_6789734962	Yum Yum Sauce (2oz)	Side Order	1.00	0	0
24599407	i_6789637817	Spicy Mayo (2oz)	Side Order	1.00	0	0
24599407	i_6786543614	Eel Sauce (2oz)	Side Order	1.00	0	0
24599407	i_6795492512	Gyoza Sauce (2oz)	Side Order	1.00	0	0
24599407	i_6796080332	Sweet Chili Sauce (2oz)	Side Order	1.00	0	0
24599407	i_6788715641	Sriracha Sauce (2oz)	Side Order	1.00	0	0
24599407	i_6781265262	Ponzu Sauce (2oz)	Side Order	1.00	0	0
24599407	i_6796067682	Ginger Dressing (2oz)	Side Order	1.00	0	0
24599407	i_6941865176	Fried Cheese Cake	Side Order	5.95	0	0
24744074	i_11546352772	Create Your Own Pizza	Rocky's Pizzas	15.39	1	1
24744074	i_11546381089	Original Italian Breadsticks (6)	Breads	4.39	1	0
24744074	i_11546377320	#4 Super Slice, Breadsticks, Drink	Famous Value Slice Combos	11.69	1	1
24744074	i_11546377317	#1 Regular Slice, Breadsticks, Drink	Famous Value Slice Combos	10.59	1	1
24744074	i_11546352791	Sausage & Pepperoni Super Slice	Famous Pizza by the Slice	6.99	1	0
24744074	i_11546368158	Family Meal Deal	Specials & Meal Deals	36.29	1	1
24744074	i_11546353071	20oz Bottled Drink	Drinks	3.29	1	1
24744074	i_11546352794	Pepperoni Regular Slice	Famous Pizza by the Slice	5.79	1	0
24744074	i_11546381096	Nacho Cheese Dipping Sauce	Dipping Sauces	1.09	1	0
24744074	i_11546353072	2-Liter Drink	Drinks	4.39	1	1
24744074	i_11546368159	Big Meal Deal	Specials & Meal Deals	54.99	1	1
24744074	i_11686713870	Mega Meal Deal	Specials & Meal Deals	60.49	1	1
24744074	i_11546368161	Make it a Meal	Specials & Meal Deals	11.09	1	1
24744074	i_11546368162	Make it a Party	Specials & Meal Deals	16.59	1	1
24744074	i_11546352773	Meatworks	Rocky's Pizzas	23.09	1	1
24744074	i_11546352774	Uncle Sal's Spectacular	Rocky's Pizzas	23.09	1	1
24744074	i_11546352775	Extra Cheesy Sausage & Mushroom	Rocky's Pizzas	23.09	1	1
24744074	i_11546352776	Original Chicago	Rocky's Pizzas	19.79	1	1
24744074	i_11546352777	The Perfect	Rocky's Pizzas	23.09	1	1
24744074	i_11546352778	Extra Cheesy Superoni	Rocky's Pizzas	20.89	1	1
24744074	i_11546352779	The Motherlode	Rocky's Pizzas	20.89	1	1
24744074	i_11546352780	The Motheroni	Rocky's Pizzas	20.89	1	1
24744074	i_11546352789	Extra Cheesy Super Sausage	Rocky's Pizzas	19.79	1	1
24744074	i_11546352790	Extra Cheesy Sausage & Pepperoni	Rocky's Pizzas	23.09	1	1
24744074	i_11546352781	The Works	Rocky's Pizzas	23.09	1	1
24744074	i_11546352782	Garden of Eatin'	Rocky's Pizzas	23.09	1	1
24744074	i_11546352783	Chicago Double Roni	Rocky's Pizzas	19.79	1	1
24744074	i_11546352784	Chicago Deluxe	Rocky's Pizzas	23.09	1	1
24744074	i_11546352785	Hawaiian	Rocky's Pizzas	19.79	1	1
24744074	i_12231517955	The Rockfather	Rocky's Pizzas	23.09	1	1
24744074	i_11546352786	BBQ Chicken & Bacon	Rocky's Pizzas	20.89	1	1
24744074	i_11546352788	Chicken Bacon Ranch	Rocky's Pizzas	20.89	1	1
24744074	i_11546377318	#2 Side Salad, Breadsticks, Drink	Famous Value Slice Combos	12.79	1	1
24744074	i_11546377319	#3 Regular Slice, Side Salad, Drink	Famous Value Slice Combos	13.59	1	1
24744074	i_11546377321	#5 Super Slice, Side Salad, Drink	Famous Value Slice Combos	14.69	1	1
24744074	i_11546352792	Super Slice of the Day	Famous Pizza by the Slice	6.99	1	0
24744074	i_11546352793	Italian Sausage Regular Slice	Famous Pizza by the Slice	5.79	1	0
24744074	i_11546352795	Cheese Regular Slice	Famous Pizza by the Slice	5.79	1	0
24744074	i_11546352796	Sausage & Mushroom Regular Slice	Famous Pizza by the Slice	5.79	1	0
24744074	i_13347732391	Garden of Eatin' Regular Slice	Famous Pizza by the Slice	5.79	1	0
24744074	i_11546380430	Spaghetti with Marinara Sauce	Rocky's Individual Pasta	7.19	1	1
24744074	i_11546380431	Spaghetti with Meat Sauce	Rocky's Individual Pasta	9.39	1	1
24744074	i_11546380432	Spaghetti with Meatballs	Rocky's Individual Pasta	10.79	1	1
24744074	i_11546380433	Fettuccine with Alfredo Sauce	Rocky's Individual Pasta	7.19	1	1
24744074	i_11546380434	Fettuccine Alfredo with Chicken	Rocky's Individual Pasta	9.69	1	1
24744074	i_23872341215	Nacho Breadsticks (6)	Breads	5.49	1	1
24744074	i_11546381090	Party Sticks (28)	Breads	17.59	1	0
24744074	i_11546381091	Original Italian Breadsticks Family (18)	Breads	12.09	1	0
24744074	i_11546381092	Original Italian Breadsticks Pan (24)	Breads	15.39	1	1
24744074	i_11546381093	Cheese Bread	Breads	6.59	1	1
24744074	i_11546381094	Garlic Bread	Breads	5.49	1	1
24744074	i_11546355833	Chicken Wings	Chicken, Appetizers, and Sides	12.09	1	1
24744074	i_11546355834	Boneless Chicken Wings	Chicken, Appetizers, and Sides	12.09	1	1
24744074	i_11546355835	Chicken Tenders	Chicken, Appetizers, and Sides	9.89	1	1
24744074	i_11546355836	Mozzarella Sticks	Chicken, Appetizers, and Sides	9.89	1	1
24744074	i_11546355837	Mac 'n Cheese Bites	Chicken, Appetizers, and Sides	8.09	1	0
24744074	i_11546355838	French Fries	Chicken, Appetizers, and Sides	4.39	1	1
24744074	i_11546383682	Garden Salad	Salads	9.39	1	1
24744074	i_11546384273	Bottled Water	Drinks	2.89	1	0
24744074	i_11546384274	Rockstar Energy Drink	Drinks	4.39	1	1
24744074	i_11546384275	Bubbl'r	Drinks	3.09	1	1
24744074	i_39865983073	Milk	Drinks	2.19	1	0
24744074	i_11546384276	Apple Juice	Drinks	2.19	1	0
24744074	i_11546384277	Orange Juice	Drinks	2.19	1	0
24744074	i_11546383683	Kid's Meal: Slice OR Pasta, Drink & a Treat	Kids Meals	6.99	1	1
24744074	i_11546382079	Chocolate Chip Cookie	Desserts	1.49	1	0
24744074	i_11546382080	Chocolate Chip Cookie Made with M&M's Candies	Desserts	1.49	1	0
24744074	i_11546382081	3 Cookies	Desserts	3.69	1	0
24744074	i_11546382082	Best Maid Crispy Bar	Desserts	2.79	1	1
24744074	i_11546381095	Pizza Dipping Sauce	Dipping Sauces	1.09	1	0
24744074	i_11546381097	Ranch Dipping Sauce	Dipping Sauces	1.09	1	0
24744074	i_11546381098	Bleu Cheese Dipping Sauce	Dipping Sauces	1.09	1	0
24744074	i_11546381099	Buffalo Dipping Sauce	Dipping Sauces	1.09	1	0
24744074	i_11546381100	BBQ Dipping Sauce	Dipping Sauces	1.09	1	0
24744074	i_11546381101	Garlic Parmesan Dipping Sauce	Dipping Sauces	1.09	1	0
24817556	i_7785558121	FRIED Chicken Meal	Meals and Special	17.59	0	1
24817556	i_8004979532	Catfish Meal	Meals and Special	19.79	0	1
24817556	i_7715716526	Sweet Potatoes	Sides	4.19	0	0
24817556	i_7715716528	Corn Muffin	Sides	1.39	0	0
24817556	i_7715716524	Collard Greens	Sides	4.19	0	0
24817556	i_7715716525	Baked Macaroni	Sides	4.19	0	0
24817556	i_14108176877	Weekly Special	Meals and Special	14.29	0	1
24817556	i_30743874022	Banana Pudding	Dessert	5.69	0	0
24817556	i_7785600274	FRIED Chicken	Meats	9.99	0	1
24817556	i_7715716517	Pork Rib Meal	Meals and Special	19.79	0	1
24817556	i_7715716515	Baked Chicken Meal	Meals and Special	17.09	0	1
24817556	i_7715716516	BBQ Baked Chicken Meal	Meals and Special	17.59	0	1
24817556	i_7715716518	Baked Chicken W/ Rice and Gravy	Meals and Special	11.59	0	0
24817556	i_7715716519	Kids Baked Chicken Meal	Meals and Special	6.09	0	1
24817556	i_7785600873	Kids FRIED chicken meal	Meals and Special	7.19	0	1
24817556	i_11903375314	Family Meal for 3	Meals and Special	47.29	0	1
24817556	i_11902032807	Family Meal For 5	Meals and Special	74.79	0	1
24817556	i_22187825266	Family Meal For 8	Meals and Special	108.99	0	1
24817556	i_39120600493	Chicken Tenders & Fries	Meals and Special	12.99	0	0
24817556	i_44469058908	Soul Food Sampler	Meals and Special	13.99	0	1
24817556	i_7715716520	Pork Ribs	Meats	13.79	0	1
24817556	i_7715716521	Baked Chicken	Meats	9.39	0	0
24817556	i_7715716522	BBQ Baked Chicken	Meats	9.89	0	0
24817556	i_7715716523	Catfish	Meats	12.69	0	0
24817556	i_12614624564	8pc wing special (Wednesday’s only)	Meats	11.99	0	0
24817556	i_22337139321	50 wing special	Meats	55.99	0	0
24817556	i_39120600494	4pc Chicken Tender	Meats	7.69	0	0
24817556	i_44541518735	$1 Whole Wings	Meats	1.00	0	0
24817556	i_7715716527	Rice and Gravy	Sides	4.19	0	0
24817556	i_17137513622	Potato salad	Sides	4.19	0	0
24817556	i_39090482820	Handcut fries	Sides	4.19	0	0
24817556	i_44021942885	Dressing	Sides	4.19	0	0
24817556	i_7715716531	Bottled Water	Drinks	1.29	0	0
24817556	i_44493710893	Kara's Kool-aid	Drinks	2.29	0	1
24817556	i_44499350877	Canned drinks	Drinks	1.99	0	0
24817556	i_8912715380	Sauces	Sauces	0.59	0	1
25020817	i_113336031	Crab Rangoon (4)蟹角	Appetizer	5.95	1	0
25020817	i_113336010	Fried Vegetable Spring Roll(2）炸春卷	Appetizer	2.45	1	0
25020817	i_113337587	Dan Dan Noodle担担面	Chinese Noodle	14.95	1	0
25020817	i_148345712	Pan-Fried pork Dumpling（8）猪肉煎饺🥟	Appetizer	6.95	1	0
25020817	i_126879366	Dumpling W. Spicy Sauce（pork）辣🌶猪水饺	Appetizer	7.95	1	0
25020817	i_8681899875	Chicken Pad Thai 鸡炒泰河粉	Pad Thai(Stir Fried) (GF) gluten free up	13.95	1	0
25020817	i_8695906302	Chicken Lo Mein 鸡肉捞面	Lo Mein(Stir Fried)	13.95	1	0
25020817	i_113336012	Pan Fried Chicken Dumpling (8)鸡肉煎饺🥟	Appetizer	6.95	1	0
25020817	i_10801405224	Spicy Tonkotsu Ramen辣🌶️豚骨拉面	Japanese Ramen	14.95	1	0
25020817	i_8698119210	Chicken Fried Rice 鸡肉炒饭	Fried Rice	13.95	1	0
25020817	i_8690183526	Bottled water	Drinks	1.55	1	0
25020817	i_10995848750	Coke	Drinks	1.75	1	0
25020817	i_10995968404	Diet coke	Drinks	1.75	1	0
25020817	i_10996281351	Sprite	Drinks	1.75	1	0
25020817	i_10996155927	Mountain Dew	Drinks	1.75	1	0
25020817	i_10995971955	Brisk Iced Tea	Drinks	1.75	1	0
25020817	i_10995963022	Orange Soda	Drinks	1.75	1	0
25020817	i_10996019780	Dr Pepper	Drinks	1.75	1	0
25020817	i_17371938527	Mango Juice	Drinks	2.75	1	0
25020817	i_113338248	White Rice	Side order	2.50	1	0
25020817	i_131893120	Marinated Egg 卤蛋	Side order	1.85	1	0
25020817	i_125623575	spicy oil 辣油	Side order	0.75	1	0
25020817	i_8938258619	Teriyaki sauce	Side order	0.75	1	0
25020817	i_8939024572	Hoisin sauce	Side order	0.75	1	0
25020817	i_8939174463	Sweet and chilly sauce	Side order	0.75	1	0
25020817	i_8938214417	Side Chashu 叉烧	Side order	3.50	1	0
25020817	i_10995851628	Dumpling sauce	Side order	0.85	1	0
25020817	i_23516096684	Sriracha Hot Chili sauce	Side order	0.65	1	0
25020817	i_759088700	Vegetable Rice Bowl 菜碗	Rice Bowls	12.95	1	0
25020817	i_159068618	Teriyaki Chicken Don 铁板鸡肉盖饭	Rice Bowls	13.95	1	0
25020817	i_187698539	Meat Lover Rice Bowl 肉碗	Rice Bowls	16.95	1	0
25020817	i_159069722	Teriyaki Beef Don 铁板牛肉盖饭	Rice Bowls	13.95	1	0
25020817	i_159065630	Big Bang Don 🌶️辣鸡肉盖饭	Rice Bowls	13.95	1	0
25020817	i_159070733	Teriyaki Shrimp Don 铁板虾🦐盖饭	Rice Bowls	13.95	1	0
25020817	i_8815880621	Combo Teriyaki Don铁板套餐盖饭	Rice Bowls	14.95	1	0
25020817	i_23511882299	Brisket Rice Bowl 牛腩盖饭	Rice Bowls	12.95	1	0
25020817	i_113337582	Zha Jiang Noodle炸酱面	Chinese Noodle	14.95	1	0
25020817	i_8689652793	Chicken Hand-Made Noodle鸡肉手工面	Hand-Made Noodle(soup)	13.95	1	0
25020817	i_8688832503	Shrimp Hand-Made Noodle 虾🦐手工面	Hand-Made Noodle(soup)	13.95	1	0
25020817	i_8690517110	Beef Shank Hand Made noodle牛腱手工面	Hand-Made Noodle(soup)	13.95	1	0
25020817	i_8699770033	Brisket Hand-Made Noodle 牛腩手工面	Hand-Made Noodle(soup)	13.95	1	0
25020817	i_8699724484	Tofu+veggies Hand-Made Noodle豆腐-菜手工面	Hand-Made Noodle(soup)	13.95	1	1
25020817	i_8689267000	Combination Hand-Made Noodle套餐手工面	Hand-Made Noodle(soup)	15.95	1	0
25020817	i_133794280	Shoyu Ramen(shoyu broth)酱油拉面	Japanese Ramen	14.95	1	0
25020817	i_133794279	Spicy shoyu Ramen(shoyu broth)辣🌶️酱油拉面	Japanese Ramen	14.95	1	0
25020817	i_412692256	Hellfire Ramen地狱火拉面	Japanese Ramen	15.95	1	0
25020817	i_133794706	Veggies Ramen(veggies broth)豆腐菜拉面	Japanese Ramen	14.95	1	0
25020817	i_113336895	Tonkostu Ramen豚骨拉面	Japanese Ramen	14.95	1	0
25020817	i_8689266996	Pho with Sliced Beef 牛肉片越南粉	Vietnamese Pho(GF) gluten free upon requ	14.95	1	0
25020817	i_8679402405	Pho with Brisket 牛腩越南粉	Vietnamese Pho(GF) gluten free upon requ	14.95	1	0
25020817	i_8689729782	Pho with meatball 牛肉丸越南粉	Vietnamese Pho(GF) gluten free upon requ	14.95	1	0
25020817	i_8679468591	Pho with Tofu and Vegetables 豆腐-菜越南粉	Vietnamese Pho(GF) gluten free upon requ	14.95	1	1
25020817	i_8692116385	Combination Pho 套餐越南粉	Vietnamese Pho(GF) gluten free upon requ	15.95	1	0
25020817	i_8679468593	House Deluxe Pho火车头越南粉	Vietnamese Pho(GF) gluten free upon requ	16.95	1	0
25020817	i_11573759268	Pho with Chicken 鸡肉越南粉	Vietnamese Pho(GF) gluten free upon requ	14.95	1	0
25020817	i_8686094521	Shrimp Fried Rice 虾🦐炒饭	Fried Rice	13.95	1	0
25020817	i_8679574299	Beef Fried Rice 牛肉炒饭	Fried Rice	13.95	1	0
25020817	i_8699770782	Tofu+veggies Fried Rice 豆腐-菜炒饭	Fried Rice	13.95	1	0
25020817	i_8698119212	Combination Fried Rice 套餐炒饭	Fried Rice	15.95	1	0
25020817	i_127817752	Fried shrimp shumai炸虾烧卖	Appetizer	5.95	1	0
25020817	i_113336011	Steamed Chicken Dumpling (8)鸡水饺	Appetizer	6.95	1	0
25020817	i_113336013	Shrimp Shu Mai (8)虾🦐烧卖	Appetizer	5.95	1	0
25020817	i_148345946	Dumpling W. Spicy Sauce（chicken）辣🌶鸡水饺	Appetizer	7.95	1	0
25020817	i_113336026	Edamame毛豆	Appetizer	5.95	1	0
25020817	i_113336032	Takoyaki(5)章鱼烧	Appetizer	6.95	1	0
25020817	i_148345494	Steamed Pork Dumpling (8)猪肉水饺	Appetizer	6.95	1	0
25020817	i_8678901065	Seaweed Salad 海草沙拉	Appetizer	5.95	1	0
25020817	i_8687955009	Chicken Udon鸡肉乌冬面	Udon(Stir Fried)	13.95	1	0
25020817	i_8699724488	Shrimp Udon虾🦐乌冬面	Udon(Stir Fried)	13.95	1	0
25020817	i_8699756478	Beef Udon牛肉乌冬面	Udon(Stir Fried)	13.95	1	0
25020817	i_8679574282	Tofu+veggies Udon豆腐-菜乌冬面	Udon(Stir Fried)	13.95	1	0
25020817	i_8689652795	Combination Udon 套餐乌冬面	Udon(Stir Fried)	15.95	1	0
25020817	i_8684140143	Shrimp Lo Mein虾🦐捞面	Lo Mein(Stir Fried)	13.95	1	0
25020817	i_8699587078	Beef Lo Mein 牛肉捞面	Lo Mein(Stir Fried)	13.95	1	0
25020817	i_8698119202	Tofu+veggies Lo Mein 豆腐-菜捞面	Lo Mein(Stir Fried)	13.95	1	0
25020817	i_8699770040	Combination Lo Mein 套餐捞面	Lo Mein(Stir Fried)	15.95	1	0
25020817	i_8694590711	Shrimp Pad Thai 虾炒泰河粉	Pad Thai(Stir Fried) (GF) gluten free up	13.95	1	0
25020817	i_8679402411	Beef Pad Thai 牛炒泰河粉	Pad Thai(Stir Fried) (GF) gluten free up	13.95	1	0
25020817	i_8699813924	Tofu+veggies Pad Thai 豆腐-菜炒泰河粉	Pad Thai(Stir Fried) (GF) gluten free up	13.95	1	0
25020817	i_8697860634	Combination Pad Thai 套餐炒泰河粉	Pad Thai(Stir Fried) (GF) gluten free up	15.95	1	0
25020817	i_8695906304	Chicken Mai Fun 鸡肉炒米粉	Mai Fun(Stir Fried Rice Noodle)	13.95	1	0
25020817	i_8690573116	Shrimp Mai Fun 虾炒米粉	Mai Fun(Stir Fried Rice Noodle)	13.95	1	0
25020817	i_8699724490	Beef Mai Fun 牛肉炒米粉	Mai Fun(Stir Fried Rice Noodle)	13.95	1	0
25020817	i_8696439571	Tofu+veggies Mai Fun 豆腐-菜炒米粉	Mai Fun(Stir Fried Rice Noodle)	13.95	1	0
25020817	i_8699587149	Combination Mai Fun 套餐炒米粉	Mai Fun(Stir Fried Rice Noodle)	15.95	1	0
25060900	i_9315574159	Chicken Shawarma Plate	Main Menu	18.99	1	0
25060900	i_9315574158	Chicken Shawarma Wrap	Main Menu	12.99	1	0
25060900	i_9315574171	Greek Fries	Appetizers	7.99	1	0
25060900	i_9315574156	Gyro Pita	Main Menu	12.99	1	0
25060900	i_9315574182	Tzatziki	Sides	2.50	1	0
25060900	i_9315574186	Grilled Pita Bread	Sides	2.99	1	0
25060900	i_9315574163	Beef Kebab Plate	Main Menu	22.99	1	0
25060900	i_9315574180	Falafel	Sides	6.99	1	0
25060900	i_9315574165	Kofte Plate	Main Menu	19.99	1	0
25060900	i_9315574173	Hummus Plate	Appetizers	7.99	1	0
25060900	i_9315574155	Gyro Wrap	Main Menu	12.99	1	0
25060900	i_9315574157	Gyro Plate	Main Menu	19.99	1	0
25060900	i_9315574162	Beef Kebab Wrap	Main Menu	13.99	1	0
25060900	i_9315574164	Kofta Wrap	Main Menu	13.99	1	0
25060900	i_9315574166	Falafel Wrap	Main Menu	12.99	1	0
25060900	i_9315574167	Falafel Pita	Main Menu	12.99	1	0
25060900	i_9315574168	Falafel Plate	Main Menu	17.99	1	0
25060900	i_9315574169	Fries	Appetizers	6.99	1	0
25060900	i_9315574170	Large Fries	Appetizers	8.99	1	0
25060900	i_9315574172	Large Greek Fries	Appetizers	9.99	1	0
25060900	i_9315574174	Baba Ghanoush with Pita Bread Plate	Appetizers	7.99	1	0
25060900	i_9315574176	Turkish Tabbouleh Plate	Appetizers	8.99	1	0
25060900	i_9315574177	Grape Leaves Plate	Appetizers	6.99	1	0
25060900	i_9315574181	Hummus	Sides	2.50	1	0
25060900	i_9315574183	Baba Ghanoush	Sides	2.50	1	0
25060900	i_9315574187	Feta Cheese	Sides	2.99	1	0
25060900	i_9315574188	Spicy Giardiniera Peppers	Sides	2.50	1	0
25060900	i_9315574189	Coca-Cola or Zero	Beverages	1.99	1	1
25060900	i_9315574190	Diet Coke or Sprite	Beverages	1.99	1	1
25060900	i_9315574191	Italian Soda	Beverages	2.99	1	0
25060900	i_9315574192	San Pellegrino	Beverages	2.99	1	0
25060900	i_9315574193	Perrier	Beverages	2.99	1	0
25060900	i_9315574194	Root Beer	Beverages	2.99	1	0
25060900	i_9315574197	Water	Beverages	1.49	1	0
25060900	i_9315574199	Shepherd Salad	Soup & Salad	7.99	1	0
25060900	i_10366152752	Lentil Soup	Soup & Salad	6.99	1	0
25060900	i_9315574201	Turkish Walnut Baklava	Desserts	6.99	1	0
25060900	i_9315574202	Pistachio Baklava	Desserts	6.99	1	0
25060900	i_9502143750	Baklava Mix	Desserts	8.99	1	0
25060900	i_36478706913	Dubai pistachio cheesecake	Desserts	9.99	1	0
25596481	i_19753785840	Create Your Own	Custom	12.75	1	1
25596481	i_12818172572	Harvest Bowl	Bowls	15.50	1	0
25596481	i_44315041535	Classic Chicken Caesar	Wraps	12.95	1	0
25596481	i_12818206727	Miso Glazed Salmon	Protein Plates	18.75	1	0
25596481	i_12818172571	Chicken Pesto Parm	Bowls	15.95	1	0
25596481	i_38703662879	Hot Honey Chicken	Protein Plates	17.50	1	0
25596481	i_19283910410	Caramelized Garlic Steak	Protein Plates	18.75	1	0
25596481	i_12818172574	Chicken Avocado Ranch	Bowls	16.25	1	0
25596481	i_19751739651	Hummus + Focaccia	Sides	4.95	1	0
25596481	i_44315041537	Chicken Jalapeño Ranch	Wraps	13.75	1	0
25596481	i_44466873063	Alice Waters' Peach & Goat Cheese Salad	Summer Menu	16.50	1	0
25596481	i_44395516572	Summer Market Bowl	Summer Menu	16.95	1	0
25596481	i_44395516571	Picnic Bowl	Summer Menu	15.75	1	0
25596481	i_44315041536	Cali Chicken Club	Wraps	14.95	1	0
25596481	i_44315041538	Saucy KBBQ Chicken	Wraps	13.75	1	0
25596481	i_12818172573	Crispy Rice Bowl	Bowls	16.25	1	0
25596481	i_35664065091	Steak Honey Crunch	Bowls	18.25	1	0
25596481	i_12818172576	Shroomami	Bowls	14.75	1	0
25596481	i_12818172575	Fish Taco	Bowls	17.95	1	0
25596481	i_43361138883	Chicken Sesame Crunch	Salads	15.50	1	0
25596481	i_19751879781	Buffalo Chicken	Salads	16.50	1	0
25596481	i_19751879780	Super Green Goddess	Salads	13.25	1	0
25596481	i_19751879782	Kale Caesar	Salads	15.25	1	0
25596481	i_19751879778	Guacamole Greens	Salads	16.25	1	0
25596481	i_19753790007	BBQ Chicken Salad	Salads	16.25	1	0
25596481	i_19751879776	Hummus Crunch	Salads	15.95	1	0
25596481	i_35664065092	Steak Mezze	Protein Plates	17.95	1	0
25596481	i_19751881910	Ranchy Chicken + Rice	Kids Meals	9.75	1	0
25596481	i_19751881909	Little Harvest	Kids Meals	9.75	1	0
25596481	i_19751881911	Mini Mezze	Kids Meals	9.75	1	0
25596481	i_19751881912	Honest Kids Apple Juice	Kids Meals	2.25	1	0
25596481	i_44383390802	Olive Oil Tortilla	Sides	1.75	1	0
25596481	i_19751739654	Rosemary Focaccia	Sides	2.95	1	0
25596481	i_19751739649	SG X Siete: Green Goddess Ranch Potato Chips	Sides	3.50	1	0
25596481	i_19751739650	Siete Sea Salt Potato Chips	Sides	3.50	1	0
25596481	i_19751739653	Roasted Sweet Potatoes + Hot Honey Mustard	Sides	4.75	1	0
25596481	i_19751739652	Roasted Sweet Potatoes + Green Goddess Ranch	Sides	4.75	1	0
25596481	i_19751877424	Hu Salty Dark Chocolate Bar	Dessert	6.95	1	0
25596481	i_19751877425	Hu Cashews + Vanilla Bean Hunks	Dessert	3.75	1	0
25596481	i_19751877426	Crispy Rice Treat	Dessert	3.75	1	0
25596481	i_19751855007	OLIPOP Lemon Lime Soda	Drinks	4.25	1	0
25596481	i_19751855006	OLIPOP Vintage Cola	Drinks	4.25	1	0
25596481	i_19751855002	Harney & Sons Organic Lemonade	Drinks	4.25	1	0
25596481	i_19751855008	Spindrift Grapefruit	Drinks	3.50	1	0
25596481	i_19751855005	Still Water	Drinks	3.25	1	0
25596481	i_19751855003	Health-Ade Passionfruit Tangerine	Drinks	4.75	1	0
25596481	i_19751855009	Spindrift Raspberry Lime	Drinks	3.50	1	0
25596481	i_19751855001	Health-Ade Pink Lady Apple	Drinks	4.75	1	0
25596481	i_19751855004	Sparkling Water	Drinks	3.50	1	0
25596481	i_19751854999	Organic Hibiscus Berry Tea	Drinks	4.25	1	0
25596481	i_19751855000	Organic Jasmine Green Tea	Drinks	4.25	1	0
25994411	i_15124734683	Any Three Roll	Make Lunch Special	15.00	1	1
25994411	i_15124734682	Any Two Roll	Make Lunch Special	11.00	1	1
25994411	i_15124720243	Miso Soup	Soup	3.00	1	1
25994411	i_15124731347	Spicy Tuna Roll	Classic Roll or Hand Roll	6.50	1	1
25994411	i_15124731350	Spicy Scallop Roll	Classic Roll or Hand Roll	6.50	1	1
25994411	i_15124734673	Fuji Roll	Signature Roll	15.00	1	0
25994411	i_15124731342	Philadelphia Roll	Classic Roll or Hand Roll	6.50	1	1
25994411	i_15124716416	Edamame	Kitchen Appetizer	5.50	1	0
25994411	i_15124731348	Spicy Salmon Roll	Classic Roll or Hand Roll	6.50	1	1
25994411	i_15124716069	Volcano Roll	Signature Roll	12.00	1	0
25994411	i_15124723342	Sushi Chef Special	Sushi Bar Appetizer	10.50	1	0
25994411	i_15124716417	Fried Tofu (6)	Kitchen Appetizer	5.50	1	0
25994411	i_15124716418	French Fries	Kitchen Appetizer	5.50	1	0
25994411	i_15124716419	Chicken Wings (6)	Kitchen Appetizer	7.50	1	0
25994411	i_15124716420	Ebi Shumai (6)	Kitchen Appetizer	7.50	1	0
25994411	i_15124716421	Pork Gyoza (6)	Kitchen Appetizer	7.50	1	0
25994411	i_15124716422	Vegetable Gyoza (6)	Kitchen Appetizer	7.50	1	0
25994411	i_15124716423	Shrimp Tempura (5)	Kitchen Appetizer	7.50	1	0
25994411	i_15124716424	Vegetable Tempura (12)	Kitchen Appetizer	7.50	1	0
25994411	i_15124716425	Chicken Tempura (6)	Kitchen Appetizer	7.50	1	0
25994411	i_15124720245	Seafood Soup	Soup	5.00	1	1
25994411	i_15124730008	Seaweed Salad	Salad	6.00	1	0
25994411	i_15124730009	Spicy Kani Salad	Salad	6.00	1	0
25994411	i_15124730010	Sesame Kani Salad	Salad	6.00	1	0
25994411	i_15124730011	Salmon Skin Salad	Salad	8.00	1	0
25994411	i_15124730012	House Salad	Salad	5.00	1	0
25994411	i_15124730013	Spicy Salmon Salad	Salad	9.00	1	0
25994411	i_15124730014	Spicy Tuna Salad	Salad	9.00	1	0
25994411	i_15124716412	Vegetables	Ramen	12.00	1	0
25994411	i_15124716413	Chicken	Ramen	14.00	1	0
25994411	i_15124716414	Beef	Ramen	15.00	1	0
25994411	i_15124716415	Seafood	Ramen	16.00	1	0
25994411	i_15124730015	Tuna	Sushi Sashimi - A La Carte	2.75	1	1
25994411	i_15124730016	Salmon	Sushi Sashimi - A La Carte	2.75	1	1
25994411	i_15124730017	Yellowtail	Sushi Sashimi - A La Carte	2.75	1	1
25994411	i_15124730018	Shrimp	Sushi Sashimi - A La Carte	2.75	1	1
25994411	i_15124730019	White Fish	Sushi Sashimi - A La Carte	2.75	1	1
25994411	i_15124730020	White Tuna	Sushi Sashimi - A La Carte	2.75	1	1
25994411	i_15124730021	Mackerel	Sushi Sashimi - A La Carte	2.75	1	1
25994411	i_15124730022	Smoked Salmon	Sushi Sashimi - A La Carte	2.75	1	1
25994411	i_15124730023	Squid	Sushi Sashimi - A La Carte	2.75	1	1
25994411	i_15124730024	Crab Meat	Sushi Sashimi - A La Carte	2.75	1	1
25994411	i_15124730025	Eel	Sushi Sashimi - A La Carte	2.75	1	1
25994411	i_15124730026	Tofu Skin	Sushi Sashimi - A La Carte	2.75	1	1
25994411	i_15124730027	Octopus	Sushi Sashimi - A La Carte	2.75	1	1
25994411	i_15124730029	Flying Fish Roe	Sushi Sashimi - A La Carte	2.75	1	1
25994411	i_15124730030	Salmon Roe	Sushi Sashimi - A La Carte	2.75	1	1
25994411	i_15124730032	Scallop	Sushi Sashimi - A La Carte	2.75	1	1
25994411	i_15124730033	Egg Cake	Sushi Sashimi - A La Carte	2.75	1	1
25994411	i_15124733507	Vegetable	Hibachi	12.00	1	1
25994411	i_15124733509	Steak	Hibachi	15.00	1	1
25994411	i_15124720246	Cucumber Roll	Vegetable Roll or Hand Roll	4.50	1	1
25994411	i_15124720247	Avocado Roll	Vegetable Roll or Hand Roll	4.50	1	1
25994411	i_15124720249	Avocado Cucumber Roll	Vegetable Roll or Hand Roll	5.50	1	1
25994411	i_15124720250	Sweet Potato Roll	Vegetable Roll or Hand Roll	5.50	1	1
25994411	i_15124731329	California Roll	Classic Roll or Hand Roll	5.50	1	1
25994411	i_15124731330	Crabmeat Cream Cheese Roll	Classic Roll or Hand Roll	5.50	1	1
25994411	i_15124731331	Salmon Skin Roll	Classic Roll or Hand Roll	5.50	1	1
25994411	i_15124731332	Boston Roll	Classic Roll or Hand Roll	6.50	1	1
25994411	i_15124731333	Veggie Tempura Roll	Classic Roll or Hand Roll	6.50	1	1
25994411	i_15124731334	Shrimp Tempura Roll	Classic Roll or Hand Roll	7.50	1	1
25994411	i_15124731335	Spider Tempura Roll	Classic Roll or Hand Roll	7.50	1	1
25994411	i_15124731336	Eel Avocado or Cucumber Roll	Classic Roll or Hand Roll	6.50	1	1
25994411	i_15124731337	Spicy Crabmeat Roll	Classic Roll or Hand Roll	6.50	1	1
25994411	i_15124731338	Tuna Roll	Classic Roll or Hand Roll	5.50	1	1
25994411	i_15124731339	Salmon Roll	Classic Roll or Hand Roll	5.50	1	1
25994411	i_15124731340	Yellowtail Roll	Classic Roll or Hand Roll	5.50	1	1
25994411	i_15124731341	White Tuna Roll	Classic Roll or Hand Roll	5.50	1	1
25994411	i_15124731343	Alaska Roll	Classic Roll or Hand Roll	6.50	1	1
25994411	i_15124731344	Tuna Avocado or Cucumber Roll	Classic Roll or Hand Roll	6.50	1	1
25994411	i_15124731345	Salmon Avocado or Cucumber Roll	Classic Roll or Hand Roll	6.50	1	1
25994411	i_15124731346	White Tuna Avocado or Cucumber Roll	Classic Roll or Hand Roll	6.50	1	1
25994411	i_15124731349	Spicy White Fish Roll	Classic Roll or Hand Roll	6.50	1	1
25994411	i_15124716065	Golden California Roll	Signature Roll	10.00	1	0
25994411	i_15124716066	Washington Roll	Signature Roll	10.00	1	0
25994411	i_15124716067	Dragonroll	Signature Roll	12.00	1	0
25994411	i_15124716068	Snowstorm Roll	Signature Roll	12.00	1	0
25994411	i_15124716070	Rainbow Roll	Signature Roll	12.00	1	0
25994411	i_15124716071	Ocean Breeze Roll	Signature Roll	12.00	1	0
25994411	i_15124716072	Tiger Roll	Signature Roll	15.00	1	0
25994411	i_15124734674	Madison Roll	Signature Roll	15.00	1	0
25994411	i_15124734675	Pink Lady Roll	Signature Roll	15.00	1	0
25994411	i_15124734676	Salmon Love Roll	Signature Roll	15.00	1	0
25994411	i_15124734677	Crazy Roll	Signature Roll	15.00	1	0
25994411	i_15124734678	Godzilla Roll	Signature Roll	15.00	1	0
25994411	i_15124734679	New York City Roll	Signature Roll	15.00	1	0
25994411	i_15124734680	Super Lobster Roll	Signature Roll	15.00	1	0
25994411	i_15124734681	American Dream Roll	Signature Roll	15.00	1	0
25994411	i_15124731351	Tempura Bento Box	Bento Box Special	15.00	1	0
25994411	i_15124731352	Chicken Teriyaki Bento Box	Bento Box Special	14.00	1	0
25994411	i_15124731353	Steak Teriyaki Bento Box	Bento Box Special	15.00	1	0
25994411	i_15124731354	Shrimp Teriyaki Bento Box	Bento Box Special	15.00	1	0
25994411	i_15124731355	Salmon Eel Sauce Bento Box	Bento Box Special	15.00	1	0
25994411	i_15124731356	Eel Eel Sauce Bento Box	Bento Box Special	15.00	1	0
25994411	i_15124723343	Sushi Regular	Sushi Sashimi Combo	17.50	1	1
25994411	i_15124723344	Sashimi Regular	Sushi Sashimi Combo	22.50	1	1
25994411	i_15124723345	Sushi Sashimi Regular	Sushi Sashimi Combo	37.50	1	1
25994411	i_15124723346	Sushi Deluxe	Sushi Sashimi Combo	22.50	1	1
25994411	i_15124723347	Sashimi Deluxe	Sushi Sashimi Combo	32.50	1	1
25994411	i_15124723348	Noahs Ark	Sushi Sashimi Combo	67.50	1	1
26182944	i_10422863101	1. Pork Egg Roll	Appetizers	1.99	1	0
26182944	i_10422862975	C18. Sesame Chicken Dinner Combination	All Day Specialties	11.69	1	1
26182944	i_10422863069	10. Crab Rangoon	Appetizers	7.29	1	0
26182944	i_10422863109	Can of Soda	Beverages	1.55	1	1
26182944	i_10422863114	3. Vegetable Roll	Appetizers	2.39	1	0
26182944	i_10422863115	8. Pork Dumplings	Appetizers	9.69	1	1
26182944	i_10422862982	C17. General Tso's Chicken Dinner Comb	All Day Specialties	11.69	1	1
26182944	i_10417387068	H51. Hot Pepper Chicken麻辣鸡丁	Chef's Specials	15.59	1	0
26182944	i_10422863025	52. Chicken Lo Mein	Lo Mein	9.29	1	1
26182944	i_10422863117	50. Vegetable Lo Mein	Lo Mein	8.99	1	1
26182944	i_10422863088	42. Chicken Chop Suey	Chop Suey	13.99	1	0
26182944	i_10422863086	40. Vegetable Chop Suey	Chop Suey	12.99	1	0
26182944	i_10422863110	41. Pork Chop Suey	Chop Suey	13.99	1	0
26182944	i_10422863146	44. Shrimp Chop Suey	Chop Suey	13.99	1	0
26182944	i_10422863009	46. Seafood Chop Suey	Chop Suey	14.29	1	0
26182944	i_10422863015	43. Beef Chop Suey	Chop Suey	14.29	1	0
26182944	i_10422863047	45. House Special Chop Suey	Chop Suey	14.29	1	0
26182944	i_10422862960	33. Seafood Fried Rice	Fried Rice	10.99	1	0
26182944	i_10422862962	32. House Special Fried Rice	Fried Rice	7.99	1	1
26182944	i_10422862971	31. Shrimp Fried Rice	Fried Rice	10.19	1	1
26182944	i_10422862976	29. Chicken Fried Rice	Fried Rice	7.99	1	1
26182944	i_10422862988	28. Roast Pork Fried Rice	Fried Rice	7.99	1	1
26182944	i_10422862998	27. Vegetable Fried Rice	Fried Rice	7.69	1	1
26182944	i_10422863010	26. Egg Fried Rice	Fried Rice	7.99	1	1
26182944	i_10422863058	30. Beef Fried Rice	Fried Rice	8.29	1	1
26182944	i_10422863080	25. Plain Fried Rice	Fried Rice	3.99	1	1
26182944	i_30169940297	Yangchou fried rice	Fried Rice	11.99	1	0
26182944	i_10417387056	H64. Beef with Spicy Capsicum尖椒牛肉	Chef's Specials	16.59	1	0
26182944	i_10417387055	H49. Sichuan Twice Cooked Pork 四川回锅肉	Chef's Specials	15.59	1	0
26182944	i_10417387054	H56. Pig Stomach with Celery西芹猪肚	Chef's Specials	15.59	1	0
26182944	i_10417387053	H57. Shredded Pork with Green Pepper青椒肉丝	Chef's Specials	15.59	1	0
26182944	i_10417387060	H44. Beef Stew Hot Spicy Wok牛腩麻辣锅	Chef's Specials	16.99	1	0
26182944	i_10417387059	H52. Brine Chicken 盐水鸡	Chef's Specials	15.59	1	0
26182944	i_10417387058	H55. Beef with Celery西芹牛肉	Chef's Specials	16.59	1	0
26182944	i_10417387057	H58. Pork with Spicy Capsicum尖椒猪肉	Chef's Specials	15.59	1	0
26182944	i_10417387064	H62. Pig Stomach with Spicy Capsicum尖椒猪肚	Chef's Specials	15.59	1	0
26182944	i_10417387063	H63. Pig Liver with Spicy Capsicum尖椒猪肝	Chef's Specials	15.59	1	0
26182944	i_10417387062	H42. Beef with Cumin Powder孜然牛肉	Chef's Specials	16.59	1	0
26182944	i_10417387061	H43. Beef Hot Spicy Wok牛肉麻辣锅	Chef's Specials	16.59	1	0
26182944	i_10417387067	H53. Chicken with Eggplant茄子鸡片	Chef's Specials	15.59	1	0
26182944	i_10417387066	H54. Salt and Pepper Squid椒盐鱿鱼	Chef's Specials	15.59	1	0
26182944	i_10417387065	H61. Pig Intestine with Spicy Capsicum尖椒肥肠	Chef's Specials	15.59	1	0
26182944	i_10417387072	H47. Lamb Hot Spicy Wok羊肉麻辣锅	Chef's Specials	17.99	1	0
26182944	i_10417387071	H48. Boiled Lamb in Sichuan Spicy Sauce水煮羊肉	Chef's Specials	17.99	1	0
26182944	i_10417387070	H39. Beef String Beans牛肉四季豆	Chef's Specials	16.59	1	0
26182944	i_10422862876	H45. Boiled Beef in Sichuan Spicy Sauce水煮牛肉	Chef's Specials	16.59	1	0
26182944	i_10422862875	H34. Cantonese Beef Ribs港式牛仔骨	Chef's Specials	17.99	1	1
26182944	i_10422862874	A13. House Duck烧鸭	Chef's Specials	29.99	1	0
26182944	i_10422862873	H46. Lamb with Cumin Powder孜然羊肉	Chef's Specials	17.99	1	0
26182944	i_10422862879	H40. Beef with Eggplant牛肉茄子	Chef's Specials	16.59	1	0
26182944	i_10422862878	H50. Hunan Roast Pork红烧肉	Chef's Specials	15.59	1	0
26182944	i_10422862883	H38. Chicken Shredded Potato鸡肉土豆丝	Chef's Specials	15.59	1	0
26182944	i_10422862882	H37. Beef Shredded Potato牛肉土豆丝	Chef's Specials	16.59	1	0
26182944	i_10422862881	A15. Kyoto Ribs京都排骨（咸口）	Chef's Specials	15.59	1	0
26182944	i_10422862888	H33. Cantonese Beef Stew港式牛腩	Chef's Specials	13.99	1	1
26182944	i_10422862887	H32. Roast Duck烧鸭	Chef's Specials	47.98	1	1
26182944	i_10422862886	H35. Eggplant with Mixed Meat肉末茄子	Chef's Specials	15.59	1	0
26182944	i_10422862885	H36. Minced Meat Tofu肉末豆腐	Chef's Specials	15.59	1	0
26182944	i_10422862890	H31. Roast Ribs with House Sauce红烧排骨	Chef's Specials	13.99	1	1
26182944	i_10422862889	H30. Ribs in Black Bean Sauce豆豉排骨	Chef's Specials	12.99	1	1
26182944	i_10422862897	A12. Seafood Delight海鲜大会	Chef's Specials	15.49	1	0
26182944	i_10422862905	A10. Scallops and Shrimp with Garlic Sauce鱼香干贝虾	Chef's Specials	15.99	1	0
26182944	i_10422862903	A11. Happy Family全家福	Chef's Specials	16.29	1	0
26182944	i_10422862910	A8. Beef & Scallops干贝牛	Chef's Specials	16.29	1	0
26182944	i_10422862908	A9. Dragon and Phoenixrong龙凤配	Chef's Specials	16.29	1	0
26182944	i_10422862912	A7. Hunan Double Delight湖南两样	Chef's Specials	15.99	1	0
26182944	i_10422862918	A6. 4 Seasons炒四季	Chef's Specials	16.29	1	0
26182944	i_10422862956	A3. Orange Chicken陈皮鸡	Chef's Specials	14.29	1	0
26182944	i_10422862957	H28. Tai's Curry Coconut Wings泰式咖喱鸡翅	Chef's Specials	13.59	1	1
26182944	i_10422863090	A1. General Tso's Chicken左宗鸡	Chef's Specials	14.29	1	0
26182944	i_10422862966	A5. Triple Delight炒三鲜	Chef's Specials	15.99	1	0
26182944	i_10422862973	A4. beef 陈皮牛	Chef's Specials	15.99	1	1
26182944	i_10422863012	A2. Sesame Chicken芝麻鸡	Chef's Specials	14.29	1	0
26182944	i_10422863038	H41. Hibachi Beef铁板牛	Chef's Specials	16.59	1	0
26182944	i_10422862952	B14. Beef with Straight Bean	Beef	16.59	1	0
26182944	i_10422863091	B4. Beef with Mushrooms	Beef	14.99	1	0
26182944	i_10422863094	B8. Beef with Garlic Sauce	Beef	14.99	1	0
26182944	i_10422863107	B3. Beef with Snow Peas	Beef	14.99	1	0
26182944	i_10422863119	B1. Beef with Broccoli	Beef	14.99	1	0
26182944	i_10422863124	B2. Beef with Mixed Vegetables	Beef	14.99	1	0
26182944	i_10422862992	B13. Scallion Beef	Beef	14.99	1	0
26182944	i_10422862994	B10. Szechuan Beef	Beef	14.99	1	0
26182944	i_10422863008	B9. Hunan Beef	Beef	14.99	1	0
26182944	i_10422863013	B11. Hot and Spicy Beef	Beef	14.99	1	0
26182944	i_10422863017	B7. Mongolian Beef	Beef	14.99	1	0
26182944	i_10422863021	B6. Beef with Pepper and Tomato	Beef	14.99	1	0
26182944	i_10422863037	B5. Pepper Steak with Onion	Beef	14.99	1	0
26182944	i_10422863098	Bottled Water	Beverages	1.55	1	0
26182944	i_10422863121	Arizona Watermelon	Beverages	2.00	1	0
26182944	i_10422863031	Arizona Iced Tea	Beverages	2.00	1	0
26182944	i_10422863057	Arizona Mango	Beverages	2.00	1	0
26182944	i_10422863065	Arizona Green Tea	Beverages	2.00	1	0
26182944	i_10417387046	Wanglaoji Herbal Tea	Beverages	2.55	1	0
26182944	i_10417387044	Vita lemon tea	Beverages	2.55	1	0
26182944	i_10417387045	coconut milk	Beverages	2.55	1	0
26182944	i_10417387052	soy milk	Beverages	3.00	1	0
26182944	i_10417387049	Master Kong green tea	Beverages	3.00	1	0
26182944	i_10417387051	Master Kong Iced Tea	Beverages	3.00	1	0
26182944	i_10417387047	Jasmine honey Tea	Beverages	3.00	1	0
26182944	i_10417387048	Jasmine Tea	Beverages	3.00	1	0
26182944	i_30216737803	Arizona orange	Beverages	2.00	1	0
26182944	i_10422862926	56. Seafood Lo Mein	Lo Mein	12.99	1	0
26182944	i_10422863130	51. Pork Lo Mein	Lo Mein	9.29	1	1
26182944	i_10422862969	55. House Special Lo Mein	Lo Mein	9.39	1	1
26182944	i_10422862993	53. Beef Lo Mein	Lo Mein	9.39	1	1
26182944	i_10422863022	54. Shrimp Lo Mein	Lo Mein	9.29	1	1
26182944	i_10422863093	A7. Crystal Shrimp Dumplings	Appetizers	6.59	1	0
26182944	i_10422863104	2. Shrimp Roll	Appetizers	2.39	1	0
26182944	i_10422863108	4. Fried Wontons	Appetizers	6.59	1	0
26182944	i_10422863135	7. French Fries	Appetizers	3.99	1	1
26182944	i_10422863134	6. Chicken Wings	Appetizers	7.59	1	0
26182944	i_10422863133	5. Teriyaki Chicken	Appetizers	6.59	1	0
26182944	i_10422863036	A9. Steam Little Dumplings	Appetizers	11.29	1	0
26182944	i_10422863035	A5. Edamame	Appetizers	6.99	1	0
26182944	i_10422863041	A6. Cantonese Dumplings	Appetizers	6.59	1	0
26182944	i_10422863040	A8. Deep Fried Milky Buns	Appetizers	7.99	1	0
26182944	i_10422863054	A3. Red Beans Pan Fried Cake	Appetizers	6.59	1	0
26182944	i_10422863062	A1. Deep-Fried Breadstick	Appetizers	3.59	1	0
26182944	i_10422863060	A2. Taro Pan Fried Cake	Appetizers	6.59	1	0
26182944	i_10422863063	11. Cold Sesame Noodle	Appetizers	9.99	1	0
26182944	i_10422863070	9. Chinese Donuts	Appetizers	5.99	1	0
26182944	i_10422863089	62. Chicken Mei Fun	Mei Fun	12.99	1	0
26182944	i_10422863095	66. House Special Mei Fun	Mei Fun	13.59	1	0
26182944	i_10422863099	63. Beef Mei Fun	Mei Fun	13.59	1	0
26182944	i_10422863097	61. Pork Mei Fun	Mei Fun	12.99	1	0
26182944	i_10422863120	60. Vegetable Mei Fun	Mei Fun	12.79	1	0
26182944	i_10422863056	64. Shrimp Mei Fun	Mei Fun	12.99	1	0
26182944	i_10422863066	65. Singapore Mei Fun	Mei Fun	13.59	1	0
26182944	i_10422863064	67. Seafood Mei Fun	Mei Fun	13.59	1	0
26182944	i_10422863096	71. Pork Egg Foo Young	Egg Foo Young	12.59	1	0
26182944	i_10422863106	72. Chicken Egg Foo Young	Egg Foo Young	12.59	1	0
26182944	i_10422863123	70. Vegetable Egg Foo Young	Egg Foo Young	12.29	1	0
26182944	i_10422862996	74. Shrimp Egg Foo Young	Egg Foo Young	12.59	1	0
26182944	i_10422862997	76. Seafood Egg Foo Young	Egg Foo Young	12.69	1	0
26182944	i_10422863020	73. Beef Egg Foo Young	Egg Foo Young	12.69	1	0
26182944	i_10422863067	75. House Special Egg Foo Young	Egg Foo Young	12.69	1	0
26182944	i_10422862904	C35. Mongolian Beef Dinner Combination	All Day Specialties	11.99	1	1
26182944	i_10422862913	C36. Hot and Spicy Beef Dinner Combination	All Day Specialties	11.99	1	1
26182944	i_10422862920	C34. Hunan Beef Dinner Combination	All Day Specialties	11.99	1	1
26182944	i_10422862923	C30. Orange Chicken Dinner Combination	All Day Specialties	11.69	1	1
26182944	i_10422862925	C33. Pepper Steak with Onion Dinner Combination	All Day Specialties	11.99	1	1
26182944	i_10422862931	C32. Beef with Mushrooms Dinner Combination	All Day Specialties	11.99	1	1
26182944	i_10422862930	C23. Moo Goo Gai Pan Dinner Combination	All Day Specialties	11.69	1	1
26182944	i_10422862935	C31. Beef with Broccoli Dinner Combination	All Day Specialties	11.99	1	1
26182944	i_10422862940	C27. Hunan Chicken Dinner Combination	All Day Specialties	11.69	1	1
26182944	i_10422862939	C28. Szechuan Chicken Dinner Special	All Day Specialties	11.69	1	1
26182944	i_10422862938	C29. Kung Pao Chicken Dinner Combination	All Day Specialties	11.69	1	1
26182944	i_10422862942	C26. Chicken with Garlic Sauce Dinner Combination	All Day Specialties	11.69	1	1
26182944	i_10422862947	C25. Curry Chicken Dinner Combination	All Day Specialties	11.69	1	1
26182944	i_10422862951	C22. Chicken with Snow Peas Dinner Combination	All Day Specialties	11.69	1	1
26268759	i_10600807363	Bento Combo Box	Bento Combo Box	15.00	1	1
26268759	i_10600807306	09. Deep-fried Veggie Roll	Dim Sum Menu	7.95	1	0
26268759	i_10600807360	K03.. Lo Mein / 撈麵	Drinks/ Sides	6.00	1	0
26268759	i_10600807319	22. Xiao Long Bao (Pork & Cabbage) / 手工小籠蒸包	Dim Sum Menu	8.95	1	0
26268759	i_10600807328	E03.. General Tso's Chicken /左宗雞	Chicken	16.00	1	0
26268759	i_10600807329	E04.. Sesame Chicken / 芝麻雞	Chicken	15.00	1	0
26268759	i_10600807308	11. Pan-fried Potstickers / 京都鍋貼	Dim Sum Menu	7.95	1	0
26268759	i_10600807298	01. Siu Mai / 柱黃蒸燒賣	Dim Sum Menu	6.95	1	0
26268759	i_10600807358	K01.. White Rice / 白飯	Drinks/ Sides	3.00	1	0
26268759	i_10600807299	02. Stuffed Bean Curd Skin / 鮑汁鮮竹卷	Dim Sum Menu	6.95	1	0
26268759	i_10600807300	03. Spare Ribs / 豉汁蒸排骨	Dim Sum Menu	7.95	1	0
26268759	i_10600807301	04. Chicken Feet / 好味醬蒸鳳爪	Dim Sum Menu	6.95	1	0
26268759	i_10600807303	06. Stuffed Sticky Rice in Lotus Leaf / 珍珠糯米雞	Dim Sum Menu	6.95	1	0
26268759	i_10600807304	07. Short Rib W/ Honey Sauce / 蜜汁牛仔骨	Dim Sum Menu	8.95	1	0
26268759	i_10600807305	08. Braised Pork Belly W/lotus Root / 蓮藕燜花腩	Dim Sum Menu	8.95	1	0
26268759	i_10600807310	13. Red Bean Paste Bun / 豆沙包	Dim Sum Menu	6.95	1	0
26268759	i_10600807311	14. BBQ Pork Bun / 蠔皇叉燒包	Dim Sum Menu	7.95	1	0
26268759	i_10600807312	15. Vegetable Congee / 青菜粥	Dim Sum Menu	7.95	1	0
26268759	i_10600807313	16. Pork W/ Preserved Egg Congee / 皮蛋瘦肉粥	Dim Sum Menu	7.95	1	0
26268759	i_10600807314	17. Fresh Fish Paste Congee / 生滾魚滑粥	Dim Sum Menu	7.95	1	0
26268759	i_10600807315	18. Deep-fried Dough Sticks / 油條	Dim Sum Menu	5.00	1	0
26268759	i_10600807316	19. Beef Congee W/egg	Dim Sum Menu	9.95	1	0
26268759	i_10600807320	D01. Salt & Pepper Shrimp / 椒鹽大蝦	Seafood / 海鮮	20.00	1	0
26268759	i_10600807321	D02. Salt & Pepper Calamari	Seafood / 海鮮	22.00	1	0
26268759	i_10600807322	D03. Seafood Delight / 海鮮大燴	Seafood / 海鮮	22.00	1	0
26268759	i_10600807323	D04. Kung Pao Shrimp / 宮保蝦	Seafood / 海鮮	20.00	1	0
26268759	i_10600807324	D05. Ginger & Scallion Shrimp / 薑葱大蝦	Seafood / 海鮮	20.00	1	0
26268759	i_10600807325	D06. Salt & Pepper Fish Filet	Seafood / 海鮮	19.00	1	0
26268759	i_10600807326	E01. Sweet & Sour Chicken /酸甜雞	Chicken	15.00	1	0
26268759	i_10600807327	E02. Kung Pao Chicken / 宮保雞	Chicken	15.00	1	0
26268759	i_10600807330	E05.. Chicken W. Broccoli / 芥蘭雞肉	Chicken	16.00	1	0
26268759	i_10600807331	E06.. Stir-fry Chicken & Eggplant	Chicken	16.00	1	0
26268759	i_10600807332	E07.. Moo Shu Chicken / 木須雞肉	Chicken	16.00	1	0
26268759	i_10600807333	E08.. Cashew Chicken / 腰果雞	Chicken	16.00	1	0
26268759	i_10600807334	E09.. Stir-fry Chicken W. Hot Chili	Chicken	16.00	1	0
26268759	i_10600807335	F01.. Beef W. Broccoli / 芥蘭牛肉	Beef	18.00	1	0
26268759	i_10600807336	F02.. Beef W. Black Pepper Sauce	Beef	18.00	1	0
26268759	i_10600807337	F03.. Mongolian Beef / 蒙古牛肉	Beef	18.00	1	0
26268759	i_10600807338	F04.. Ginger & Scallion Beef / 薑葱牛肉	Beef	17.00	1	0
26268759	i_10600807339	G01.. Twice Cooked Pork / 回鍋肉	Pork	17.00	1	0
26268759	i_10600807340	G02.. Roasted Pork Belly in House Sauce	Pork	17.00	1	0
26268759	i_10600807341	G03.. Moo Shu Pork / 木須豬肉	Pork	16.00	1	0
26268759	i_10600807343	102. Garlic Baby Bok Choy	Vegetable	15.00	1	0
26268759	i_10600807345	104.. Ma Po Tofu / 麻婆豆腐	Vegetable	15.00	1	0
26268759	i_10600807346	105.. Stir-fry String Beans / 乾煸四季豆	Vegetable	16.00	1	0
26268759	i_10600807347	106.. Eggplant W. Garlic Sauce	Vegetable	16.00	1	0
26268759	i_10600807348	107.. Stir-fry Mixed Vegetables	Vegetable	16.00	1	0
26268759	i_10600807349	J01.. Stir-fry Rice Noodle & Beef	Rice/Noodle	17.00	1	0
26268759	i_10600807350	J02. Singapore Mei Fun	Rice/Noodle	17.00	1	0
26268759	i_10600807351	J03.. Young Chow Fried Rice (Shrimp & Bbq Pork) / 揚州炒飯	Rice/Noodle	17.00	1	0
26268759	i_10600807352	J04.. Shrimp Fried Rice / 蝦炒飯	Rice/Noodle	16.00	1	0
26268759	i_10600807353	J05.. Beef Fried Rice / 牛肉炒飯	Rice/Noodle	16.00	1	0
26268759	i_10600807354	J06.. Chicken Fried Rice / 雞肉炒飯	Rice/Noodle	16.00	1	0
26268759	i_10600807355	J07.. Vegetable Fried Rice / 蔬菜炒飯	Rice/Noodle	15.00	1	0
26268759	i_10600807356	J08.. Bbq Pork Fried Rice / 叉燒炒飯	Rice/Noodle	16.00	1	0
26268759	i_10600807357	J09.. Combo Fried Rice (Chicken, Shrimp & Pork) / 本樓炒飯	Rice/Noodle	16.00	1	0
26268759	i_10600807359	K02. Fried Rice / 炒飯	Drinks/ Sides	6.00	1	0
26268759	i_10600807361	K04.. Steamed Mixed Vegetables / 蒸什錦時蔬	Drinks/ Sides	6.00	1	0
26268759	i_10600807362	K05. Steamed Bun / 饅頭	Drinks/ Sides	1.00	1	0
26268759	i_11730684429	Coke Can	Drinks/ Sides	1.90	1	0
26268759	i_11733462001	Can Sprite	Drinks/ Sides	1.90	1	0
26268759	i_11733478717	Diet Coke can	Drinks/ Sides	1.90	1	0
26268759	i_17451774320	H02. Hunan Style Smoked Pork	Hunan Style Stir-fry Dishes	21.00	1	0
26268759	i_17451728575	H04. Pork Belly w. Garlic Sauce - Cold MIx	Hunan Style Stir-fry Dishes	14.00	1	0
26268759	i_17451730048	H05 Hunan Pork Belly	Hunan Style Stir-fry Dishes	19.00	1	0
26268759	i_19188498638	H06 Hunan Braised Pork w. Tofu	Hunan Style Stir-fry Dishes	20.00	1	0
26268759	i_19188451400	T1 Cumin Spare Ribs	Traditional Dishes	20.00	1	0
26268759	i_19188499578	T2 Mala Stir fry (beef, shrimp, tilapia, veggies)	Traditional Dishes	24.00	1	0
26268759	i_19188042857	T03. Szechuan style fish filet	Traditional Dishes	21.00	1	0
26268759	i_19188631558	T04 Fried Eggs w Spare Ribs	Traditional Dishes	22.00	1	0
26268759	i_19188499581	T05 Honey Short Ribs	Traditional Dishes	24.00	1	0
26268759	i_19188451401	T06 Boiled Hot & Spicy Pork Belly	Traditional Dishes	18.00	1	0
26268759	i_19188631559	T07 Boiled Sliced Beef	Traditional Dishes	20.00	1	0
26268759	i_19188499582	T08 Stir-fry Szechuan Chicken	Traditional Dishes	18.00	1	0
26268759	i_19188631560	T09 Smoked Pork w Bean Curd	Traditional Dishes	22.00	1	0
26268759	i_19188451408	T10 Smoked Pork Belly w Bamboo Shoots	Traditional Dishes	21.00	1	0
26268759	i_19188633220	T11 Sauteed Lamb & Scallions	Traditional Dishes	20.00	1	0
26268759	i_19188502323	T12 Sweet & Sour Tilapia (boneless)	Traditional Dishes	20.00	1	0
26268759	i_19188499583	T13 Pickled Vegetable w Pork Casserole	Traditional Dishes	19.00	1	0
26268759	i_19188631882	T14 Fatty Beef & Pickled Cabbage Soup	Traditional Dishes	22.00	1	0
26268759	i_19188631883	T15 Hot & Spicy Calamari	Traditional Dishes	21.00	1	0
26268759	i_19188723757	T16 Cumin Lamb	Traditional Dishes	22.00	1	0
26268759	i_19188502327	T17 Pork w. Garlic Sauce	Traditional Dishes	18.00	1	0
26268759	i_19188684537	T18 Sweet & Sour Ribs	Traditional Dishes	20.00	1	0
26268759	i_19188684538	T19 Stir-fry Ribs & Potato	Traditional Dishes	21.00	1	0
26268759	i_19188502328	T20 Stewed Pork Rib w Chinese Cabbage	Traditional Dishes	20.00	1	0
26268759	i_19188499584	X01 Hot & Spicy Pork Intestine	Exotic Dishes	19.00	1	0
26268759	i_19188631574	X02 Hot & Spicy Style Pork Kidney	Exotic Dishes	19.00	1	0
26268759	i_19188502329	X04 Pork Stomach w Chili Oil- Cold Mix	Exotic Dishes	13.00	1	0
26268759	i_19188723760	X05 Beef Stomach & Tripe -Cold Mix	Exotic Dishes	15.00	1	0
26268759	i_19188723761	X06 Hot & Sour Chicken Gizzards	Exotic Dishes	18.00	1	0
26268759	i_19188633223	X07 Pork Stomach w Bamboo Shoots	Exotic Dishes	20.00	1	0
26268759	i_24829062094	Chicken Teriyaki Bowl	Teriyaki Bowl	11.95	1	0
26268759	i_24829062098	Beef Teriyaki Bowl	Teriyaki Bowl	13.95	1	0
26268759	i_24829342619	Shrimp Teriyaki Bowl	Teriyaki Bowl	13.95	1	0
26268759	i_24828848238	Crispy chicken Teriyaki Bowl	Teriyaki Bowl	11.95	1	0
26268759	i_24829566333	Veggie Teriyaki Bowl	Teriyaki Bowl	9.95	1	0
26268759	i_44473779757	PH1 Special Pho- rare steak, meatball, tripe, flank, tendon, beef rib	PHO Noodles	19.95	1	0
26268759	i_44473779759	PH2 Rare Steak Pho	PHO Noodles	18.95	1	0
26268759	i_44473779760	PH3 Rare Steak & Flank Pho	PHO Noodles	18.95	1	0
26268759	i_44473779761	PH4 Rare Steak & Meatball Pho	PHO Noodles	18.95	1	0
26268759	i_44473779762	PH5 Rare Steak & Rib Pho	PHO Noodles	20.95	1	0
26268759	i_44473780137	Beef Vermicelli Bowl	Vermicelli Bowl	18.95	1	0
26268759	i_44473780138	Chicken Vermicelli Bowl	Vermicelli Bowl	18.95	1	0
26268759	i_44473780139	Pork Vermicelli Bowl	Vermicelli Bowl	18.95	1	0
26268759	i_44473780140	Shrimp Vermicelli Bowl	Vermicelli Bowl	18.95	1	0
27488965	i_17943415160	Comfort Fuel Burrito	Breakfast All Day	14.50	1	0
27488965	i_20575682574	Simple Breakfast Sando DD	Breakfast All Day	12.35	1	1
27488965	i_17943433598	Peanut Butter Cocao Puffs	Acai	13.80	1	0
27488965	i_17943407121	Side of Potatoes	Snacks/Sides	3.35	1	0
27488965	i_35202713328	Maple Latte	Coffee	5.60	1	0
27488965	i_17988179785	Latte	Coffee	5.35	1	0
27488965	i_17943433600	Snicker Power	Acai	15.10	1	0
27488965	i_17943415163	Bagel with Cream Cheese	Breakfast All Day	5.90	1	1
27488965	i_17943415158	Bucky	Breakfast All Day	14.00	1	1
27488965	i_32629943307	Cali Bowl	Breakfast All Day	14.50	1	0
27488965	i_17943415159	Cali Breakfast	Breakfast All Day	14.50	1	1
27488965	i_17943415162	The Original Toast	Breakfast All Day	10.40	1	0
27488965	i_32524063833	Chicken Caesar Bowl	All Day Eats	14.50	1	0
27488965	i_17943419967	Chicken Caesar Wrap	All Day Eats	14.50	1	0
27488965	i_32263054724	Fuel Forward	All Day Eats	13.40	1	1
27488965	i_17943433597	Bali Crunch	Acai	13.80	1	0
27488965	i_17943433599	Rainbow Bowl	Acai	15.10	1	0
27488965	i_17943433601	Strawberry Fields	Acai	15.65	1	0
27488965	i_32225723364	Gatorade	Beverages	2.70	1	0
27488965	i_17943314460	Gatorade Zero	Beverages	2.70	1	0
27488965	i_24873977254	Strawberry Limeade Prebiotic Electrolyte Beverage - Made by Comfort Fuel	Beverages	3.35	1	0
27488965	i_24873977253	Tart Cherry Citrus Prebiotic Electrolyte Beverage - Made by Comfort Fuel	Beverages	3.35	1	0
27488965	i_39734774047	Apple Juice	Beverages	1.40	1	0
27488965	i_40019866569	Orange Juice	Beverages	2.80	1	0
27488965	i_23756980170	Butterfly Tea Lemonade	Beverages	3.90	1	0
27488965	i_44372011201	Diet Coke	Beverages	1.70	1	0
27488965	i_17988179782	Americano	Coffee	3.40	1	0
27488965	i_17988179783	Cappuccino	Coffee	4.50	1	0
27488965	i_17988179784	Chai	Coffee	5.60	1	0
27488965	i_18014976978	Cold Brew	Coffee	4.50	1	0
27488965	i_17988274156	Double Espresso	Coffee	2.80	1	0
27488965	i_17988179781	Matcha	Coffee	6.75	1	0
27488965	i_35203894738	Pumpkin Spice Latte	Coffee	5.90	1	0
27488965	i_40680757582	Cookie Butter Latte	Coffee	7.00	1	0
27488965	i_40680757583	Nutella Hazelnut Latte	Coffee	6.20	1	0
27488965	i_40667564444	Peppermint Tea	Coffee	2.80	1	0
27488965	i_40667564445	Earl Grey Tea	Coffee	2.80	1	0
27488965	i_44258709022	Teddy Graham Latte	Coffee	5.60	1	0
27488965	i_44258998407	Golden Hour Latte	Coffee	5.60	1	0
27488965	i_32232145375	Banana	Snacks/Sides	0.85	1	0
27488965	i_24880356392	Side of Bacon	Snacks/Sides	5.05	1	0
27488965	i_24880370923	Side of Fruit	Snacks/Sides	4.50	1	0
27488965	i_42087331376	Side of Cream Cheese	Snacks/Sides	0.85	1	0
27488965	i_42087403374	Side of Aioli	Snacks/Sides	0.85	1	0
28042387	i_13001001514	Bigger plate	Plates	15.99	1	1
28042387	i_13001336711	Plate	Plates	14.79	1	1
28042387	i_26142207934	Happy Bowl	Plates	12.29	1	1
28042387	i_30621776241	Crab Rangoon (4)	Appetizer	4.99	1	0
28042387	i_12633728929	Egg Roll(each)（春卷）	Appetizer	2.79	1	0
28042387	i_12633728932	Coke（可乐）	Drink	1.99	1	0
28042387	i_12633728934	Diet Coke（无糖可乐）	Drink	1.99	1	0
28042387	i_30617183698	Crab Rangoon(8)	Appetizer	9.29	1	0
28042387	i_26565268829	Sunkist Orange (橘子味）	Drink	1.99	1	0
28042387	i_12633728931	Fried Dumpling（锅贴）	Appetizer	9.59	1	0
28042387	i_13461767623	Spring Roll (each)（上海卷1)	Appetizer	2.39	1	0
28042387	i_12633728935	Brisk Ice Tea（冰茶）	Drink	1.99	1	0
28042387	i_12633728936	Bottled Water（水）	Drink	1.59	1	0
28042387	i_26565268834	Kangshifu Ice tea（冰红茶）	Drink	3.29	1	0
28042387	i_26565270834	KangShifu green tea（康师傅绿茶）	Drink	3.29	1	0
28042387	i_39048287127	Sour Plum juice (康师傅酸梅汤）	Drink	3.29	1	0
28042387	i_39063425979	Pear Juice Drink(康师傅冰糖雪梨）	Drink	3.29	1	0
28042387	i_39062448093	soy milk (杨协成豆奶）	Drink	3.29	1	0
28042387	i_39062448098	Jasmine tea honey flavor drink(茉莉蜜茶）	Drink	3.29	1	0
28042387	i_39061840605	Jasmine Tea Drink (茉莉清茶）	Drink	3.29	1	0
28042387	i_44281400916	Diet pepsi(无糖百事）	Drink	1.99	1	0
28042387	i_17773682742	White Rice (Large)(白饭大）	Rice or Noodles	7.99	1	0
28042387	i_17773859292	Egg Fried Rice(large)(炒饭大)	Rice or Noodles	9.99	1	0
28042387	i_23528363355	Chicken Fried Rice (large)(鸡炒饭)	Rice or Noodles	11.99	1	0
28042387	i_23528656266	Beef Fried Rice ( large）（ 牛炒饭）	Rice or Noodles	12.59	1	0
28042387	i_23528332155	Veg Fried Rice ( large（菜炒饭)	Rice or Noodles	11.79	1	0
28042387	i_23528227019	Chicken Lo Mein （large）（鸡捞面)	Rice or Noodles	12.99	1	0
28042387	i_23528475771	Beef Lo mein （large)（ 牛捞面）	Rice or Noodles	13.99	1	0
28042387	i_23528332161	Vegetables Lo Mein (large) ( 菜捞面）	Rice or Noodles	12.59	1	0
28042387	i_31179900595	Large Plain Lo Mein( 净捞面大）	Rice or Noodles	9.99	1	0
28069947	i_17078399624	Just Bare Gluten Free Hand-Trimmed Boneless & Skinless Chicken Thighs (20 oz)	Meat	8.99	1	0
28069947	i_18430955855	Sno Pac Foods Organic Whole Green Beans (12 oz)	Frozen	4.39	1	0
28069947	i_14750850043	Aquafina Purified Drinking Water Bottles (16.9 fl oz x 24 ct)	Drinks	8.99	1	0
28069947	i_23164717769	Ground Beef Round 85% Lean (1 lb)	Meat	9.99	1	0
28069947	i_14750886759	Ben & Jerry's Gimme S'more! Toasted Marshmallow Ice Cream (1 pt)	Frozen	7.29	1	0
28069947	i_14750881624	Kemps Select Vitamin D Whole Milk Jug (1 gal)	Dairy & Eggs	6.79	1	0
28069947	i_14750889582	Fairlife Lactose & Fat Free Ultra-Filtered Milk Bottle (52 fl oz)	Dairy & Eggs	6.79	1	0
28069947	i_14750881626	Kemps Select Vitamin D Whole Milk (0.5 gal)	Dairy & Eggs	3.59	1	0
28069947	i_14750881835	Our Family Grade A Extra Large Eggs (12 ct)	Dairy & Eggs	2.89	1	0
28069947	i_14750882159	Lucky Charms Gluten Free Original Whole Grain Breakfast Cereal (10.5 oz)	Pantry	6.39	1	0
28069947	i_44195973048	Cucina And Amore Balsamic Vinegar (16.9 oz)	Pantry	10.89	1	0
28069947	i_44195973049	Bay View Pork Hocks Jar (13 oz)	Pantry	14.59	1	0
28069947	i_44195973050	Tone's Whole Black Peppercorns (0.7 oz)	Pantry	2.29	1	0
28069947	i_44195973051	Brianna's Homestyle Blush Wine Vinaigrette Dressing (12 oz)	Pantry	6.29	1	0
28069947	i_44195973052	Hormel Foods Sliced Turkey Breast (15 oz)	Pantry	11.19	1	0
28069947	i_44195973053	Dave's Killer Bread Organic Cocoa Brownie Blitz Snack Bars (1.75 oz × 4 ct)	Pantry	6.99	1	0
28069947	i_44195973054	Kitkat Chocolate Cereal (11.5 oz)	Pantry	6.99	1	0
28069947	i_44195973056	Betty Crocker Gluten Free Whipped Cream Cheese Frosting (12 oz)	Pantry	3.39	1	0
28069947	i_44195973057	That's Smart Marshmallows (16 oz)	Pantry	2.19	1	0
28069947	i_17154397596	Starkist 25% Less Sodium Light Tuna in Water (2.6 oz)	Pantry	1.79	1	0
28069947	i_14750881987	Gold Medal All Purpose Flour (2 lb)	Pantry	4.49	1	0
28069947	i_14750882422	Nestle Toll House Milk Chocolate Morsels (11.5 oz)	Pantry	6.19	1	0
28069947	i_14750885011	O California Aged Sherry Vinegar (10.1 oz)	Pantry	9.99	1	0
28069947	i_14750884028	Pam Olive Oil No Stick Cooking Spray Can (5 oz)	Pantry	7.79	1	0
28069947	i_14750884394	Our Family Cocoa Unsweetened (8 oz)	Pantry	3.39	1	0
28069947	i_44195973055	Oven Fry Extra Crispy Pork Seasoned Coating Mix Box (4.2 oz)	Pantry	6.19	1	0
28069947	i_14750814802	Good Living Happy Birthday & Spiral Candles (21 ct)	Pantry	5.39	1	0
28069947	i_14750883129	Campbell's Unsalted Cream of Chicken Condensed Soup (10.5 oz)	Pantry	2.59	1	0
28069947	i_14750882613	Full Circle Organic Seasoned Croutons (5 oz)	Pantry	2.59	1	0
28069947	i_14750884915	Muir Glen Organic Diced Tomatoes (14.5 oz)	Pantry	3.59	1	0
28069947	i_14750814809	Thai Kitchen Gluten-Free Red Curry Paste (4 oz)	Pantry	6.79	1	0
28069947	i_25135549110	Thai Kitchen Dairy & Gluten Free Unsweetened Lite Coconut Milk (13.66 fl oz)	Pantry	4.29	1	0
28069947	i_14750814810	Thai Kitchen Gluten-Free Thin Rice Noodles (8.8 oz)	Pantry	6.79	1	0
28069947	i_14750814815	Karo Lite Corn Syrup (16 oz)	Pantry	4.89	1	0
28069947	i_14750814816	Argo Gluten Free 100% Pure Corn Starch (16 oz)	Pantry	3.19	1	0
28069947	i_14750814817	Starbucks Dark Espresso Roast Ground Coffee Bag (12 oz)	Pantry	15.69	1	0
28069947	i_14750814818	Starbucks Medium Roast House Blend Ground Coffee (12 oz)	Pantry	15.69	1	0
28069947	i_14750814819	Starbucks Decaffeinated Medium Roast House Blend Ground Coffee (12 oz)	Pantry	15.69	1	0
28069947	i_14750814820	Starbucks Medium Roast Single Origin Colombia Ground Coffee (12 oz)	Pantry	15.69	1	0
28069947	i_14750814823	Starbucks Medium Roast Breakfast Blend Ground Coffee Bag (12 oz)	Pantry	15.69	1	0
28069947	i_14750814824	Starbucks Italian Dark Roast Ground Coffee Bag (12 oz)	Pantry	15.69	1	0
28069947	i_14750814825	Starbucks Dark Roast Sumatra Ground Coffee Bag (12 oz)	Pantry	15.69	1	0
28069947	i_30219214650	Wel-Pac Lo Mein Egg White Noodles (10 oz)	Pantry	3.29	1	0
28069947	i_30030031362	De Cecco No. 24 Rigatoni Pasta (16 oz)	Pantry	4.29	1	0
28069947	i_30169478008	De Cecco No. 87 Slow Dried Cavatappi Pasta (16 oz)	Pantry	4.29	1	0
28069947	i_14750882270	Huy Fong Vietnamese Chili Garlic Sauce (8 oz)	Pantry	4.29	1	0
28069947	i_41254839608	Fresh Gourmet Butter & Garlic Croutons (5 oz)	Pantry	3.29	1	0
28069947	i_14750882272	Quaker Oats Quick 5-Minute Grits (24 oz)	Pantry	3.39	1	0
28069947	i_14750882273	Nongshim Tempura Udon Flavor Noodle Soup (2.64 oz)	Pantry	2.29	1	0
28069947	i_14750882274	Traditional Medicinals Throat Coat Caffeine Free Organic Lemon Echinacea Herbal 	Pantry	7.89	1	0
28069947	i_14750882622	Kikkoman Gluten Free Tamari Soy Sauce (10 fl oz)	Pantry	4.19	1	0
28069947	i_14750883134	Campbell's Pork & Beans Can (11 oz)	Pantry	0.79	1	0
28069947	i_30263671554	Nature's Path Organic Gluten Free Honey Almond Granola (11 oz)	Pantry	7.39	1	0
28069947	i_14750885511	Simply Asia Vegan Soy Ginger Mild Noodle Bowl (8.5 oz)	Pantry	8.69	1	0
28069947	i_14750814831	Bear Naked 100% Whole Grains Fruit & Nut Medley Granola (12 oz)	Pantry	6.79	1	0
28069947	i_14750883945	Our Family Medium-Dark Roast Breakfast Blend Ground Coffee (12 oz)	Pantry	7.29	1	0
28069947	i_14750883946	Our Family Coffee Colombian (12 oz)	Pantry	7.29	1	0
28069947	i_14750883950	Our Family Light Roast Traverse City Cherry Ground Coffee (12 oz)	Pantry	7.29	1	0
28069947	i_30976517102	Reese Harvest Bowl Quinoa Meal (8.1 oz)	Pantry	3.99	1	0
28069947	i_29871022434	Ka·Me Udon Noodle Stir Fry Pouches (7.1 oz x 2 ct)	Pantry	4.99	1	0
28069947	i_14750884549	Alessi Balsamic Vinegar (12.75 oz)	Pantry	5.59	1	0
28069947	i_14750884550	Alessi Organic Balsamic Vinegar (8.5 oz)	Pantry	5.39	1	0
28069947	i_14750868658	Heinz Original Cocktail Sauce Bottle (12 oz)	Pantry	4.49	1	0
28069947	i_14750868659	Heinz Unflavor Tomato Ketchup Bottle Value Size (64 oz)	Pantry	11.19	1	0
28069947	i_14750868660	Heinz Tomato Ketchup Squeeze Bottle (14 oz)	Pantry	4.49	1	0
28069947	i_30452207520	DeLallo Foods Pomodoro Fresco Creamy Vodka Sauce (25.25 oz)	Pantry	8.29	1	0
28069947	i_24764311114	Manischewitz Original Recipe Potato Kugel Mix (6 oz)	Pantry	5.79	1	0
28069947	i_14750884558	Jeff Nathan Creations Gluten Free Chef Gourmet Plain Panko Flakes (15 oz)	Pantry	9.79	1	0
28069947	i_30329798319	Mizkan Ponzu Citrus Soy Sauce (12 fl oz)	Pantry	3.49	1	0
28069947	i_30105028670	Wild Garden All Natural Couscous (8.8 oz)	Pantry	3.29	1	0
28069947	i_14750868661	Heinz Tomato Ketchup Bottle (32 oz)	Pantry	7.79	1	0
28069947	i_14750868662	Heinz Tomato Ketchup Bottle (20 oz)	Pantry	5.59	1	0
28069947	i_14750884916	Barilla Tri-Color Rotini Pasta (12 oz)	Pantry	2.59	1	0
28069947	i_29871022435	Lee Kum Kee Oyster Flavored Sauce (9 oz)	Pantry	3.69	1	0
28069947	i_29922344712	Lee Kum Kee Minced Ginger (7.5 oz)	Pantry	4.99	1	0
28069947	i_14750868665	Heinz Homestyle Beef Gravy Jar (12 oz)	Pantry	4.29	1	0
28069947	i_14750868667	Heinz HomeStyle Roasted Turkey Gravy (12 oz)	Pantry	4.29	1	0
28069947	i_30169478011	Chickapea Organic Penne (8 oz)	Pantry	5.29	1	0
28069947	i_41047817264	Lotus Foods Forbidden Rice Ramen White Miso Soup (2.8 oz)	Pantry	2.59	1	0
28069947	i_30329798320	Cucina & Amore Emmer and Spelt Farro (17.6 oz)	Pantry	3.99	1	0
28069947	i_14750814837	The Ginger People Gluten Free Spicy Ginger Teriyaki Simmer Sauce (12.7 oz)	Pantry	7.89	1	0
28069947	i_41247395785	Hi Mountain Seasonings Mesquite Blend Jerky Cure & Seasoning (7.2 oz)	Pantry	11.19	1	0
28069947	i_14750814838	Rao's Homemade Fusilli Macaroni Pasta (16 oz)	Pantry	4.69	1	0
28069947	i_28232654076	Starbucks Caramel Flavored Ground Coffee Bag (11 oz)	Pantry	15.69	1	0
28069947	i_29871022436	Snapdragon Vegetable Pho Instant Noodle Soup (2.1 oz)	Pantry	4.39	1	0
28069947	i_14750868670	Sweet Baby Ray's Honey Barbeque Sauce (18 oz)	Pantry	2.99	1	0
28069947	i_14750868672	Sweet Baby Ray's Hickory & Brown Sugar Barbecue Sauce (18 oz)	Pantry	2.99	1	0
28069947	i_14750881873	Sweet Baby Ray's Original Barbecue Sauce (40 oz)	Pantry	5.89	1	0
28069947	i_14750881874	Sweet Baby Ray's Original Barbecue Sauce (18 oz)	Pantry	2.99	1	0
28069947	i_30105028673	Purely Elizabeth Gluten Free Vegan Chocolate Sea Salt Probiotics Granola (8 oz)	Pantry	9.59	1	0
28069947	i_14750885515	Aleia's Gluten & Dairy Free Italian Breadcrumbs (13 oz)	Pantry	7.89	1	0
28069947	i_30263671560	Yo Mama's No Sugar Added Marinara Tomato Sauce (25 oz)	Pantry	9.99	1	0
28069947	i_30169478012	Yo Mama’s No Sugar Added Basil Tomato Pasta Sauce (25 oz)	Pantry	9.99	1	0
28069947	i_14750881875	Annie's Homegrown Organic Shells and White Cheddar Mac and Cheese (6 oz)	Pantry	3.29	1	0
28069947	i_14750881876	Monari Federzoni Modena Balsamic Vinegar (16.9 oz)	Pantry	6.39	1	0
28069947	i_30388722270	Maya Kaimal Tikka Masala Indian Simmer Sauce (12.5 oz)	Pantry	7.19	1	0
28069947	i_32321326039	Maya Kaimal Madras Curry Indian Simmer Sauce (12.5 oz)	Pantry	7.19	1	0
28069947	i_29922344715	Maya Kaimal Mild Kashmiri Curry Simmer Sauce (12.5 oz)	Pantry	7.19	1	0
28069947	i_14750881877	Wholesome Organic Powdered Confectioners Sugar (16 oz)	Pantry	5.59	1	0
28069947	i_30105028675	Tasty Bite Organic 3 Bean Mild Madras Lentils (10 oz)	Pantry	4.29	1	0
28069947	i_14750814852	Watkins Assorted Food Coloring (0.3 oz x 4 ct)	Pantry	10.69	1	0
28069947	i_30582161568	Melinda's Pizza Hot Sauce (12 oz)	Pantry	5.99	1	0
28069947	i_39033308527	Dynasty Sliced Bamboo Shoots (8 oz)	Pantry	2.49	1	0
28069947	i_14750881894	Mahatma Gluten Free Uncooked Long Grain Thai Fragrant White Jasmine Rice (5 lb)	Pantry	11.99	1	0
28069947	i_14750882290	Ragu Old World Style Traditional Pasta Sauce (14 oz)	Pantry	2.29	1	0
28069947	i_14750882632	Hormel Chili Chunky Beef Chili with Beans (15 oz)	Pantry	3.99	1	0
28069947	i_28598229447	Classico Roasted Garlic Pasta Sauce Jar (24 oz)	Pantry	6.29	1	0
28069947	i_14750882637	Classico Signature Recipes Traditional Pizza Sauce Jar (14 oz)	Pantry	3.39	1	0
28069947	i_29964921919	Progresso Savory Beef Barley Vegetable Rich & Hearty Canned Soup (18.6 oz)	Pantry	3.69	1	0
28069947	i_14750882640	Kikkoman Gluten-Free Traditionally Brewed Soy Sauce (10 fl oz)	Pantry	4.89	1	0
28069947	i_14750882642	Frank's RedHot Buffalo Wings Hot Sauce (12 fl oz)	Pantry	6.49	1	0
28069947	i_14750882643	Campbell Soup Company Pace The Original Hot Picante Sauce Jar (16 oz)	Pantry	4.89	1	0
28069947	i_30757484011	Old El Paso Green Chiles Refried Beans (16 oz)	Pantry	2.99	1	0
28069947	i_14750883147	Campbell's Chunky Roasted Beef Tips with Vegetables Soup Can (18.8 oz)	Pantry	3.59	1	0
28069947	i_14750883148	Swanson Rich Flavor 100% Natural Vegetable Stock (32 oz)	Pantry	4.99	1	0
28069947	i_14750883152	Brunswick Kipper Style Herring Fillets Seafood Snacks (3.53 oz)	Pantry	2.59	1	0
28069947	i_29922344716	Crystal Sugar Granulated Sugar (4 lb)	Pantry	5.99	1	0
28069947	i_14750884563	Ka-Me Japanese Curly Chuka Soba Noodles (5 oz)	Pantry	4.89	1	0
28069947	i_43929224629	Christopher Ranch Chopped Garlic in Water (4.5 oz)	Pantry	3.99	1	0
28069947	i_26265602620	Mezzetta Imported Capote Capers (4 oz)	Pantry	3.29	1	0
28069947	i_29563589010	Barilla Classic Ditalini Premium Pasta (1 lb)	Pantry	2.59	1	0
28069947	i_14750881901	Mott's Cinnamon Applesauce (4 oz x 6 ct)	Pantry	4.29	1	0
28069947	i_25135549115	Realemon 100% Lemon Juice (15 fl oz)	Pantry	3.59	1	0
28069947	i_14750814858	Tazo Caffeine-Free Passion Herbal Tea Bags (20 ct)	Pantry	6.79	1	0
28069947	i_14750884930	Louisiana Original Hot Sauce (6 fl oz)	Pantry	2.29	1	0
28069947	i_14750885535	So Natural Jasmine Rice (16 oz)	Pantry	1.69	1	0
28069947	i_14750881903	Creamette Large Elbow Macaroni (16 oz)	Pantry	2.29	1	0
28069947	i_14750881905	Creamette Spaghetti (16 oz)	Pantry	2.29	1	0
28069947	i_14750881908	Creamette Linguine Pasta (1 lb)	Pantry	2.29	1	0
28069947	i_14750881911	Creamette Medium Shells (1 lb)	Pantry	2.29	1	0
28069947	i_14750881912	Creamette Thin Spaghetti Pasta (1 lb)	Pantry	2.29	1	0
28069947	i_14750882648	Tone's Cajun Seasoning (0.8 oz)	Pantry	2.29	1	0
28069947	i_14750882649	Tone's Cilantro (0.15 oz)	Pantry	2.29	1	0
28069947	i_14750882650	Tones Minced Garlic (0.9 oz)	Pantry	2.29	1	0
28069947	i_14750882657	Tone's Oregano Leaf (0.2 oz)	Pantry	2.29	1	0
28069947	i_14750882658	Tone's Parsley Flakes (0.1 oz)	Pantry	2.29	1	0
28069947	i_14750882659	Tone's Ground Black Pepper (0.7 oz)	Pantry	2.29	1	0
28069947	i_14750882661	Tone's Crushed Red Pepper (0.5 oz)	Pantry	2.29	1	0
28069947	i_14750882662	Tone's Ground White Pepper (0.65 oz)	Pantry	2.29	1	0
28069947	i_14750883951	Milwaukee Baby Dill Pickles (32 oz)	Pantry	4.39	1	0
28069947	i_14750885538	Barilla Classic Lasagne Noodles Pasta (1 lb)	Pantry	3.99	1	0
28069947	i_14750881913	Rice-A-Roni Chicken Flavor Rice & Vermicelli (6.9 oz)	Pantry	2.19	1	0
28069947	i_14750881914	Rice-A-Roni Cheddar Broccoli Flavor Rice (6.5 oz)	Pantry	2.19	1	0
28069947	i_14750883157	Twinings of London English Breakfast Pure Black Tea Bags (20 ct)	Pantry	5.29	1	0
28069947	i_14750881915	Rice-A-Roni Beef Flavor Rice Mix (6.8 oz)	Pantry	2.19	1	0
28069947	i_22684942340	Twinings of London Irish Breakfast 100% Pure Black Tea Bags (20 ct)	Pantry	5.29	1	0
28069947	i_14750881916	Rice-A-Roni Original Long Grain & Wild Instant Rice Mix (4.3 oz)	Pantry	2.19	1	0
28069947	i_14750881917	Rice-A-Roni Vermicelli Stir Fried Rice (6.2 oz)	Pantry	2.19	1	0
28069947	i_14750881918	Rice-A-Roni Spanish Rice (6.8 oz)	Pantry	2.19	1	0
28069947	i_14750881919	Rice-A-Roni Rice Pilaf (7.2 oz)	Pantry	2.19	1	0
28087966	i_23007981575	The Box Combo	Combos	12.29	1	1
28087966	i_23007981551	Cane's Sauce	Extras	0.39	1	1
28087966	i_23007981576	The Caniac Combo	Combos	17.69	1	1
28087966	i_23007981574	The 3 Finger Combo	Combos	10.49	1	1
28087966	i_23007981564	Texas Toast	Extras	1.35	1	0
28087966	i_23007981561	Crinkle-Cut Fries	Extras	2.69	1	0
28087966	i_23007981562	Chicken Finger	Extras	1.99	1	0
28087966	i_23007981573	The Sandwich Combo	Combos	10.89	1	1
28087966	i_23007981577	The Kids' Combo	Combos	7.29	1	1
28087966	i_23007981563	Coleslaw	Extras	1.35	1	0
28087966	i_23007981572	Fountain Drink	Drinks	1.19	1	1
28087966	i_23007981571	Freshly Squeezed Lemonade	Drinks	1.19	1	1
28087966	i_23007981570	Tea	Drinks	1.19	1	1
28087966	i_23007981569	50 Finger Tailgate	Tailgates	81.99	1	0
28087966	i_23007981568	75 Finger Tailgate	Tailgates	122.99	1	0
28087966	i_23007981567	25 Finger Tailgate	Tailgates	44.99	1	0
28087966	i_23007981547	Sandwich	Sandwich	8.69	1	0
2827319	i_22559820131	Kali Mist (Spicy Club)	Chicken & Turkey	8.59	1	1
2827319	i_22559844941	Chips	Munchies	2.59	1	1
2827319	i_22559776452	Sodas	Cottonmouth Cures	3.59	1	1
2827319	i_22559844939	White Widow (Chicken, Bacon & Ranch)	Chicken & Turkey	8.59	1	1
2827319	i_28238722409	Make Yo Own	Make Yo Own	8.59	1	1
2827319	i_22559824546	Garlic Cheese Bread	Munchies	7.59	1	1
2827319	i_22559841991	Midwest Best (Club)	Chicken & Turkey	8.29	1	1
2827319	i_22559806022	La Canna (Italian)	Meat	8.39	1	1
2827319	i_22559820436	Sensi Kush (BLT)	Meat	8.59	1	1
2827319	i_22559844143	Kool Aid	Cottonmouth Cures	3.59	1	1
2827319	i_24622344200	Power Plant (Guacamole & Hummus)	Menu HIGH-lights	8.39	1	1
2827319	i_38728238959	Brownie	Munchies	4.49	1	0
2827319	i_38728238960	Brownie & Drink	Munchies	7.49	1	1
2827319	i_24602667409	Chocolate Chip Cookie & Drink	Munchies	7.49	1	1
2827319	i_22559837749	Chocolate Chip Cookie	Munchies	4.49	1	0
2827319	i_22559817146	Goo Ball	Munchies	4.39	1	0
2827319	i_24602584369	Krispy & Drink	Munchies	6.79	1	1
2827319	i_22559844940	Krispy Bar	Munchies	3.79	1	1
2827319	i_22559827110	Not'Chos	Munchies	7.59	1	1
2827319	i_22559820134	Pretzel Nugs	Munchies	7.59	1	1
2827319	i_22559824547	Bowl O' Balls	Munchies	8.29	1	1
2827319	i_22559776451	Acapulco Gold (BBQ Chicken)	Chicken & Turkey	8.29	1	1
2827319	i_22559823042	Apollo 13 (Greek Chicken)	Chicken & Turkey	8.39	1	1
2827319	i_22559837746	G-13 (Turkey & Roast Beef)	Chicken & Turkey	8.59	1	1
2827319	i_22559844142	Jamaican Red (Buffalo Chicken)	Chicken & Turkey	8.39	1	1
2827319	i_22559825740	Panama Red (Chicken Marinara)	Chicken & Turkey	8.29	1	1
2827319	i_22559848711	Thai Stick (Teriyaki Chicken)	Chicken & Turkey	8.29	1	1
2827319	i_22559824545	The Kind (Turkey, Bacon & Shrooms)	Chicken & Turkey	8.39	1	1
2827319	i_22559827107	5-0 (ALL THE PIG, BABY!!)	Meat	8.59	1	1
2827319	i_22559820435	AK-47 (French Dip)	Meat	8.59	1	1
2827319	i_22559837747	Bomb (Meatball)	Meat	8.39	1	1
2827319	i_22559837748	Chronic (BBQ Roast Beef)	Meat	8.39	1	1
2827319	i_22559827108	Dank (Pizza Sub)	Meat	8.29	1	1
2827319	i_22559852280	KGB (Roast Beef & Horseradish)	Meat	8.59	1	1
2827319	i_22559817144	Pacific Blue (Tuna Melt)	Meat	8.29	1	1
2827319	i_22559841992	Pakalolo (Ham, Swiss & Pineapple)	Meat	8.29	1	1
2827319	i_22559806023	A-Train (Mushroom Marinara)	Veggie	8.39	1	1
2827319	i_22559842591	Chiesel (TOASTED Cheese)	Veggie	8.29	1	1
2827319	i_22559850933	Griefo (Cream Cheese & Veggies)	Veggie	8.39	1	1
2827319	i_22559852281	Magic Mushroom (Teriyaki Shrooms)	Veggie	8.59	1	1
2827319	i_22559820132	Sticky Icky (PB&J)	Veggie	5.19	1	1
2827319	i_22559820133	Side Salad	Salads	5.79	1	0
2827319	i_22559817147	Iced Tea	Cottonmouth Cures	3.59	1	0
2827319	i_22559844144	Red Bull	Cottonmouth Cures	6.09	1	1
2827319	i_22559776453	Side of Sauce	Homegrown Sauces	0.00	1	1
2827319	i_22559852279	Include Napkins & Utensils	Napkins & Utensils	0.00	1	0
2856399	i_2227768005	Sesame Chicken Special Combination	Today's Special Combination Deals	14.99	0	1
2856399	i_2227768004	General Tso's Chicken Special Combination	Today's Special Combination Deals	14.99	0	1
2856399	i_2227768049	11. Crab Rangoon (8)	Appetizers	11.99	0	0
2856399	i_2227768047	20a. Teriyaki Chicken (4)	Appetizers	11.99	0	0
2856399	i_2227767970	S3. Crispy Sesame Chicken	Asian Kitchen Chef Specials	16.99	0	1
2856399	i_2227767981	S5. General Tso's Chicken	Asian Kitchen Chef Specials	16.99	0	1
2856399	i_2227768052	1a. Vegetable Roll (2)	Appetizers	4.99	0	0
2856399	i_2227768070	2. Roast Pork Egg Roll (1)	Appetizers	2.99	0	0
2856399	i_2227768031	Orange Chicken Combination	Today's Special Combination Deals	14.99	0	1
2856399	i_2227768250	Can of Soda	Beverages	2.49	0	1
2856399	i_2227768339	24. Chicken Rice Soup (Qt)	Soup (w. crispy noodles)	10.99	0	0
2856399	i_2227768336	23. Chicken Noodle Soup (Qt)	Soup (w. crispy noodles)	10.99	0	0
2856399	i_2227768332	21. Wonton Soup (Qt)	Soup (w. crispy noodles)	10.99	0	0
2856399	i_2227768322	D7. Chicken Lo Mein	Steamed Healthy Diet Food Special	17.99	0	1
2856399	i_2227768321	D7. Pork Lo Mein	Steamed Healthy Diet Food Special	17.99	0	1
2856399	i_2227768319	D3. Steamed Mixed Vegetables	Steamed Healthy Diet Food Special	19.99	0	1
2856399	i_2227768318	D4. Steamed Pork with Broccoli	Steamed Healthy Diet Food Special	19.99	0	1
2856399	i_2227768317	D1. Steamed Broccoli	Steamed Healthy Diet Food Special	19.99	0	1
2856399	i_2227768316	D2. Vegetable Lo Mein	Steamed Healthy Diet Food Special	17.99	0	1
2856399	i_2227768314	D8. Shrimp Lo Mein	Steamed Healthy Diet Food Special	17.99	0	1
2856399	i_2227768312	D6. Steamed Chicken with Mixed Vegetables	Steamed Healthy Diet Food Special	19.99	0	1
2856399	i_2227768311	D10. Steamed Baby Shrimp with Mixed Vegetables	Steamed Healthy Diet Food Special	19.99	0	1
2856399	i_2227768310	D4. Steamed Chicken with Broccoli	Steamed Healthy Diet Food Special	19.99	0	1
2856399	i_2227768309	D8. Beef Lo Mein	Steamed Healthy Diet Food Special	17.99	0	1
2856399	i_2227768308	D9. Steamed Baby Shrimp with Broccoli	Steamed Healthy Diet Food Special	19.99	0	1
2856399	i_8840687065	House Special Lo Mein	Steamed Healthy Diet Food Special	17.99	0	0
2856399	i_8822059766	Tofu Lo Mein	Steamed Healthy Diet Food Special	17.99	0	0
2856399	i_2227768284	E3. Steamed White Rice - Pint	Side Orders (Rice, Sauce, Cookies, & etc	3.99	0	0
2856399	i_2227768283	E4. Steamed White Rice - Quart	Side Orders (Rice, Sauce, Cookies, & etc	5.99	0	0
2856399	i_2227768282	E11. 8 Oz. Sesame Sauce	Side Orders (Rice, Sauce, Cookies, & etc	2.99	0	0
2856399	i_2227768280	SS2. 8 Packets of Soy Sauces	Side Orders (Rice, Sauce, Cookies, & etc	1.00	0	0
2856399	i_2227768279	E12. 8 Oz. Brown Sauce	Side Orders (Rice, Sauce, Cookies, & etc	2.99	0	0
2856399	i_2227768277	E13. 8 oz. Hot Garlic Sauce	Side Orders (Rice, Sauce, Cookies, & etc	2.99	0	0
2856399	i_2227768275	E2. Fried Cripsy Noodles (Large Pack)	Side Orders (Rice, Sauce, Cookies, & etc	1.49	0	0
2856399	i_2227768274	E10. 8 Oz. General Tso's Sauce	Side Orders (Rice, Sauce, Cookies, & etc	2.99	0	0
2856399	i_2227768273	SS4. 5 Packets of Hot Mustard	Side Orders (Rice, Sauce, Cookies, & etc	1.00	0	0
2856399	i_2227768272	E1. Fortune Cookies (8)	Side Orders (Rice, Sauce, Cookies, & etc	1.49	0	0
2856399	i_2227768271	E5. 8 Oz. Sweet & Sour Sauce	Side Orders (Rice, Sauce, Cookies, & etc	2.99	0	0
2856399	i_2227768270	SS1. 8 Packets of Sweet & Sour Sauce	Side Orders (Rice, Sauce, Cookies, & etc	1.00	0	0
2856399	i_2227768269	E9. Almond Cookies (3)	Side Orders (Rice, Sauce, Cookies, & etc	1.49	0	0
2856399	i_2227768268	E14. 2 Oz. Homemade Mustard	Side Orders (Rice, Sauce, Cookies, & etc	1.00	0	0
2856399	i_2227768267	E7. 2 Oz. Hot Oil	Side Orders (Rice, Sauce, Cookies, & etc	1.00	0	0
2856399	i_2227768266	E8. 2 Oz. Ginger Sauce	Side Orders (Rice, Sauce, Cookies, & etc	1.00	0	0
2856399	i_2227768264	SS5. 2 Sets of Chopstick	Side Orders (Rice, Sauce, Cookies, & etc	1.00	0	0
2856399	i_8732095887	E15. 2 Oz Buffalo Sauce	Side Orders (Rice, Sauce, Cookies, & etc	1.00	0	0
2856399	i_8732708274	E16. 2 Oz Hot Sauce	Side Orders (Rice, Sauce, Cookies, & etc	1.00	0	0
2856399	i_8732547811	E17. 2 Oz Classic BBQ Sauce	Side Orders (Rice, Sauce, Cookies, & etc	1.00	0	0
2856399	i_8821612412	E18. 5 Packets of Hot Sauce	Side Orders (Rice, Sauce, Cookies, & etc	1.00	0	0
2856399	i_8850373187	E19. 2 Oz. Sweet & Sour Sauce	Side Orders (Rice, Sauce, Cookies, & etc	1.00	0	0
2856399	i_2227768253	Water	Beverages	1.99	0	0
2856399	i_2227768240	116. Sweet & Sour Chicken	Sweet & Sour (Chicken, Pork, Shrimp)	15.99	0	1
2856399	i_2227768077	20b. Edamame	Appetizers	11.99	0	0
2856399	i_2227768076	6. Fried Wonton (10)	Appetizers	11.99	0	0
2856399	i_2227768075	5. Fried Chicken Wonton (15)	Appetizers	11.99	0	0
2856399	i_2227768074	6a. Steamed Wonton (10)	Appetizers	11.99	0	0
2856399	i_2227768073	3. Chicken Egg Roll (1)	Appetizers	2.99	0	0
2856399	i_2227768071	19bb. Crispy Deep Fried Vegetable Dumplings	Appetizers	11.99	0	0
2856399	i_2227768067	7. Fried Chicken Wings (8)	Appetizers	11.99	0	0
2856399	i_2227768066	9. Hot Buffalo Wings (8)	Appetizers	11.99	0	0
2856399	i_2227768064	17. Fried Coconut Shrimp (8)	Appetizers	11.99	0	0
2856399	i_2227768061	13bb. Crispy Deep Fried Pork Dumplings (10 Pcs)	Appetizers	11.99	0	0
2856399	i_2227768060	20n. Fried Chicken Nuggets (12)	Appetizers	11.99	0	0
2856399	i_2227768058	20. Po Po Platter for 2	Appetizers	19.99	0	0
2856399	i_2227768057	20f. Fried French Fries	Appetizers	11.99	0	0
2856399	i_2227768056	13a. New Style Steamed Dumplings (10)	Appetizers	11.99	0	0
2856399	i_2227768053	12b. New Style Steamed Chicken Dumplings	Appetizers	11.99	0	0
2856399	i_2227768051	14bb. Crispy Deep Fried Chicken Dumpling	Appetizers	11.99	0	0
2856399	i_2227768050	13b. New Style Fried Chicken Dumplings (10)	Appetizers	10.99	0	0
2856399	i_2227768048	10. Fried Tofu (w. Ginger Sauce)	Appetizers	11.99	0	0
2856399	i_2227767997	31. Fried Rice (Qt)	Fried Rice	14.99	0	0
2856399	i_2227767996	31a. Plain Fried Rice (No Vegetable) (Qt)	Fried Rice	14.99	0	0
2856399	i_2227767995	34. Chicken Fried Rice (Qt)	Fried Rice	14.99	0	0
2856399	i_2227767994	35. Beef Fried Rice (Qt)	Fried Rice	14.99	0	0
2856399	i_2227767993	32. Vegetable Fried Rice (Qt)	Fried Rice	14.99	0	0
2856399	i_2227767992	33. Pork Fried Rice (Qt)	Fried Rice	14.99	0	0
2856399	i_2227767991	38. House Special Fried Rice (Qt)	Fried Rice	14.99	0	0
2856399	i_2227767990	39. Chicken & Pork Fried Rice (Qt)	Fried Rice	14.99	0	0
2856399	i_2227767989	36. Shrimp Fried Rice (Qt)	Fried Rice	14.99	0	0
2856399	i_2227767988	37. Chicken & Beef Fried Rice (Qt)	Fried Rice	14.99	0	0
2856399	i_2227767987	40. Chicken & Shrimp Fried Rice (Qt)	Fried Rice	14.99	0	0
2856399	i_2227767985	S6. Special Orange Chicken	Asian Kitchen Chef Specials	16.99	0	1
2856399	i_2227767974	S1. Sesame Tofu	Asian Kitchen Chef Specials	16.99	0	1
2856399	i_2227767971	S2. General Tso's Tofu	Asian Kitchen Chef Specials	16.99	0	1
2856399	i_2641432509	S32. Special General Tofu *	Asian Kitchen Chef Specials	16.99	0	1
2856399	i_2641433127	S33. Special Orange Tofu *	Asian Kitchen Chef Specials	16.99	0	1
2856399	i_8842897431	Vegetable Lo Mein	Lo Mein	15.99	0	0
2856399	i_8842897430	Chicken Lo Mein	Lo Mein	15.99	0	0
2856399	i_8842897429	Pork Lo Mein	Lo Mein	15.99	0	0
2856399	i_8842897428	Beef Lo Mein	Lo Mein	15.99	0	0
2856399	i_8842897427	Shrimp Lo Mein	Lo Mein	15.99	0	0
288808	i_438762644	Tagliatelle	Pasta	25.00	0	1
288808	i_438762676	Ciabatta Bread	Spuntini & Antipasti	5.00	0	0
288808	i_438762666	Chicken Parmesan	Italian Classics	27.00	0	0
288808	i_5888304470	Tiramisu	Dolce	11.00	0	0
288808	i_438762653	Bucatini alla Carbonara	Italian Classics	23.00	0	1
288808	i_438762645	Creste di Gallo	Pasta	25.00	0	1
288808	i_438762659	Chicken Alfredo	Italian Classics	28.00	0	0
288808	i_438762682	Tuscan Kale Caesar	Salad	15.00	0	0
288808	i_438762671	Bacon - Wrapped Dates	Spuntini & Antipasti	15.00	0	0
288808	i_438762641	Sautéed Broccolini	Side Dishes	11.00	0	0
288808	i_438762667	Bucatini & Meatballs	Italian Classics	25.00	0	0
288808	i_10456215494	Rhubarb Cheesecake	Dolce	15.00	0	0
288808	i_13468281728	Midnight Chocolate Cake	Dolce	14.00	0	0
288808	i_24610180277	Tres Leches Cake	Dolce	13.00	0	0
288808	i_438762657	Caprese Pizza	Pizza	21.00	0	1
288808	i_438762665	Spicy Salumi Pizza	Pizza	21.00	0	1
288808	i_438762678	Funghi & Formaggi Pizza	Pizza	20.00	0	1
288808	i_438762654	Margherita Pizza	Pizza	19.00	0	1
288808	i_8004946684	Italian Sausage Pizza	Pizza	22.00	0	1
288808	i_10455604486	Fried Chicken alla Vodka Pizza	Pizza	23.00	0	0
288808	i_438762660	Fried Calamari	Spuntini & Antipasti	19.00	0	0
288808	i_438762669	Roman Fried Artichokes	Spuntini & Antipasti	16.00	0	0
288808	i_438762672	Grilled Octopus	Spuntini & Antipasti	21.00	0	0
288808	i_438762673	Warm Marinated Olives	Spuntini & Antipasti	11.00	0	0
288808	i_438762686	Butcher Board	Spuntini & Antipasti	24.00	0	0
288808	i_438762647	Tuna Tartare	Spuntini & Antipasti	27.00	0	0
288808	i_438762655	Classic Meatballs	Spuntini & Antipasti	16.00	0	0
288808	i_44251920362	Burrata	Spuntini & Antipasti	17.00	0	0
288808	i_438762677	Wine Poached Beets	Salad	17.00	0	0
288808	i_8005019273	Mixed Greens Salad	Salad	17.00	0	0
288808	i_438762637	Crispy Fingerling Potatoes	Side Dishes	10.00	0	0
288808	i_438762642	Rainbow Carrots	Side Dishes	13.00	0	0
288808	i_438762640	Foraged Mushrooms	Side Dishes	12.00	0	0
288808	i_438762646	12 oz. Ney's Flatiron	Entrées	50.00	0	1
288808	i_438762643	Brick Chicken	Entrées	31.00	0	0
288808	i_1110840453	Salmon Primavera	Entrées	35.00	0	0
288808	i_10453005235	Pan-Roasted Duck	Entrées	38.00	0	0
288808	i_14343299579	Branzino	Entrées	42.00	0	0
288808	i_14348920511	16 oz. Ney's Ribeye	Entrées	92.00	0	1
288808	i_14352396742	Seared Scallops	Entrées	36.00	0	0
288808	i_438762638	Gnocchi al Tartufo	Pasta	26.00	0	0
288808	i_438762639	Shrimp Scampi	Pasta	24.00	0	1
288808	i_10454824689	Agnolotti	Pasta	23.00	0	0
288808	i_19939258718	Rigatoni al Ragù	Pasta	28.00	0	1
288808	i_26974266944	Lobster Fettuccine	Pasta	32.00	0	1
288817	i_11668946560	Mexican Street Corn	Sides	6.79	1	1
288817	i_135784265	Tacos (3)	Entrées	12.99	1	1
288817	i_11670541342	Quesabirria	Entrées	15.99	1	1
288817	i_135784252	Burrito	Entrées	12.99	1	1
288817	i_135785946	Chips & Queso	Sides	5.60	1	0
288817	i_135786129	Horchata 24 Oz	Beverages	6.49	1	0
288817	i_135784432	Rice	Sides	3.69	1	0
288817	i_135785996	Can Soda	Beverages	2.09	1	1
288817	i_135784262	Quesadillas	Entrées	12.99	1	1
288817	i_135784279	Loaded Nachos	Entrées	13.69	1	1
288817	i_135784307	2 Meat Plate	Entrées	15.99	1	1
288817	i_135784285	Tortas	Entrées	13.99	1	1
288817	i_135784357	Combo to Share	Entrées	25.99	1	1
288817	i_135784269	Burrito Bowl	Entrées	12.99	1	1
288817	i_135784264	Fish Tacos	Entrées	13.99	1	1
288817	i_1371516249	Shrimp Tacos	Entrées	13.99	1	1
288817	i_2743756241	Two Tacos Rice and Beans	Entrées	12.99	1	1
288817	i_5169293782	Enchiladas	Entrées	15.99	1	1
288817	i_5179535333	8 Wings	Entrées	15.89	1	1
288817	i_5180254438	6 wings with fries	Entrées	15.89	1	1
288817	i_7342029709	Mole Enchiladas	Entrées	15.99	1	1
288817	i_21694814326	Steak Fries or Tater Tots	Entrées	14.99	1	1
288817	i_22844873347	two Tamales rice and beans	Entrées	12.59	1	1
288817	i_33179372934	Breakfast Burrito	Entrées	12.99	1	1
288817	i_135785939	Chips & Salsa	Sides	3.79	1	1
288817	i_135785886	Extra Meat (2 Scoops)	Sides	3.99	1	1
288817	i_135784857	Pico de Gallo (Medium)	Sides	2.19	1	0
288817	i_135784665	Beans	Sides	3.69	1	1
288817	i_135785049	Cheese	Sides	1.59	1	1
288817	i_135785912	Chips & Guacamole	Sides	5.60	1	0
288817	i_135784900	Extra Salsa	Sides	1.39	1	1
288817	i_135784547	Guacamole 2oz	Sides	2.39	1	0
288817	i_135784906	Sour Cream	Sides	1.59	1	0
288817	i_5185205155	Ranch	Sides	0.99	1	0
288817	i_5183614633	Barbecue	Sides	0.99	1	0
288817	i_5179535986	Fries	Sides	4.50	1	0
288817	i_5803003675	Churros	Sides	7.29	1	1
288817	i_6348705447	Cheesecake	Sides	7.29	1	0
288817	i_22844198728	Tamales	Sides	3.50	1	1
288817	i_38978580170	Churro cake	Sides	5.79	1	0
288817	i_44333533474	Cheese Curds	Sides	8.99	1	0
288817	i_135786134	Water Bottle	Beverages	1.99	1	0
288817	i_135786120	Bottled Drinks	Beverages	3.79	1	1
288817	i_22734651592	Passion Fruit (24oz)	Beverages	6.49	1	0
288817	i_24784110056	Jamaica (hibiscus) 24 Oz	Beverages	6.49	1	0
288817	i_4902852401	DashPass Exclusive Combo	DashPass Exclusive	14.99	1	1
288822	i_849568826	Any 3 Rolls	Sushi Roll	14.95	1	1
288822	i_849568807	3. Crab Rangoon (4)	Appetizer	5.95	1	0
288822	i_849568825	Any 2 Rolls	Sushi Roll	10.95	1	1
288822	i_849568915	SP7. Monster Roll	Special Rolls	12.49	1	0
288822	i_849568810	6. Gyoza (8)	Appetizer	8.03	1	0
288822	i_849568806	2. Vegetable Spring Roll (2)	Appetizer	1.95	1	0
288822	i_849568819	20. Miso Soup	Soup & Salad	3.45	1	0
288822	i_849568791	Large (3 Scoops of Fish)	Poke Bowl	16.99	1	1
288822	i_7496896429	164. Spicy Mayo, 2 oz	Side Order	0.50	1	0
288822	i_849568809	5. Edamame	Appetizer	6.95	1	0
288822	i_849568789	Small (1 Scoop of Fish)	Poke Bowl	11.99	1	1
288822	i_849568790	Regular (2 Scoops of Fish)	Poke Bowl	14.99	1	1
288822	i_849568792	Vegetable Only	Poke Bowl	11.80	1	1
288822	i_849568793	A1. Signature Ocean Feast	House Creation	17.59	1	0
288822	i_849568794	A2. Snow Stone	House Creation	15.50	1	0
288822	i_849568795	АЗ. Hawaii Green	House Creation	15.99	1	0
288822	i_849568796	A4. Tropical Island	House Creation	14.99	1	0
288822	i_849568797	A5. California Style	House Creation	14.99	1	0
288822	i_849568798	A6. Spicy Style	House Creation	14.99	1	0
288822	i_849568799	A7. Crunchy Style	House Creation	14.99	1	0
288822	i_849568800	A8. Unagi Style	House Creation	17.30	1	0
288822	i_849568801	A9. Osaka Bowl	House Creation	17.30	1	0
288822	i_849568802	A10. Lover Bowl	House Creation	17.30	1	0
288822	i_849568803	A11. Kuroman Bowl	House Creation	17.30	1	0
288822	i_849568804	A12. Veggie Bowl	House Creation	12.80	1	0
288822	i_849568805	A16. Salmon Obsession	House Creation	14.99	1	0
288822	i_849568808	4. Age Tofu	Appetizer	5.95	1	0
288822	i_849568811	7. Vegetable Tempura	Appetizer	6.45	1	0
288822	i_849568812	8. Shrimp Tempura	Appetizer	7.15	1	0
288822	i_849568813	9. Rock Shrimp	Appetizer	7.95	1	0
288822	i_849568814	10. Fried Calamari	Appetizer	7.95	1	0
288822	i_849568815	11. Crispy Soft Shell Crab	Appetizer	9.95	1	0
288822	i_849568816	12. Chicken Tempura	Appetizer	7.95	1	0
288822	i_849568817	13. Vegetable Pancake	Appetizer	6.95	1	0
288822	i_849568818	15. Spice Edamame	Appetizer	6.95	1	0
288822	i_849568820	21. House Salad	Soup & Salad	4.15	1	0
288822	i_849568821	22. Seaweed Salad	Soup & Salad	5.95	1	0
288822	i_849568822	23. Avocado Salad	Soup & Salad	5.95	1	0
288822	i_849568823	24. Spicy Crab Meat Salad	Soup & Salad	6.25	1	0
288822	i_849568824	25. Salmon Skinned Salad	Soup & Salad	5.69	1	0
288822	i_849568827	30. Cucumber Roll	Sushi Roll	4.50	1	0
288822	i_849568828	31. Avocado Roll	Sushi Roll	4.70	1	0
288822	i_849568829	32. Oshinko Roll	Sushi Roll	4.50	1	0
288822	i_849568830	33. Avocado & Cucumber Roll	Sushi Roll	4.75	1	0
288822	i_849568831	34. Asparagus Roll	Sushi Roll	4.75	1	0
288822	i_849568832	35. Sweet Potato Tempura Roll (5 Pcs)	Sushi Roll	5.00	1	0
288822	i_849568833	36. Crab Meat Roll	Sushi Roll	5.55	1	0
288822	i_849568834	37. Crab Meat Tempura Roll	Sushi Roll	5.75	1	0
288822	i_849568835	38. Tuna Roll	Sushi Roll	5.50	1	0
288822	i_849568836	39. Salmon Roll	Sushi Roll	5.60	1	0
288822	i_849568837	40. Yellowtail Roll	Sushi Roll	5.80	1	0
288822	i_849568838	41. Eel Roll	Sushi Roll	6.10	1	0
288822	i_849568839	42. California Roll	Sushi Roll	5.25	1	0
288822	i_849568840	43. Alaska Roll	Sushi Roll	5.60	1	0
288822	i_849568841	44. Boston Roll	Sushi Roll	5.50	1	0
288822	i_849568842	45. Philadelphia Roll	Sushi Roll	6.35	1	0
288822	i_849568843	46. Spicy California Roll	Sushi Roll	5.50	1	0
288822	i_849568844	47. Spicy Crab Meat Roll	Sushi Roll	5.50	1	0
288822	i_849568845	48. Spicy Salmon Roll	Sushi Roll	5.80	1	0
288822	i_849568846	49. Spicy Tuna Roll	Sushi Roll	5.80	1	0
288822	i_849568847	50. Shrimp Tempura Roll (5 Pcs)	Sushi Roll	6.35	1	0
288822	i_849568848	51. Eel Avocado Roll	Sushi Roll	6.35	1	0
288822	i_849568849	52. Eel Cucumber Roll	Sushi Roll	6.35	1	0
288822	i_849568850	53. New York Roll	Sushi Roll	6.35	1	0
288822	i_849568851	54. Hollywood Roll	Sushi Roll	7.20	1	0
288822	i_849568852	55. Salmon Skin Roll	Sushi Roll	4.95	1	0
288822	i_2247482560	56. Tuna Avocado Roll	Sushi Roll	6.35	1	0
288822	i_2247484007	57. Salmon Avocado Roll	Sushi Roll	6.35	1	0
288822	i_38533826992	58. Tuna Cucumber Roll	Sushi Roll	6.35	1	0
288822	i_38533826993	59. Salmon Cucumber Roll	Sushi Roll	6.35	1	0
288822	i_849568853	60. Crab Meat	Sushi or Sashimi	4.45	1	1
288822	i_849568854	61. Inari (Tofu Skin)	Sushi or Sashimi	4.45	1	1
288822	i_849568855	62. Shrimp	Sushi or Sashimi	5.45	1	1
288822	i_849568856	63. Red Snapper	Sushi or Sashimi	5.45	1	1
288822	i_849568857	65. Masago (Fish Egg)	Sushi or Sashimi	5.75	1	1
288822	i_849568858	66. Surf Clam	Sushi or Sashimi	5.75	1	1
288822	i_849568859	67. Salmon	Sushi or Sashimi	5.75	1	1
288822	i_849568860	68. Tuna	Sushi or Sashimi	5.75	1	1
288822	i_849568861	69. White Tuna	Sushi or Sashimi	5.75	1	1
288822	i_849568862	70. Pepper Tuna	Sushi or Sashimi	5.95	1	1
288822	i_849568863	71. Octopus	Sushi or Sashimi	5.95	1	1
288822	i_849568864	72. Yellowtail	Sushi or Sashimi	6.45	1	1
288822	i_849568865	73. Eel	Sushi or Sashimi	6.45	1	1
288822	i_849568866	80. Sushi Regular	Sushi Entrées	19.95	1	0
288822	i_849568867	81. Sushi Deluxe	Sushi Entrées	20.95	1	0
288822	i_849568868	82. Sashimi Regular	Sushi Entrées	20.95	1	0
288822	i_849568869	83. Sashimi Deluxe	Sushi Entrées	22.95	1	0
288822	i_849568870	84. Sushi & Sashimi Combo	Sushi Entrées	29.95	1	0
288822	i_849568871	85. Love Boat	Sushi Entrées	39.95	1	0
288822	i_849568872	86. Party Platter	Sushi Entrées	56.95	1	0
288822	i_849568873	87. American Combo	Sushi Entrées	27.95	1	0
288822	i_849568874	90. Vegetable Teriyaki	Teriyaki	12.45	1	1
288822	i_849568875	91. Chicken Teriyaki	Teriyaki	14.95	1	1
288822	i_849568876	92. Shrimp Teriyaki	Teriyaki	15.75	1	1
288822	i_849568877	93. Beef Teriyaki	Teriyaki	15.75	1	1
288822	i_849568878	94. Combination Teriyaki	Teriyaki	15.95	1	1
288822	i_38529503503	95. General Tso's Chicken	Teriyaki	13.95	1	0
288822	i_38537241973	96. Sesame Chicken	Teriyaki	13.95	1	0
288822	i_38537241976	97. Orange Chicken	Teriyaki	13.95	1	0
288822	i_44378700435	98. Sweet Sour Chicken	Teriyaki	13.45	1	0
288822	i_849568880	100. Vegetable Fried Rice	Fried Rice	9.50	1	0
288822	i_849568881	101. Chicken Fried Rice	Fried Rice	10.50	1	0
288822	i_849568882	102. Shrimp Fried Rice	Fried Rice	10.85	1	0
288822	i_849568883	103. Beef Fried Rice	Fried Rice	10.85	1	0
288822	i_849568884	104. Combination Fried Rice	Fried Rice	10.95	1	0
288822	i_849568885	111. Vegetable Lo Mein	Lo Mein	9.75	1	0
288822	i_849568886	112. Chicken Lo Mein	Lo Mein	11.25	1	0
288822	i_849568887	113. Shrimp Lo Mein	Lo Mein	12.25	1	0
288822	i_849568888	114. Beef Lo Mein	Lo Mein	12.75	1	0
288822	i_849568889	115. Combination Lo Mein	Lo Mein	12.95	1	0
288822	i_849568890	116. Akari Lo Mein	Lo Mein	13.75	1	0
288822	i_849568891	120. Vegetable Udon	Udon	11.25	1	0
288822	i_849568892	121. Chicken Udon	Udon	12.75	1	0
288822	i_849568893	122. Beef Udon	Udon	12.95	1	0
288822	i_849568894	123. Shrimp Udon	Udon	12.95	1	0
288822	i_849568895	124. Combination Udon	Udon	13.15	1	0
288822	i_849568896	125. Akari Udon	Udon	13.95	1	0
288822	i_849568897	131. Shrimp Tempura Over Rice	Donburi	15.95	1	0
288822	i_849568898	132. Eel Over Rice	Donburi	19.95	1	0
288822	i_849568899	133. Soft Shell Crab Over Rice	Donburi	17.95	1	0
288822	i_849568900	134. Salmon Over Rice	Donburi	19.95	1	0
288822	i_849568901	140. Vegetable Tempura Bento	Bento Box	15.45	1	1
288822	i_849568902	141. Shrimp Tempura Bento	Bento Box	17.95	1	1
288822	i_849568903	142. Vegetable Teriyaki Bento	Bento Box	15.45	1	1
288822	i_849568904	143. Chicken Teriyaki Bento	Bento Box	17.45	1	1
288822	i_849568905	144. Shrimp Teriyaki Bento	Bento Box	17.95	1	1
288822	i_849568906	145. Beef Teriyaki Bento	Bento Box	17.95	1	1
288822	i_849568908	148. Combination Teriyaki Bento	Bento Box	18.05	1	1
288822	i_38529503504	149. General Chicken Bento	Bento Box	17.45	1	0
288822	i_38537241977	170. Sesame Chicken Bento	Bento Box	17.45	1	0
288822	i_38529503799	171. Orange Chicken Bento	Bento Box	17.45	1	0
288822	i_44378700441	172. Sweet Sour Chicken Bento	Bento Box	17.25	1	0
288822	i_849568909	SP1. Lake City Roll	Special Rolls	12.49	1	0
288822	i_849568910	SP2. King Roll	Special Rolls	12.49	1	0
288822	i_849568911	SP3. Spider Roll	Special Rolls	12.49	1	0
288822	i_849568912	SP4. Dynamite Roll	Special Rolls	12.49	1	0
288822	i_849568913	SP5. Dragon Roll	Special Rolls	12.49	1	0
288822	i_849568914	SP6. Fire Cracker Roll	Special Rolls	12.49	1	0
288822	i_849568916	SP8. Mango Lover Roll	Special Rolls	12.49	1	0
288822	i_849568917	SP9. Royal Roll	Special Rolls	13.49	1	0
288822	i_849568918	SP10. Rainbow Roll	Special Rolls	12.49	1	0
288822	i_849568919	SP11. Bamboo Roll	Special Rolls	12.49	1	0
288822	i_849568920	SP12. Hot Girl Roll	Special Rolls	12.49	1	0
288822	i_849568921	SP13. Snow Stone Roll	Special Rolls	13.25	1	0
288822	i_849568922	SP14. Out of Control Roll	Special Rolls	13.25	1	0
288822	i_849568923	SP15. Volcano Roll	Special Rolls	13.25	1	0
288822	i_849568924	SP16. Golden Age Roll	Special Rolls	14.49	1	0
288822	i_849568925	SP17. Hawaiian Roll	Special Rolls	15.49	1	0
288822	i_849568926	SP18. Fire Island Roll	Special Rolls	15.45	1	0
288822	i_849568927	SP19. Crazy Tuna Roll	Special Rolls	15.45	1	0
288845	i_43753772088	TACOS	FOOD MENU	3.99	1	1
288845	i_43753772047	TACO BIRRIA	EVERY DAY SPECIALS	4.75	1	0
288845	i_43753772053	TACO MEAL	EVERY DAY SPECIALS	14.00	1	1
288845	i_43753772094	QUESADILLAS	FOOD MENU	7.99	1	0
288845	i_43753772103	BURRITOS	FOOD MENU	15.00	1	0
288845	i_43753772105	SIDE OF RICE	SIDES	3.50	1	0
288845	i_43753772084	HORCHATA	DRINKS	3.50	1	0
288845	i_43753772039	CHURROS	DESERTS	6.99	1	0
288845	i_43753772090	TORTAS	FOOD MENU	14.75	1	0
288845	i_43753772044	QUESO DIP WITH CHIPS	EVERY DAY SPECIALS	7.99	1	0
288845	i_44443717385	PITCHER MARGARITAS	Speciatly Drinks	18.00	1	0
288845	i_43753772040	ELOTE	DESERTS	6.50	1	0
288845	i_43753772041	GUACAMOLE	EVERY DAY SPECIALS	7.50	1	0
288845	i_43753772042	GUACAMOLE WITH CHIPS	EVERY DAY SPECIALS	9.00	1	0
288845	i_43753772043	QUESO DIP	EVERY DAY SPECIALS	5.99	1	0
288845	i_43753772045	TAMALES	EVERY DAY SPECIALS	4.99	1	1
288845	i_43753772046	TAMALES MEAL SPECIAL	EVERY DAY SPECIALS	15.99	1	1
288845	i_43753772048	FISH TACO	EVERY DAY SPECIALS	4.99	1	0
288845	i_43753772050	CONSOME	EVERY DAY SPECIALS	1.25	1	0
288845	i_43753772051	COOKED SHRIMP CEVICHE	EVERY DAY SPECIALS	7.50	1	0
288845	i_43753772052	TOSTADAS CEVICHE	EVERY DAY SPECIALS	7.00	1	0
288845	i_43753772054	CHILE RELLENO MEAL	EVERY DAY SPECIALS	16.50	1	0
288845	i_43753772055	FLAUTAS	EVERY DAY SPECIALS	16.50	1	0
288845	i_43753772056	NACHOS	EVERY DAY SPECIALS	14.75	1	0
288845	i_43753772057	SHRIMP FAJITAS	EVERY DAY SPECIALS	20.99	1	0
288845	i_43753772058	HUARACHE	EVERY DAY SPECIALS	15.50	1	0
288845	i_43753772059	MOLCAJETE	EVERY DAY SPECIALS	20.99	1	0
288845	i_43753772060	TILLAPIA DINNER	EVERY DAY SPECIALS	17.00	1	0
288845	i_43753772061	ENCHILADAS DE MOLE	EVERY DAY SPECIALS	17.99	1	0
288845	i_44169941899	MARGARITAS	COCKTAILS	7.75	1	0
288845	i_43753772080	JARITTOS	DRINKS	3.50	1	0
288845	i_43753772081	SODA	DRINKS	2.25	1	0
288845	i_43753772082	JAMAICA DRINK	DRINKS	3.00	1	0
288845	i_43753772083	PITCHER JAMAICA DRINK	DRINKS	13.00	1	0
288845	i_43753772085	PITCHER HORCHATA	DRINKS	13.00	1	0
288845	i_43753772106	SIDE OF BEANS	SIDES	3.50	1	0
288845	i_43753772107	MEXICAN SALAD CHICKEN	SIDES	14.00	1	0
288845	i_43753772109	MEXICAN SALAD VEGGIE	SIDES	13.00	1	0
288845	i_43753772110	EXTRA AVOCADO	SIDES	1.25	1	0
288845	i_43753772111	EXTRA SOUR CREAM	SIDES	1.25	1	0
288845	i_43753772112	EXTRA CHEESE	SIDES	1.25	1	0
288845	i_43753772089	GORDITAS	FOOD MENU	6.99	1	0
288845	i_43753772091	SOPES	FOOD MENU	8.99	1	0
288845	i_43753772092	PAMBASOS	FOOD MENU	14.50	1	1
288845	i_43753772093	TOSTADAS	FOOD MENU	6.00	1	0
288845	i_43753772095	BISTEC ENCEBOLLADO	FOOD MENU	16.75	1	0
288845	i_43753772096	BISTEC ALA MEXICANA	FOOD MENU	16.25	1	0
288845	i_43753772097	PECHUGA ALA PLANCHA	FOOD MENU	15.50	1	0
288845	i_43753772098	CHILAQUILES	FOOD MENU	15.50	1	0
288845	i_43753772099	MEXICAN ENCHILADAS	FOOD MENU	15.50	1	0
288845	i_43753772100	MILANESA	FOOD MENU	16.25	1	0
288845	i_43753772101	CHIMICHANGA	FOOD MENU	15.50	1	0
288845	i_43753772102	FAJITAS	FOOD MENU	18.99	1	0
288850	i_43093682914	Lomo Saltado	Special Platters	15.99	1	0
288850	i_43093682918	Pollo Tropical	Special Platters	13.99	1	1
288850	i_43093682911	Pollo Entero (2 Sides)	Pollo A La Brasa	23.99	1	0
288850	i_43093682912	Medio Pollo	Pollo A La Brasa	13.99	1	1
288850	i_43093682915	Pollo Saltado	Special Platters	13.99	1	0
288850	i_43093682921	Arroz con Pollo	Special Platters	13.99	1	1
288850	i_11004303073	Mango Smoothie	Drink & Smoothies	5.50	1	0
288850	i_43093682930	Platanos Dulces Fritos	Sides & Sauces	5.50	1	0
288850	i_43093682913	Cuarto de Pollo	Pollo A La Brasa	9.99	1	1
288850	i_43093682920	Arroz con Cerdo	Special Platters	14.99	1	0
288850	i_11004228259	Inca Kola	Drink & Smoothies	2.99	1	1
288850	i_11004228260	La Croix Passion Fruit	Drink & Smoothies	2.00	1	0
288850	i_11004228261	La Croix Lemon	Drink & Smoothies	2.00	1	0
288850	i_11004228262	La Croix Pure	Drink & Smoothies	2.00	1	0
288850	i_11004228263	Dasani Water	Drink & Smoothies	2.25	1	0
288850	i_11004228264	Diet Coke	Drink & Smoothies	2.00	1	0
288850	i_11004228265	Diet Pepsi	Drink & Smoothies	2.00	1	0
288850	i_11004228266	Pepsi	Drink & Smoothies	2.00	1	0
288850	i_11004228267	Coca-Cola	Drink & Smoothies	2.00	1	0
288850	i_11004228268	Sprite	Drink & Smoothies	2.00	1	0
288850	i_11004228269	Chicha Morada	Drink & Smoothies	3.99	1	0
288850	i_11004228270	Jugo de Guanabana	Drink & Smoothies	3.99	1	0
288850	i_11004228271	Jugo de Maracuya	Drink & Smoothies	3.99	1	0
288850	i_11004303074	Guanabana Smoothie	Drink & Smoothies	5.50	1	0
288850	i_11004303075	Jugo de Papaya	Drink & Smoothies	5.50	1	0
288850	i_11004303076	Strawberry Smoothie	Drink & Smoothies	5.50	1	0
288850	i_43093682916	Tofu Saltado	Special Platters	12.99	1	0
288850	i_43093682917	Veggie Saltado	Special Platters	12.99	1	0
288850	i_43093682919	Pollo Caribeño	Special Platters	13.99	1	1
288850	i_43093682922	Pollo a la Brasa	Special Platters	13.99	1	1
288850	i_43093682923	Veggie Platter (V)	Special Platters	12.99	1	0
288850	i_43093682924	Salchipapas	Special Platters	10.99	1	0
288850	i_43093682925	Lomo Sandwich	Sandwich	11.99	1	0
288850	i_43093682926	Chicharon Sandwich	Sandwich	9.99	1	0
288850	i_43093682927	Brasa Sandwich	Sandwich	9.99	1	0
288850	i_43093682928	Arroz con Cilantro	Sides & Sauces	5.50	1	0
288850	i_43093682929	Arroz Blanco y Frijoles Negros	Sides & Sauces	5.50	1	0
288850	i_43093682931	Papas Fritas	Sides & Sauces	5.50	1	0
288850	i_43093682932	Saltado de Vegetales	Sides & Sauces	6.50	1	0
288850	i_43093682933	Ensalada	Sides & Sauces	5.50	1	0
288850	i_43093682934	Camotes Fritos	Sides & Sauces	5.50	1	0
288850	i_43093682935	Arroz Blanco	Sides & Sauces	3.50	1	0
288850	i_43093682936	Frijoles Negros	Sides & Sauces	3.50	1	0
288850	i_43093682937	Yucas Fritas	Sides & Sauces	5.50	1	0
288850	i_43093682938	Tostones	Sides & Sauces	5.50	1	0
288850	i_43093682939	Salsa Criolla	Sides & Sauces	3.50	1	0
288850	i_43093682940	Inka Signature Aji Amarillo 8-oz	Sides & Sauces	5.99	1	0
288850	i_43093682941	Inka Signature Aji Amarillo 1-oz	Sides & Sauces	0.75	1	0
288850	i_43093682942	Inka Signature Aji Verde 8-oz	Sides & Sauces	5.99	1	0
288850	i_43093682943	Inka Signature Aji Verde 1-oz	Sides & Sauces	0.75	1	0
288850	i_43093682944	Inka Signature Aji Rojo 8-oz	Sides & Sauces	5.99	1	0
288850	i_43093682945	Inka Signature Aji Rojo 1-oz	Sides & Sauces	0.75	1	0
288850	i_43093682946	Flan (GF) (single serving)	Dessert	5.50	1	0
288850	i_43093682947	Caja de Alfajores Pequeños	Dessert	12.50	1	0
288862	i_12142015126	Pad Thai	Popular Items	18.50	0	1
288862	i_12142004265	Crispy Spring Roll	Appetizer	10.50	0	0
288862	i_12141974245	Panang Curry🌶️	Curry	18.50	0	1
288862	i_12141976200	Pad See-U	Noodle	18.50	0	1
288862	i_12142004264	Crab Rangoon	Appetizer	11.50	0	0
288862	i_12141974244	Yellow Curry🌶️	Curry	18.50	0	1
288862	i_12142004266	Chicken Pot Sticker	Appetizer	11.50	0	0
288862	i_12142015127	Drunken Noodle🌶️	Popular Items	18.50	0	1
288862	i_12142015129	Thai Iced Tea	Popular Items	6.50	0	0
288862	i_12142015125	Spicy Basil Fried Rice🌶️	Popular Items	18.50	0	1
288862	i_18291869214	Fried Tofu	Popular Items	10.50	0	0
288862	i_18090134108	Seafood Salad🌶️	Popular Items	21.95	0	0
288862	i_12142004267	Satay Chicken	Appetizer	14.50	0	0
288862	i_39623802894	Fresh Roll	Appetizer	10.50	0	0
288862	i_12142004272	Fried Calamari	Appetizer	13.50	0	0
288862	i_18322766928	ISAAN SAUSAGE	Appetizer	11.95	0	0
288862	i_37876035151	Paradise Wing 🌶️	Appetizer	13.50	0	0
288862	i_12142010605	Cucumber Salad	Salad	7.95	0	0
288862	i_12142010609	Thai Salad	Salad	12.95	0	0
288862	i_12142010606	Papaya Salad 🌶️	Salad	14.95	0	0
288862	i_12142010608	Grilled Beef Salad🌶️	Salad	17.95	0	0
288862	i_12142010604	Larb🌶️	Salad	16.95	0	1
288862	i_12141976196	Tom Yum (Hot & Sour Thai Soup No Coconut Milk)🌶️	Soup	17.95	0	1
288862	i_12141976195	Tom Kha (Hot & Sour Thai Soup with Coconut Milk)🌶️	Soup	17.95	0	1
288862	i_12141976197	Tom Jurd	Soup	17.95	0	1
288862	i_12141981663	Broccoli Delight	Main Dish	18.50	0	1
288862	i_12141981660	Spicy Basil🌶️	Main Dish	18.50	0	1
288862	i_12141981661	Spicy Cashew Nut🌶️	Main Dish	18.50	0	1
288862	i_12141981667	PAD GINGER	Main Dish	18.50	0	1
288862	i_12141981666	Pepper & Garlic	Main Dish	18.50	0	1
288862	i_12141981665	Mixed Vegetables (Pad Pak)	Main Dish	18.50	0	1
288862	i_12141981664	Spicy Eggplant🌶️	Main Dish	18.50	0	1
288862	i_12141981662	Prik King🌶️	Main Dish	18.50	0	1
288862	i_12141981668	Pra Luck (Peanut Sauce)	Main Dish	18.50	0	1
288862	i_40852755091	FRIED CHICKEN BALLS	Curry	11.95	0	0
288862	i_12141974251	Evil Jungle Noodle🌶️	Curry	18.50	0	1
288862	i_12141974248	Red Curry🌶️	Curry	18.50	0	1
288862	i_12141974246	Green Curry🌶️	Curry	18.50	0	1
288862	i_12141974247	Pineapple Curry🌶️	Curry	19.50	0	1
288862	i_13436779739	MANGO CURRY🌶️	Curry	19.50	0	1
288862	i_12141974250	Salmon Panang Curry🌶️	Curry	25.95	0	0
288862	i_12141974249	Pumpkin Curry🌶️	Curry	19.50	0	1
288862	i_12141998038	Fried Rice	Rice	18.50	0	1
288862	i_12141998039	Pineapple Fried Rice🌶️	Rice	19.50	0	1
288862	i_12141998040	Crab Meat Fried Rice	Rice	23.50	0	0
288862	i_12142004270	Breaded Butterfly Shrimp	Noodle	13.50	0	0
288862	i_12141976203	Chow Mein	Noodle	18.50	0	1
288862	i_12141976202	Pad Woon Sen	Noodle	18.50	0	1
288862	i_12970320408	Garden Cheesecake	Dessert	11.50	0	0
288862	i_12141973261	Thai Iced Coffee	Drink	6.50	0	0
288862	i_12141973263	Anchan Limeade	Drink	6.50	0	0
288862	i_38873692381	Butterfly Milk Tea	Drink	6.50	0	0
288862	i_12141973262	Lime Iced Tea	Drink	6.50	0	0
288862	i_12141973264	Water	Drink	2.50	0	0
288862	i_12141973265	PEPSI	Drink	3.50	0	0
288862	i_12141973266	DIET PEPSI	Drink	3.50	0	0
288862	i_12141973267	SPRITE-	Drink	3.50	0	0
288862	i_12142018907	STEAM RICE	Side Orders	3.50	0	0
288862	i_23332044289	STICKY RICE	Side Orders	4.50	0	0
288862	i_12142018903	Rice Noodle	Side Orders	4.50	0	0
288862	i_12142018905	Steamed Vegetable	Side Orders	5.50	0	0
288862	i_12142018906	Steamed Tofu	Side Orders	5.50	0	0
288862	i_12142018904	Peanut Sauce	Side Orders	4.50	0	0
288863	i_151340639	Chinese Chive & Pork Dumplings (猪肉韭菜饺)-10 pcs	Dumplings	12.05	1	1
288863	i_151334303	Scallion Pancake(葱油饼)	Buns & Pancake	3.75	1	1
288863	i_151336749	Homemade Noodle Soup with Select Meat(老汤面）	Noodles	14.89	1	1
288863	i_151341895	Steamed Pork Dumplings XiaoLongBao(鲜肉小笼包) -6 pcs	Dumplings	10.29	1	1
288863	i_151333444	Chinese BBQ Pork Buns (叉烧包)-3pcs	Buns & Pancake	7.99	1	0
288863	i_151337390	Traditional Beijing Noodle with Soy Bean Paste(北京炸酱面）	Noodles	13.75	1	1
288863	i_495350635	Shau Mai (烧麦)-5pcs	Dumplings	6.85	1	0
288863	i_151333441	Steamed Creamy Custard Bun (奶黄包)-4pcs	Buns & Pancake	4.55	1	0
288863	i_151335428	Wonton Soup (云吞汤)-10pcs	Soup	7.45	1	1
288863	i_151341896	Crabmeat & Pork Soup Dumplings (蟹肉灌汤包)-6 pcs	Dumplings	10.29	1	1
288863	i_151343364	Sweet Iced Tea(冰红茶)	Beverage	3.15	1	0
288863	i_151343363	Bottled Water (水)	Beverage	2.00	1	0
288863	i_495362863	Soy Milk (豆浆)	Beverage	2.89	1	1
288863	i_151343350	Soda	Beverage	2.00	1	1
288863	i_151343357	Hot Tea (热茶)	Beverage	2.80	1	0
288863	i_151341894	Shrimp Rice Dumplings (水晶虾饺)-5 pcs	Dumplings	6.27	1	0
288863	i_151341533	Mushrooms & Chicken Dumplings(鸡肉香菇饺)-10 pcs	Dumplings	12.05	1	1
288863	i_151341535	Three Delight Dumplings (三鲜水饺)-10 pcs	Dumplings	13.19	1	1
288863	i_151341534	Vegetable Dumplings (素饺)-10 pcs	Dumplings	12.05	1	1
288863	i_151340640	Bok Choy & Pork Dumplings (白菜猪肉饺)-10 pcs	Dumplings	12.05	1	1
288863	i_1671462249	Beef & Celery Dumplings (牛肉芹菜饺)-10 pcs	Dumplings	13.19	1	1
288863	i_2971044168	Fish Dumplings(鱼饺)-10 pcs	Dumplings	13.19	1	1
288863	i_8014933685	Corn & Pork Dumplings (玉米猪肉饺) - 10 pcs	Dumplings	12.05	1	1
288863	i_151330970	Chinese Chive Omelets (韭菜馅饼)-4pcs	Omelets	13.75	1	0
288863	i_495354751	Pork Onion Omelets (猪肉大葱馅饼)-4pcs	Omelets	13.75	1	0
288863	i_151333443	Red Bean Buns (豆沙包)-3pcs	Buns & Pancake	6.85	1	0
288863	i_151333442	Taro Paste Buns (芋头包)-3pcs	Buns & Pancake	6.85	1	0
288863	i_712000612	Brown Sugar Nuts Bread(红糖馒头)-2pcs	Buns & Pancake	5.75	1	0
288863	i_151334301	Vegetable Buns(素包)-3pcs	Buns & Pancake	8.59	1	0
288863	i_151334302	Sticky Rice with Chicken (糯米鸡)- 3pcs	Buns & Pancake	6.85	1	0
288863	i_17571392714	Fried Crab Rangoon （炸蟹角）4pcs	Buns & Pancake	5.75	1	0
288863	i_151336903	Udon Noodle Soup with Select Meat（乌冬面）	Noodles	14.89	1	1
288863	i_495349699	Minced Noodles(臊子面）	Noodles	12.59	1	1
288863	i_495358289	Rice Noodle Soup with Select Meat(米粉汤面）	Noodles	14.89	1	1
288863	i_151337389	Noodles with Scrambled Eggs & Tomato(西红柿鸡蛋面）	Noodles	12.59	1	1
288863	i_495350442	Spicy Cold Noodles with Chicken(鸡丝凉面）	Noodles	13.75	1	0
288863	i_151337392	Vegetables Noodles(素面）	Noodles	14.89	1	1
288863	i_8014914334	Spicy River Snail Rice Noodle (螺蛳粉）	Noodles	13.75	1	0
288863	i_8014909008	Noodle Soup With Beef Short Ribs (牛仔骨汤面）	Noodles	17.19	1	1
288863	i_14837197449	Noodle Soup With Teriyaki Eel（鳗鱼面）	Noodles	17.19	1	1
288863	i_14838179558	Noodle Soup With Roasted Duck（烤鸭面）	Noodles	17.19	1	1
288863	i_151342368	Eight Treasure Rice Pudding (紫米八宝粥）	Sweets	6.25	1	1
288863	i_495362822	Fried Peanut (炸花生)	Sides	3.40	1	0
288863	i_495362825	Edamame(毛豆)	Sides	5.69	1	0
288863	i_495362838	Cucumber Salad (拍黄瓜)	Sides	5.69	1	0
288863	i_712000808	Spice Beef Tender(香辣牛健）	Sides	11.45	1	0
288863	i_151342884	Chicken Drumstick（鸡腿) - 1 Pcs	Sides	2.00	1	0
288863	i_151342883	Chicken Wing (鸡翅)-2pcs	Sides	3.45	1	0
288863	i_495362799	Kimchi (辣白菜)	Sides	3.39	1	0
288863	i_1671462604	Fried Egg（煎蛋）	Sides	2.00	1	0
288863	i_2590641403	Seaweed Salad (海藻沙拉)	Sides	5.69	1	0
288863	i_8014940077	Roasted Duck ( 烤鸭）	Sides	14.95	1	0
288863	i_8014944930	Tempura Shrimp (天妇罗炸虾）- 3 pcs	Sides	6.85	1	0
288863	i_8014430809	Fried Pumpkin Pie (南瓜饼）- 3 pcs	Sides	5.69	1	0
288863	i_8014931589	Fried Bread Stick (炸油条）- 2pcs	Sides	4.55	1	0
288863	i_495353216	Scallion Pancake Chicken Roll(鸡肉卷饼）	Rolls	7.45	1	1
288863	i_151335976	Scallion Pancake Beef Roll（牛肉卷饼）	Rolls	7.45	1	1
288863	i_1671395465	Rice Roll with Shrimp（虾肠粉）- 3 pcs	Rolls	7.45	1	0
288863	i_8014927457	Shanghai Spring Rolls (上海卷) - 2 pcs	Rolls	3.75	1	0
288863	i_18327784480	White Rice （Small）米饭	Rice	3.45	1	0
288863	i_18327499350	White Rice （Large）米饭	Rice	5.75	1	0
288863	i_18327499351	Braised Pork with White Rice (卤肉饭)	Rice	14.89	1	0
288863	i_18327835881	Scrambled Egg&Tomato with White Rice (番茄鸡蛋盖饭)	Rice	12.05	1	0
288863	i_24327238074	Beef Short Ribs with White Rice (牛仔骨盖饭）	Rice	19.40	1	0
288863	i_24327238078	Pork Chop With White Rice (猪排饭）	Rice	17.19	1	0
288863	i_32037321016	Roast Duck with White Rice (烧鸭饭)	Rice	18.69	1	0
288863	i_32004219892	Beef Brisket with White Rice (牛腩饭)	Rice	14.89	1	0
288863	i_32037321018	Braised Pork Leg with White Rice (猪腿饭)	Rice	14.89	1	0
288868	i_2470344561	10" Build Your Own Wood-Fired Pizza	Wood-Fired Carryout (3Pd)	16.80	0	1
288868	i_2470344717	Empanadas	Entrees, Apps, & Desserts	6.00	0	1
288868	i_2470344562	14" Build Your Own Wood-Fired Pizza	Wood-Fired Carryout (3Pd)	24.00	0	1
288868	i_2470344555	Wood-Fired 'The Queen'	Wood-Fired Carryout (3Pd)	21.60	0	1
288868	i_2470344715	Cedar Grove Cheese Curds	Entrees, Apps, & Desserts	14.40	0	0
288868	i_2470344728	Steel Pan Chocolate Chip Cookie	Entrees, Apps, & Desserts	10.80	0	0
288868	i_2470344712	Steel Pan 'The Weekender'	Steel Pan Carryout (3Pd)	43.20	0	0
288868	i_2470344708	Steel Pan 'Standard'	Steel Pan Carryout (3Pd)	33.60	0	0
288868	i_22718370866	Wood-Fired 'She's A-maize-ing'	Wood-Fired Carryout (3Pd)	26.40	0	1
288868	i_2470344722	Small Steel Pan Nachos	Entrees, Apps, & Desserts	16.80	0	1
288868	i_2470344716	Chips and Salsa	Entrees, Apps, & Desserts	7.20	0	0
288868	i_2470344718	Roasted Jalapeño Guacamole	Entrees, Apps, & Desserts	16.00	0	1
288868	i_27680936100	Firecracker Shrimp Ceviche	Entrees, Apps, & Desserts	26.40	0	0
288868	i_27680936101	Small Caesar Salad	Entrees, Apps, & Desserts	14.40	0	0
288868	i_27680936102	Large Caesar Salad	Entrees, Apps, & Desserts	24.00	0	0
288868	i_44470170099	Small Summer Salad	Entrees, Apps, & Desserts	16.80	0	0
288868	i_44470170100	Large Summer Salad	Entrees, Apps, & Desserts	32.40	0	0
288868	i_2470344723	Large Steel Pan Nachos	Entrees, Apps, & Desserts	28.80	0	1
288868	i_2470344725	Quesa Birria Tacos (H)	Entrees, Apps, & Desserts	30.00	0	0
288868	i_24588748626	Chicken Tinga Tacos (H)	Entrees, Apps, & Desserts	21.60	0	1
288868	i_8629379331	Caribbean Chickpea Curry Bowl	Entrees, Apps, & Desserts	18.00	0	0
288868	i_2470344726	Bodega Bowl	Entrees, Apps, & Desserts	16.80	0	0
288868	i_2470344729	Steel Pan Flourless Fudge Brownie (GF)	Entrees, Apps, & Desserts	12.00	0	0
288868	i_2470344556	Wood-Fired 'Sausage & Rabe'	Wood-Fired Carryout (3Pd)	25.20	0	1
288868	i_2470344559	Wood-Fired 'Umami Pie'	Wood-Fired Carryout (3Pd)	31.20	0	1
288868	i_44263883328	Wood-Fired 'Mediterranean'	Wood-Fired Carryout (3Pd)	25.20	0	1
288868	i_2470344714	Build Your Own Steel Pan	Steel Pan Carryout (3Pd)	30.00	0	0
288868	i_44263138375	Steel Pan 'Cacio Bebe'	Steel Pan Carryout (3Pd)	42.00	0	0
288868	i_2470344709	Steel Pan '6-Mile'	Steel Pan Carryout (3Pd)	34.80	0	0
288868	i_2470344711	Steel Pan 'Sausage Fest'	Steel Pan Carryout (3Pd)	43.20	0	0
288868	i_7094861410	Steel Pan 'Al Pastor'	Steel Pan Carryout (3Pd)	42.00	0	0
288868	i_14832249528	Steel Pan 'Mediterranean'	Steel Pan Carryout (3Pd)	42.00	0	0
288868	i_16056305694	Jarritos Lime	Beverage	5.00	0	0
288868	i_16056305696	Jarritos Mandarin	Beverage	5.00	0	0
288868	i_19678966331	Jarritos Fruit Punch	Beverage	5.00	0	0
288868	i_19678966330	Sprecher's Root Beer	Beverage	6.00	0	0
288868	i_23224786880	Sprecher's Cream Soda	Beverage	6.00	0	0
288895	i_14665609375	Sliders	Sandwiches	17.00	1	1
288895	i_495574578	Sweet Corn Caesar Salad	Salads & Bowls	15.00	1	0
288895	i_495574595	Coopers Burger Sandwich	Sandwiches	17.00	1	1
288895	i_495574589	Coopers Curds	Appetizers	10.00	1	0
288895	i_14665983390	Chicken Sandwich	Sandwiches	16.00	1	1
288895	i_14665289241	Turkey Sandwich	Sandwiches	16.00	1	1
288895	i_28374266905	Celtic Burger	Sandwiches	17.00	1	1
288895	i_8537475127	Side of Garlic Aioli	Sides	0.75	1	0
288895	i_495574597	Reuben Sandwich	Sandwiches	18.00	1	1
288895	i_495574579	Amy's Salad	Salads & Bowls	14.00	1	0
288895	i_495574601	Du Jour Soup Bowl	Soups	7.00	1	0
288895	i_495574602	Harvest Soup Bowl	Soups	7.00	1	0
288895	i_495574596	Grilled Cheese Sandwich	Sandwiches	15.00	1	1
288895	i_33968946660	Veggie Bahn Mi	Sandwiches	16.00	1	1
288895	i_44424197540	Fish & Chips - 2 Piece	Sandwiches	19.00	1	0
288895	i_44424197543	Fish & Chips - 3 Piece	Sandwiches	23.00	1	0
288895	i_495574593	Beer Cheese Pretzel	Appetizers	9.00	1	1
288895	i_495574591	Belgian Frites	Appetizers	7.00	1	0
288895	i_495574590	Poutine	Appetizers	11.00	1	0
288895	i_33968843039	Hummus Plate	Appetizers	15.00	1	0
288895	i_33968788038	Charcuterie	Appetizers	23.00	1	0
288895	i_44424197553	Brussels Sprouts	Appetizers	12.00	1	0
288895	i_495574581	Cheesecake	Dessert	9.00	1	0
288895	i_495574580	Callebaut Chocolate Torte	Dessert	8.00	1	0
288895	i_25308378417	Sesame Ginger Grain Bowl	Salads & Bowls	16.00	1	0
288895	i_44424197538	Niçoise Salad	Salads & Bowls	21.00	1	0
288895	i_2594206208	Side of Ranch	Sides	0.75	1	0
288895	i_2594207367	Side of Malt Vinegar Aioli	Sides	0.75	1	0
288895	i_2594208311	Side of Mayo	Sides	0.75	1	0
288895	i_2594231356	Side of Greens	Sides	3.50	1	0
288895	i_2594232299	Side of Chips	Sides	3.50	1	0
288895	i_8536149325	Side of Beer Cheese	Sides	0.75	1	0
288895	i_8537593309	Side of Guinness Stout Mustard	Sides	0.75	1	0
288895	i_25315160712	Side of Chipotle Aioli	Sides	0.75	1	0
288918	i_149295667	Gritty Burger	World Famous Burgers	14.99	1	1
288918	i_355935021	Milkshake (12 Flavors)	Desserts	10.00	1	1
288918	i_149295660	Chicken Strips	Chicken & Fish	16.49	1	1
288918	i_149295613	Crispy White Cheddar Cheese Curds	Party Starters	13.99	1	0
288918	i_149295671	Roasted Garlic Burger	World Famous Burgers	16.75	1	1
288918	i_7769685627	Can of Soda	Beverages	1.85	1	0
288918	i_149295702	Farmers' Market Burger	World Famous Burgers	18.25	1	1
288918	i_149295653	Chicken Bacon Ranch Wrap	Chicken & Fish	16.75	1	1
288918	i_149295621	Soft Pretzel Sticks	Party Starters	11.00	1	0
288918	i_149295698	Wisconsin Meadows 100% Grass-Fed Beef Burger	World Famous Burgers	17.25	1	1
288918	i_149295614	Seasoned Waffle Cut Fries	Party Starters	10.50	1	0
288918	i_149295615	Onion Rings	Party Starters	10.75	1	0
288918	i_149295622	Itty Bitty Gritties (Sliders)	Party Starters	14.50	1	1
288918	i_149295620	Corn Dogs	Party Starters	9.75	1	0
288918	i_149295618	Veggie Hummus Plate	Party Starters	11.50	1	0
288918	i_149295619	Chips & Salsa	Party Starters	6.99	1	0
288918	i_149295617	Chicken Wings	Party Starters	17.25	1	1
288918	i_44485764972	Fried Green Beans	Party Starters	11.50	1	0
288918	i_149295652	Plain Mac & Cheese	Mac & Cheese	13.99	1	0
288918	i_149295650	Buffalo Chicken	Mac & Cheese	16.99	1	0
288918	i_149295651	Bacon Cheeseburger	Mac & Cheese	16.99	1	0
288918	i_149295649	BBQ Pork	Mac & Cheese	16.99	1	0
288918	i_149295648	Homemade Salsa (16 oz)	Pantry Items	6.00	1	0
288918	i_149295638	Avocado	Pantry Items	3.75	1	0
288918	i_149295639	Origin Breads Sourdough Loaf	Pantry Items	11.25	1	0
288918	i_149295634	Lemon	Pantry Items	2.00	1	0
288918	i_149295635	Orange	Pantry Items	2.00	1	0
288918	i_149295633	Lime	Pantry Items	2.00	1	0
288918	i_149295647	Gritty Sauce (8 oz)	Pantry Items	4.00	1	0
288918	i_149295644	Large Chocolate Chip Cookie	Pantry Items	7.50	1	0
288918	i_149295645	Donuts	Pantry Items	7.50	1	0
288918	i_149295642	Stella's Hot & Spicy Cheese Bread Rolls (6 Pack)	Pantry Items	16.50	1	0
288918	i_149295643	Pretzilla Pretzel Buns (6 Pack)	Pantry Items	9.50	1	0
288918	i_149295641	Sheboygan Hard Rolls (6 Pack)	Pantry Items	9.50	1	0
288918	i_149295630	BBQ Chicken Salad	Salads	16.75	1	1
288918	i_149295631	Chicken Cobb Salad	Salads	17.75	1	1
288918	i_149295628	Caesar Salad	Salads	12.25	1	0
288918	i_149295629	Fried Chicken Club Salad	Salads	17.75	1	1
288918	i_149295627	Asian Chicken Salad	Salads	16.75	1	1
288918	i_149295624	Strawberry & Pistachio Salad	Salads	16.75	1	1
288918	i_149295623	Chili	Chili	5.99	1	1
288918	i_149295750	Sheboygan Style Double Brat	House Favorites	13.50	1	1
288918	i_149295751	Deluxe Grilled Cheese	House Favorites	12.50	1	1
288918	i_149295748	Classic Chicago Dog	House Favorites	11.50	1	1
288918	i_149295749	Turkey Bacon Avocado Sandwich	House Favorites	16.25	1	1
288918	i_149295746	Jason's Pork Pretzel Sandwich	House Favorites	15.75	1	1
288918	i_152141940	Classic Grilled Cheese	House Favorites	11.25	1	1
288918	i_149295747	Reuben Sandwich	House Favorites	16.50	1	1
288918	i_149295745	Eric's Italian Melt	House Favorites	13.25	1	1
288918	i_149295743	Marsh's Tuna Salad Sandwich	House Favorites	12.25	1	1
288918	i_152141421	The Big Gritt	World Famous Burgers	18.99	1	1
288918	i_149295720	Raspberry Chipotle Burger	World Famous Burgers	17.25	1	1
288918	i_149295734	Black & Bleu Burger	World Famous Burgers	17.50	1	1
288918	i_149295742	Impossible Gritty Burger	World Famous Burgers	16.50	1	1
288918	i_149295740	Black Bean Burger	World Famous Burgers	14.50	1	1
288918	i_149295739	Meggie's Falafel Burger	World Famous Burgers	14.50	1	1
288918	i_149295736	Sunrise Burger	World Famous Burgers	17.50	1	1
288918	i_149295737	Smokehouse Burger	World Famous Burgers	17.50	1	1
288918	i_149295685	Pretzel Bender Burger	World Famous Burgers	16.75	1	1
288918	i_44465719386	Jalapeño Popper Burger	World Famous Burgers	17.99	1	1
288918	i_149295654	Fried Chicken Pretzel Sandwich	Chicken & Fish	16.75	1	1
288918	i_149295661	Pesto Chicken Flatbread Sandwich	Chicken & Fish	16.25	1	1
288918	i_149295659	Mark's Buffalo Chicken Sandwich	Chicken & Fish	14.99	1	1
288918	i_149295665	Grilled Salmon Fillet Sandwich	Chicken & Fish	18.50	1	1
288918	i_10253605110	Hot Honey Chicken Sandwich	Chicken & Fish	14.99	1	1
288918	i_13040316504	Nashville Hot Fried Chicken Sandwich	Chicken & Fish	14.99	1	1
288918	i_44485764991	Baja Fish Tacos	Chicken & Fish	17.99	1	0
288918	i_149295767	Hubbard Avenue Diner Tin Roof Pie Slice	Desserts	7.25	1	0
288918	i_149295765	Hubbard Avenue Diner Caramel Apple Pie Slice	Desserts	7.25	1	0
288918	i_355939913	Malt	Desserts	10.00	1	0
288918	i_6052102080	Vegan Shake ( 6 Flavors)	Desserts	11.50	1	1
288918	i_149295758	Meredith's Mini Hamburgers	Kid's Table	8.50	1	1
288918	i_149295759	Aj's Chicken Strips	Kid's Table	8.50	1	1
288918	i_149295762	Cole's Mini Corn Dogs	Kid's Table	8.50	1	1
288918	i_149295763	Abby's Grilled Cheese	Kid's Table	8.50	1	1
288918	i_149295760	Holden's Hot Dog	Kid's Table	8.50	1	1
288918	i_149295761	Lily's Mac & Cheese	Kid's Table	8.50	1	1
288918	i_7814301522	Starbucks Vanilla Double Shot	Beverages	4.00	1	0
288918	i_7814319475	Gatorade Zero - Glacier Cherry	Beverages	4.00	1	0
288918	i_7811119842	Mountain Dew Kickstart Fruit Punch	Beverages	4.00	1	0
288918	i_7812960497	Mountain Dew Kickstart Black Cherry	Beverages	4.00	1	0
288918	i_7811614260	Bubbl'r Raspberry Lime	Beverages	4.00	1	0
288918	i_7811785128	Rockstar Energy - Regular	Beverages	4.25	1	0
288918	i_7813175117	Rockstar Energy - Sugar Free	Beverages	4.25	1	0
288920	i_256476585	Combo A with Crawfish	Combo Platters	39.99	0	1
288920	i_7971513483	Head Off Shrimp 1/2 LB	Seafood Boil Half Pound	13.50	0	1
288920	i_256476664	Combo E	Combo Platters	46.99	0	1
288920	i_7971604518	Snow Crab Legs 1/2 LB	Seafood Boil Half Pound	19.00	0	1
288920	i_256476579	Snow Crab Legs	Seafood Boil Whole Pound	35.99	0	1
288920	i_44336699875	Combo A with Sausage	Combo Platters	37.99	0	1
288920	i_256476574	Shrimp	Seafood Boil Whole Pound	23.99	0	1
288920	i_256476501	Any Rolls (3)	Regular Roll	16.95	0	1
288920	i_256476650	Combo D	Combo Platters	41.99	0	1
288920	i_256476419	Side Lemon	Sides	1.00	0	0
288920	i_256476425	Ponzu Sauce	Sides	0.50	0	0
288920	i_256476424	Poke Sauce	Sides	0.50	0	0
288920	i_256476416	Sushi Rice	Sides	4.00	0	0
288920	i_256476418	White Rice	Sides	4.00	0	0
288920	i_256476420	Spicy Mayo	Sides	0.50	0	0
288920	i_256476423	Eel Sauce	Sides	0.50	0	0
288920	i_256476422	Wasabi Mayo	Sides	0.50	0	0
288920	i_256476415	Extra Seafood Sauce	Sides	6.50	0	1
288920	i_256476414	Miso Soup	Soup	3.50	0	0
288920	i_256476697	Mackerel Sushi	Sushi	6.50	0	0
288920	i_256476699	YellowTail Sushi	Sushi	6.50	0	0
288920	i_256476701	Smoked Salmon Sushi	Sushi	6.50	0	0
288920	i_256476700	Eel Sushi	Sushi	6.50	0	0
288920	i_256476703	Shrimp Sushi	Sushi	6.50	0	0
288920	i_256476702	Octopus Sushi	Sushi	6.50	0	0
288920	i_256476689	Salmon Sushi	Sushi	6.50	0	0
288920	i_256476688	Tuna Sushi	Sushi	6.50	0	0
288920	i_256476693	Red Snapper Sushi	Sushi	6.50	0	0
288920	i_256476694	Flying Fish Roe Sushi	Sushi	6.50	0	0
288920	i_256476705	Crab Stick Sushi	Sushi	6.50	0	0
288920	i_256476707	Tamago (Egg) Sushi	Sushi	5.25	0	0
288920	i_256476706	Tofu Skin Sushi	Sushi	5.25	0	0
288920	i_256476441	Gyoza	Appetizer	7.95	0	0
288920	i_256476440	Fried Soft Shell Crab	Appetizer	13.00	0	0
288920	i_256476442	Shu Mai	Appetizer	7.95	0	0
288920	i_256476445	Takoyaki	Appetizer	7.95	0	0
288920	i_256476444	Crab Rangoon	Appetizer	7.95	0	0
288920	i_256476435	Cajun Wings	Appetizer	12.00	0	0
288920	i_256476434	Cajun Fries	Appetizer	5.25	0	0
288920	i_256476437	Fried Calamari	Appetizer	11.00	0	0
288920	i_256476436	Chicken 10ders w. Fries	Appetizer	11.00	0	0
288920	i_256476439	Fried Tempura Shrimp	Appetizer	11.00	0	0
288920	i_359764968	Fried Veg Spring Rolls(4)	Appetizer	3.95	0	0
288920	i_5061315210	Steamed Chicken Dumpling	Appetizer	7.95	0	0
288920	i_256476426	Edamame	Sushi Appetizers	6.00	0	0
288920	i_256476429	Salmon Tartar	Sushi Appetizers	9.95	0	0
288920	i_256476428	Tuna Tartar	Sushi Appetizers	9.95	0	0
288920	i_256476430	Yellowtail Jalapeno	Sushi Appetizers	9.95	0	0
288920	i_256476667	Combo Wow	Combo Platters	62.99	0	1
288920	i_256476587	Combo C	Combo Platters	62.99	0	1
288920	i_256476586	Combo B	Combo Platters	59.99	0	1
288920	i_9563999475	Combo 1	Combo Platters	34.99	0	1
288920	i_9552684433	Combo 2	Combo Platters	34.99	0	1
288920	i_9562334912	Combo 3	Combo Platters	39.99	0	1
288920	i_44336717873	Combo A with Mussels	Combo Platters	40.99	0	1
288920	i_256476575	Crawfish	Seafood Boil Whole Pound	18.99	0	1
288920	i_256476577	Mussel	Seafood Boil Whole Pound	22.99	0	1
288920	i_256476581	Lobster Tail	Seafood Boil Whole Pound	19.99	0	1
288920	i_256476569	Octopus Sushi Burrito	Sushi Burrito	13.95	0	1
288920	i_256476568	Tuna Sushi Burrito	Sushi Burrito	13.95	0	1
288920	i_256476571	Veggie Sushi Burrito	Sushi Burrito	11.95	0	1
288920	i_256476570	Shrimp Sushi Burrito	Sushi Burrito	13.95	0	1
288920	i_256476567	Salmon Sushi Burrito	Sushi Burrito	13.95	0	1
288920	i_256476566	Crab Meat Stick Sushi Burrito	Sushi Burrito	13.95	0	1
288920	i_256476531	Salmon Poke Bowl	Poke Bowl	15.95	0	1
288920	i_256476530	Crab Meat Stick Poke Bowl	Poke Bowl	15.95	0	1
288920	i_256476533	Octopus Poke Bowl	Poke Bowl	15.95	0	1
288920	i_256476532	Tuna Poke Bowl	Poke Bowl	15.95	0	1
288920	i_256476563	Shrimp Poke Bowl	Poke Bowl	15.95	0	1
288920	i_256476564	Veggie Poke Bowl	Poke Bowl	13.95	0	1
288920	i_256476505	Spicy Shrimp Roll	Regular Roll	6.75	0	0
288920	i_256476504	Spicy California Roll	Regular Roll	6.75	0	0
288920	i_256476507	Shrimp Tempura Roll	Regular Roll	6.95	0	0
288920	i_256476506	Spicy Crab Meat Roll	Regular Roll	6.75	0	0
288920	i_256476509	Eel Avocado Roll	Regular Roll	6.75	0	0
288920	i_256476508	Crab Meat Tempura Roll	Regular Roll	6.75	0	0
288920	i_256476511	Philly Roll	Regular Roll	6.75	0	0
288920	i_256476510	Boston Roll	Regular Roll	6.25	0	0
288920	i_256476500	Any Rolls (2)	Regular Roll	12.95	0	1
288920	i_256476503	California Roll	Regular Roll	6.25	0	0
288920	i_256476523	Spicy Tuna Roll	Regular Roll	6.75	0	0
288920	i_256476525	Avocado and Cucumber	Regular Roll	4.95	0	0
288920	i_256476524	Spicy Yellowtail Roll	Regular Roll	6.75	0	0
288920	i_256476527	Oshinko Roll	Regular Roll	4.75	0	0
288920	i_256476526	Avocado Roll	Regular Roll	4.75	0	0
288920	i_256476513	Eel Cucumber Roll	Regular Roll	6.75	0	0
288920	i_256476514	Tuna Roll	Regular Roll	6.25	0	0
288920	i_256476517	Salmon Roll	Regular Roll	6.25	0	0
288920	i_256476519	Spicy Salmon Roll	Regular Roll	6.75	0	0
288920	i_256476518	Alaska Roll	Regular Roll	6.75	0	0
288920	i_554599995	Cucumber Roll	Regular Roll	4.75	0	0
288920	i_256476528	Mixed Vegetable Roll	Regular Roll	6.45	0	0
288920	i_9832488474	Eel Roll	Regular Roll	6.25	0	0
288920	i_9832443143	Yellowtail Roll	Regular Roll	6.25	0	0
288920	i_9828963862	Tuna Avocado Roll	Regular Roll	6.75	0	0
288920	i_9832324121	Salmon Avocado Roll	Regular Roll	6.75	0	0
288920	i_256476489	Fancy Lobster Roll	Special Roll	17.95	0	0
288920	i_256476488	Tiger Roll	Special Roll	13.95	0	0
288920	i_256476481	Monster Roll	Special Roll	13.95	0	0
288920	i_256476480	Dragon Roll	Special Roll	13.95	0	0
288920	i_256476483	Spicy King Crab Roll	Special Roll	15.95	0	0
288920	i_256476484	Firecracker Roll	Special Roll	13.95	0	0
288920	i_256476487	Lobster Tempura Roll	Special Roll	17.95	0	0
288920	i_256476473	Wasabi Roll	Special Roll	14.95	0	0
288920	i_256476472	Hot Girl Roll	Special Roll	13.95	0	0
288920	i_256476475	Caterpillar Roll	Special Roll	13.95	0	0
288920	i_256476474	Crunchy Heaven Roll	Special Roll	13.95	0	0
288920	i_256476477	Spider Roll	Special Roll	12.95	0	0
288920	i_256476476	Heaven Roll	Special Roll	14.95	0	0
288920	i_256476479	Cajun Roll	Special Roll	15.95	0	0
288920	i_256476478	Forbidden Roll	Special Roll	16.95	0	0
288920	i_256476465	Volcano Roll	Special Roll	14.95	0	0
288920	i_256476464	Madison Roll	Special Roll	15.95	0	0
288920	i_256476467	Rainbow Roll	Special Roll	12.95	0	0
288920	i_256476466	Dynamite Roll	Special Roll	15.95	0	0
288920	i_256476469	Crazy Tuna Roll	Special Roll	14.95	0	0
288920	i_256476468	Crazy Salmon Roll	Special Roll	14.95	0	0
288920	i_256476470	Black Dragon Roll	Special Roll	14.95	0	0
288920	i_9743545848	Da Bomb Roll	Special Roll	12.95	0	0
288920	i_9743582433	Crazy Yellowtail Roll	Special Roll	14.95	0	0
288920	i_9747166528	White Tiger Roll	Special Roll	13.95	0	0
288920	i_256476495	Sushi Deluxe	Sushi Entrees	26.95	0	0
288920	i_256476494	Sushi Regular	Sushi Entrees	24.95	0	0
288920	i_256476497	Sashimi Deluxe	Sushi Entrees	30.95	0	0
288920	i_256476496	Sashimi Regular	Sushi Entrees	26.95	0	0
288920	i_256476499	Love Boat	Sushi Entrees	69.95	0	0
288920	i_256476498	Sushi and Sashimi Combo	Sushi Entrees	39.95	0	0
288920	i_256476451	Sprite®	Beverages	2.25	0	0
288920	i_256476450	Coca-Cola®	Beverages	2.25	0	0
288920	i_256476453	Dr Pepper	Beverages	2.25	0	0
288920	i_256476452	Diet Coke®	Beverages	2.25	0	0
288920	i_256476455	Fanta Orange	Beverages	2.25	0	0
288920	i_256476454	Bottle Water	Beverages	1.75	0	0
288920	i_640293873	Lemonade	Beverages	2.25	0	0
288920	i_256476446	Fried Oreo	Desserts	5.50	0	0
288920	i_256476448	Cheese Cake	Desserts	6.95	0	0
288920	i_299899712	Tamago (Egg) Sashimi	Sashimi	5.75	0	0
288920	i_299899713	Tofu Skin Sashimi	Sashimi	5.75	0	0
288920	i_299899715	Shrimp Sashimi	Sashimi	7.00	0	0
288920	i_299899716	Crab Stick Sashimi	Sashimi	7.00	0	0
288920	i_299899717	Octopus Sashimi	Sashimi	7.00	0	0
288920	i_299899718	Smoked Salmon Sashimi	Sashimi	7.00	0	0
288920	i_299899719	Eel Sashimi	Sashimi	7.00	0	0
288920	i_299899720	YellowTail Sashimi	Sashimi	7.00	0	0
288920	i_299899723	Flying Fish Roe Sashimi	Sashimi	7.00	0	0
288920	i_299899724	Red Snapper Sashimi	Sashimi	7.00	0	0
288920	i_299899726	Mackerel Sashimi	Sashimi	7.00	0	0
288920	i_299899729	Salmon Sashimi	Sashimi	7.00	0	0
288920	i_299899730	Tuna Sashimi	Sashimi	7.00	0	0
288920	i_256476457	Avocado Salad	Salad	6.95	0	0
288921	i_19656364239	Make Your Own	Make Your Own	7.98	1	1
288921	i_19656393800	Power Bowl	Grain Bowls	11.00	1	1
288921	i_19656413387	Chicken Caesar	Salads	13.08	1	1
288921	i_19656434966	Avocado Crunch	Greens & Grains	9.85	1	1
288921	i_19656393801	Fiesta Bowl	Grain Bowls	11.28	1	1
288921	i_19656393802	Thai Bowl	Grain Bowls	11.28	1	1
288921	i_19656345436	Chicken Bacon Caesar Wrap	Wraps	15.68	1	1
288921	i_25649391250	Southwest Ranch	Salads	10.90	1	1
288921	i_40004309876	Santa Fe Wrap	Wraps	15.68	1	1
288921	i_19656413386	Cultured Cobb	Salads	15.00	1	1
288921	i_44256980358	Chicken Chopped Salad	Featured	13.08	1	1
288921	i_44256980359	Mediterranean Wrap	Featured	15.68	1	1
288921	i_44256980360	Asian BBQ Bowl	Grain Bowls	12.95	1	1
288921	i_19656393803	Tuna Poke Bowl	Grain Bowls	11.78	1	1
288921	i_19656434964	Cashew Bowl	Greens & Grains	13.20	1	1
288921	i_19656434965	Club Med Bowl	Greens & Grains	12.20	1	1
288921	i_19656413389	Local Roots	Salads	12.10	1	1
288921	i_19656379981	Small Power Bowl	Value Menu	7.98	1	1
288921	i_19656379982	Small Thai Bowl	Value Menu	7.98	1	1
288921	i_19656379983	Small Cultured Cobb	Value Menu	9.22	1	1
288921	i_23762837591	Forage Organic Tropical Kombucha	Beverages	4.40	1	0
288921	i_23762837592	Forage Organic Lemon Ginger Kombucha	Beverages	4.40	1	0
288921	i_27129422173	Forage Organic Grapefruit Kombucha	Beverages	4.40	1	0
288921	i_19656393970	Forage Organic Watermelon Lime Tepache	Beverages	4.40	1	0
288921	i_19656393969	Forage Organic Pineapple Tepache	Beverages	4.40	1	0
288921	i_19656393972	Forage Organic Hibiscus Tepache	Beverages	4.40	1	0
288921	i_19656393974	Open Water (sparkling)	Beverages	3.85	1	0
288921	i_19656393975	Open Water (still)	Beverages	3.85	1	0
288921	i_24854060274	Juiced! Lean + Clean	Beverages	7.70	1	0
288921	i_19656429281	Kids Power Bowl	Kids Menu (12 And Under)	5.78	1	0
288921	i_19656429282	Kids MYO	Kids Menu (12 And Under)	5.78	1	1
288921	i_27129422179	Forage Hydro Flask (32oz)	Merch + More	44.00	1	0
288921	i_44452778894	App order notes	Appfront Items	0.00	1	0
288931	i_10074789259	32.Pad Thai	🍜Noodle	17.45	0	1
288931	i_10074789269	42.Pa-Naeng Curry	🍛Curry	19.09	0	1
288931	i_10074789263	37.Pad Z-You	🍜Noodle	17.45	0	1
288931	i_10074788072	9B.Crab Rangoon	🥟 Appetizer	12.45	0	0
288931	i_10074788064	3B.Shrimp Summer Roll	🥟 Appetizer	9.95	0	0
288931	i_10074789261	35. Drunken Noodle	🍜Noodle	17.45	0	1
288931	i_10074804673	10B.Pot Sticker (Pan Fry)	🥟 Appetizer	12.45	0	0
288931	i_10074788069	6.Chicken Satay	🥟 Appetizer	13.69	0	0
288931	i_10074789267	41.Ka-Ree Curry	🍛Curry	19.09	0	1
288931	i_36291054019	Sweet Sticky Rice with Mango	🍮Desserts	8.09	0	0
288931	i_34555651704	SP Pineapple Fried Rice	⭐️Special of the Month/ Week	20.35	0	0
288931	i_10074788060	1.Meat Spring Roll	🥟 Appetizer	9.95	0	0
288931	i_10226695984	1.Veggie Spring Roll	🥟 Appetizer	9.95	0	0
288931	i_36269944017	2.Chicken Egg Roll	🥟 Appetizer	5.35	0	0
288931	i_36269944018	2.Veggie Egg Roll	🥟 Appetizer	5.35	0	0
288931	i_10074788065	3B.Tofu Summer Roll	🥟 Appetizer	9.95	0	0
288931	i_10074788067	4B.Shrimp Purse	🥟 Appetizer	12.45	0	0
288931	i_10074788068	5.Angel Wing	🥟 Appetizer	13.69	0	0
288931	i_10074788070	8.Taw Hoo Todd (Fried Tofu)	🥟 Appetizer	11.19	0	0
288931	i_10074788071	9.Gui Chai (Chive Dumplings)	🥟 Appetizer	8.69	0	0
288931	i_10074804674	10B.Pot Sticker (Deep Fry)	🥟 Appetizer	12.45	0	0
288931	i_10074804675	11.Goong Todd	🥟 Appetizer	13.69	0	0
288931	i_10074802502	13.Cucumber Salad with House Dressing and peanut	🥗 Salad	8.09	0	0
288931	i_10074802503	13.Cucumber Salad with Vinegar Dressing	🥗 Salad	8.09	0	0
288931	i_10074802504	14.Yum Pla Muk (Thai Calamari Salad)	🥗 Salad	16.19	0	0
288931	i_10074802505	15.Yum Gai with Grilled Chicken	🥗 Salad	16.19	0	0
288931	i_10074802506	15.Yum Nue with Grilled Beef	🥗 Salad	16.19	0	0
288931	i_10074802507	15.Yum Tao-Hu with tofu	🥗 Salad	16.19	0	0
288931	i_10074802508	16.Som-Tum (Green Papaya Salad)	🥗 Salad	14.95	0	0
288931	i_10074802509	17.Crying Tiger with Grilled Chicken (Thai Chicken Salad)	🥗 Salad	16.19	0	0
288931	i_10074802510	17.Crying Tiger with Grilled Beef (Thai Beef Salad)	🥗 Salad	16.19	0	0
288931	i_10074802511	19.Larb with Ground Chicken (Thai Minced Meat Salad)	🥗 Salad	16.19	0	0
288931	i_10074802512	19.Larb with Ground Pork (Thai Minced Meat Salad)	🥗 Salad	16.19	0	0
288931	i_10074786034	21.Tom Yum	🍲Soup	12.85	0	1
288931	i_10074786035	22.Tom Ka	🍲Soup	14.09	0	1
288931	i_10074786036	23.Gaeng Jued Woon Sen (Glass Noodle Soup)	🍲Soup	13.69	0	1
288931	i_10074786037	26.Kao Tom (Thai Rice Soup)	🍲Soup	13.69	0	1
288931	i_10074786038	33.Wonton Soup	🍲Soup	16.19	0	0
288931	i_10074789257	30.Bamee Chao Nue	🍜Noodle	17.45	0	1
288931	i_10074789258	31.Sabai Noodle	🍜Noodle	17.45	0	1
288931	i_10074789260	34.Lad Nar Kee Mao	🍜Noodle	17.45	0	1
288931	i_10074789262	36.Pad Lad Nar	🍜Noodle	17.45	0	1
288931	i_10074789264	38.Pad Ka-Ree	🍜Noodle	17.45	0	1
288931	i_10074789265	39.Guey Teuy Tom ka	🍜Noodle	14.95	0	1
288931	i_17173338447	Pho	🍜Noodle	17.45	0	0
288931	i_10074789266	40.Mus- Mun Curry	🍛Curry	19.09	0	1
288931	i_10074789268	41B.Mixed Vegetable Curry	🍛Curry	21.19	0	1
288931	i_10074789270	42B.Veggie Pa-Naeng Curry	🍛Curry	21.19	0	1
288931	i_10074789271	43B.Jungle Curry	🍛Curry	21.19	0	1
288931	i_10074789272	44.Gaeng Ped Curry-Red Curry	🍛Curry	19.09	0	1
288931	i_10074804873	44.Gaeng Ped Curry-Green Curry	🍛Curry	19.09	0	1
288931	i_10074804874	44B.Squash Curry	🍛Curry	21.19	0	1
288931	i_10074804875	45.Gaeng Kua Curry	🍛Curry	19.09	0	1
288931	i_10074804876	45B.Roast Duck Curry	🍛Curry	27.45	0	0
288931	i_10074780663	47.Pad Prix Khing (Green Bean Stir-Fry)	🌟Favorite	19.95	0	1
288931	i_10074780664	47B.Pad Pa- Neang Hang	🌟Favorite	19.95	0	1
288931	i_10074780665	49.Yum Ta-Wai	🌟Favorite	19.95	0	1
288931	i_10074780666	50.Pad Bai ka Prao (Thai Basil Stir-Fry)	🌟Favorite	19.95	0	1
288931	i_10074780667	51.Pad Poy Sien	🌟Favorite	19.95	0	1
288931	i_10074780668	52.Seeda Longsong (Broccoli with Peanut Sauce)	🌟Favorite	19.95	0	1
288931	i_10074780669	53.Pad Jadet	🌟Favorite	19.95	0	1
288931	i_10074780670	54.Pad Khing (Ginger Stir-Fry)	🌟Favorite	19.95	0	1
288931	i_10074780671	55.Gaeng Hoak	🌟Favorite	19.95	0	1
288931	i_12829027522	56. Pad Prio Wan (Thai Sweet & Sour Stir-Fry)	🌟Favorite	19.95	0	1
288931	i_10074780672	57.Pad Mamuang Himapan (Cashew Nut Stir-Fry)	🌟Favorite	19.95	0	1
288931	i_10074805073	58.Pad Seeda	🌟Favorite	19.95	0	1
288931	i_10074805074	58B.Pad Prix Pow	🌟Favorite	19.95	0	1
288931	i_10074805075	58C.Pad Pak	🌟Favorite	19.95	0	1
288931	i_10074805076	59.Pad Ped	🌟Favorite	19.95	0	1
288931	i_10074805077	62.Tom Yum Talay Hang	🌟Favorite	23.69	0	0
288931	i_10074805078	64B.Crispy Duck	🌟Favorite	27.45	0	0
288931	i_10074805079	65.Pad Goa Kasat	🌟Favorite	23.69	0	0
288931	i_10074805080	66.Volcano	🌟Favorite	19.95	0	1
288931	i_10074805081	69.Kiew Wan Hang (Seafood Green Curry Stir-Fry)	🌟Favorite	23.69	0	1
288931	i_10074788819	81.Pad Chu Chee	👑 Specialty	24.95	0	1
288931	i_10074788820	82.Pad Karee Sam-Sahai	👑 Specialty	23.69	0	0
288931	i_10074788821	83.Lime Chicken	👑 Specialty	21.19	0	1
288931	i_10074788822	85.Kra-Prao (Seafood Basil Stir-Fry)	👑 Specialty	23.69	0	0
288931	i_10074788823	85B.Phed Kra-Prao (Duck Basil Stir-Fry)	👑 Specialty	27.45	0	0
288931	i_10074788824	87.Banana Leaf Salmon	👑 Specialty	27.45	0	0
288931	i_10074788825	88.Pad Ma-Keur (Eggplant Stir-Fry)	👑 Specialty	21.19	0	1
288931	i_10074788826	91.Phed Pad Khing (Duck Ginger Stir-Fry)	👑 Specialty	27.45	0	0
288931	i_10074803681	70.Kao Pad (Thai Fried Rice)	🍚Fried Rice	17.45	0	1
288931	i_10074803682	71.Kao Pad Kaprao (Basil Fried Rice)	🍚Fried Rice	17.45	0	1
288931	i_10074803683	72.Kao Pad Karee	🍚Fried Rice	17.45	0	1
288931	i_10074803684	74.Veggie Fried Rice	🍚Fried Rice	17.45	0	0
288931	i_10074803685	75. Curry Fried Rice	🍚Fried Rice	17.45	0	1
288931	i_10074804877	Sweet Sticky Rice with Coconut Custard	🍮Desserts	7.45	0	0
288931	i_10074804878	Crispy Banana	🍮Desserts	7.45	0	0
288931	i_10074796567	Thai Iced Tea with Half& Half	🥤Take away Beverages	5.45	0	0
288931	i_10074796568	Thai Iced Tea with Coconut milk	🥤Take away Beverages	5.45	0	0
288931	i_10074796569	Thai Iced Coffee with Half& Half	🥤Take away Beverages	5.45	0	0
288931	i_10074796570	Thai Iced Coffee with Coconut Milk	🥤Take away Beverages	5.45	0	0
288931	i_10074796571	Can Pepsi	🥤Take away Beverages	1.89	0	0
288931	i_10074796572	Can Diet Pepsi	🥤Take away Beverages	1.89	0	0
288931	i_12421852416	Can Coke	🥤Take away Beverages	1.89	0	0
288931	i_12421852417	Can Diet Coke	🥤Take away Beverages	1.89	0	0
288931	i_10074796573	Can Mountain Dew	🥤Take away Beverages	1.89	0	0
288931	i_10074796574	Can Sprite	🥤Take away Beverages	1.89	0	0
288931	i_10074796575	Can Mango Juice	🥤Take away Beverages	3.95	0	0
288931	i_10074796576	Can Guava Juice	🥤Take away Beverages	3.95	0	0
288931	i_10074796577	Can Coconut Juice	🥤Take away Beverages	3.95	0	0
288931	i_27955980032	Can Root Beer	🥤Take away Beverages	1.89	0	0
288931	i_28950662893	Can Lemonade	🥤Take away Beverages	1.89	0	0
288931	i_10074799325	Small rice	🍽️ 🍚Side Order	2.19	0	0
288931	i_10074799326	Large Rice	🍽️ 🍚Side Order	3.75	0	0
288931	i_10074799327	Small Peanut Sauce (4oz)	🍽️ 🍚Side Order	3.75	0	0
288931	i_10074799328	Large Peanut Sauce (8oz)	🍽️ 🍚Side Order	7.19	0	0
288931	i_10074799329	Side of Mixed Veg.	🍽️ 🍚Side Order	6.59	0	0
288931	i_10074799330	Side of Noodle	🍽️ 🍚Side Order	3.75	0	1
288931	i_10074799332	Brown rice	🍽️ 🍚Side Order	3.15	0	0
288931	i_10074799333	Xtra Duck	🍽️ 🍚Side Order	16.19	0	0
288931	i_10074799334	Curry Sauce (8oz)	🍽️ 🍚Side Order	7.19	0	1
288931	i_10134825474	Xtra Grilled chicken	🍽️ 🍚Side Order	7.45	0	0
288931	i_10134825473	Xtra Crispy Chicken	🍽️ 🍚Side Order	8.69	0	0
288931	i_18069697649	sweet & sour sauce 2 oz	🍽️ 🍚Side Order	1.89	0	0
288954	i_438765947	Hot to Tot Burrito	Brunch Dishes	15.00	1	1
288954	i_438765926	Donut	Sweeter Stuff	2.00	1	0
288954	i_438765955	Horchata Latte	Coffee, Espresso, Tea, and Beverages	6.00	1	1
288954	i_438765928	Latte	Coffee, Espresso, Tea, and Beverages	5.00	1	1
288954	i_438765914	Breakfast Potatoes	Brunchy Sides	4.00	1	0
288954	i_438765906	Bacon	Brunchy Sides	6.00	1	0
288954	i_438765937	Lemon Ricotta Pancakes (3)	Sweeter Stuff	11.00	1	0
288954	i_438765934	American Style	Brunch Dishes	14.00	1	1
288954	i_1216637097	Brunch Club Burger	Handhelds	16.00	1	1
288954	i_438765941	Juice 12 oz	Coffee, Espresso, Tea, and Beverages	3.00	1	1
288954	i_438765959	Ham & Cheese Omelet	Brunch Dishes	14.00	1	1
288954	i_438765966	Chicken & Waffle	Brunch Dishes	16.00	1	0
288954	i_438765972	Classic Eggs Benedict	Brunch Dishes	15.00	1	1
288954	i_438765968	the Breakfast Stack	Brunch Dishes	14.00	1	1
288954	i_438765932	Empire Hash	Brunch Dishes	15.00	1	1
288954	i_438765936	The Big Bang	Brunch Dishes	17.00	1	1
288954	i_13558814747	Steak & Eggs	Brunch Dishes	22.00	1	1
288954	i_16989502161	Biscuits & Gravy	Brunch Dishes	12.00	1	0
288954	i_23286400461	Florentine Omelet	Brunch Dishes	13.00	1	1
288954	i_438765927	Buttermilk Pancakes (3)	Sweeter Stuff	8.00	1	0
288954	i_438765933	Oatmeal Créme Brûlée	Sweeter Stuff	11.00	1	0
288954	i_16978722249	Strawberries & Cream Pancakes (3)	Sweeter Stuff	11.00	1	0
288954	i_44465210465	Tres Leches French Toast	Sweeter Stuff	14.00	1	0
288954	i_44514784000	Piña Colada French Toast	Sweeter Stuff	14.00	1	0
288954	i_44514784188	Challah French Toast	Sweeter Stuff	11.00	1	0
288954	i_438765921	Cup of Fresh Berries	Brunchy Sides	5.00	1	0
288954	i_438765907	House-Made Buttermilk Biscuit	Brunchy Sides	3.00	1	0
288954	i_438765905	Veggie Sausage	Brunchy Sides	4.00	1	0
288954	i_438765918	Toast	Brunchy Sides	3.00	1	1
288954	i_438765917	Sausage	Brunchy Sides	6.00	1	0
288954	i_438765916	Vegan Patties	Brunchy Sides	4.00	1	0
288954	i_438765915	House-Made Granola, Fruit, & Yogurt	Brunchy Sides	9.00	1	0
288954	i_438765912	Ham	Brunchy Sides	6.00	1	0
288954	i_26895188540	Everything Bagel & Cream Cheese	Brunchy Sides	4.00	1	0
288954	i_44429930882	Mixed Greens	Brunchy Sides	2.50	1	0
288954	i_438765952	Wisconsin Cheese Curds	Starters & Shareables	10.00	1	0
288954	i_438765951	Maple Glazed Brussels Sprouts	Starters & Shareables	8.00	1	0
288954	i_26898910584	Avocado Toast	Starters & Shareables	11.00	1	0
288954	i_26898910598	Brunch Poutine	Starters & Shareables	8.00	1	0
288954	i_26905423695	House Salmon Plate	Starters & Shareables	16.00	1	0
288954	i_26905423711	Truffle Fries	Starters & Shareables	6.00	1	0
288954	i_26905423722	Green Goddess Hummus	Starters & Shareables	14.00	0	0
288954	i_26905423723	Poutine	Starters & Shareables	8.00	0	0
288954	i_30470791935	Crispy Deviled Eggs	Starters & Shareables	7.00	0	0
288954	i_30470899269	Sloppy Joe Sliders	Starters & Shareables	10.00	0	0
288954	i_30474835776	Coconut Shrimp	Starters & Shareables	11.00	0	0
288954	i_36949769736	Thick-cut Onion Rings	Starters & Shareables	8.00	0	0
288954	i_44514783995	Buffalo Chicken Wings	Starters & Shareables	14.00	1	0
288954	i_438765938	Classic Caesar	Salads & Bowls & Soups	13.00	0	0
288954	i_16980147399	Golden Beet Salad	Salads & Bowls & Soups	14.00	1	0
288954	i_16989736075	Mediterranean Salad	Salads & Bowls & Soups	14.00	1	0
288954	i_26894639425	Southwest Grain Bowl	Salads & Bowls & Soups	13.00	0	0
288954	i_26894639429	Umami Salmon Bowl	Salads & Bowls & Soups	16.00	0	0
288954	i_26894639434	Breakfast Bowl	Salads & Bowls & Soups	13.00	1	1
288954	i_40889102251	Roasted Butternut Squash Bisque	Salads & Bowls & Soups	6.00	1	0
288954	i_438765942	Meltdown Grilled Cheese	Handhelds	12.00	1	1
288954	i_1216643959	Bagel & Lox	Handhelds	13.00	1	1
288954	i_13545794997	Diner Burger	Handhelds	14.00	0	1
288954	i_13560775402	Nashville Hot Chicken Sandwich	Handhelds	15.00	1	1
288954	i_26898910542	Turkey Club	Handhelds	15.00	1	1
288954	i_26898910543	Tarragon Chicken Salad	Handhelds	13.00	1	1
288954	i_26894639414	Sky High Pastrami Sandwich	Handhelds	15.00	1	1
288954	i_28029121162	Garden Burger	Handhelds	14.00	1	1
288954	i_438765958	Cappuccino	Coffee, Espresso, Tea, and Beverages	5.00	1	1
288954	i_438765957	Horchata Blanca	Coffee, Espresso, Tea, and Beverages	5.00	1	1
288954	i_438765953	Mocha	Coffee, Espresso, Tea, and Beverages	5.00	1	1
288954	i_438765960	Milk 12 oz	Coffee, Espresso, Tea, and Beverages	3.00	1	1
288954	i_438765925	Americano	Coffee, Espresso, Tea, and Beverages	4.00	1	1
288954	i_438765922	Hot Chocolate	Coffee, Espresso, Tea, and Beverages	4.00	1	1
288954	i_438765943	Iced Coffee	Coffee, Espresso, Tea, and Beverages	4.00	1	1
288954	i_438765939	Hot Coffee	Coffee, Espresso, Tea, and Beverages	3.00	1	1
288954	i_438765950	Café Au Lait	Coffee, Espresso, Tea, and Beverages	3.00	1	1
288954	i_438765949	Chai Latte	Coffee, Espresso, Tea, and Beverages	6.00	1	1
288954	i_13652776939	Cold Brew	Coffee, Espresso, Tea, and Beverages	5.00	1	1
288954	i_13649956368	Matcha Latte	Coffee, Espresso, Tea, and Beverages	6.00	1	1
288956	i_1524660879	Garlic Naan	Indian Breads	4.95	1	0
288956	i_1524660895	Chicken Tikka Masala	Chicken Curries	18.95	1	1
288956	i_1524660899	Butter Chicken	Chicken Curries	18.95	1	1
288956	i_1524660851	Vegetable Samosa	Tempting Vegetarian Appetizers	7.95	1	0
288956	i_1524661094	Mango Lassi	Indian Beverages	5.99	1	0
288956	i_1524660876	Naan	Indian Breads	3.95	1	0
288956	i_1524660960	Paneer Tikka Masala	Vegetables	17.95	1	1
288956	i_1524660989	Basmati Rice	Biryani Rice Specialties	5.99	1	0
288956	i_1524660881	Cheese Naan	Indian Breads	5.95	1	0
288956	i_1524660950	Shahi Paneer	Vegetables	17.95	1	1
288956	i_1524660849	2 Pieces Aloo Tikki	Tempting Vegetarian Appetizers	6.50	1	0
288956	i_1524660850	Papadam	Tempting Vegetarian Appetizers	2.95	1	0
288956	i_1524660852	Vegetable Pakora	Tempting Vegetarian Appetizers	6.95	1	0
288956	i_1524660853	Paneer Pakora	Tempting Vegetarian Appetizers	7.95	1	0
288956	i_1524660854	Assorted Vegetarian Appetizer	Tempting Vegetarian Appetizers	12.95	1	0
288956	i_1524660855	Samosa Chat	Tempting Vegetarian Appetizers	9.95	1	0
288956	i_1524660856	Aloo Tikki Chat	Tempting Vegetarian Appetizers	9.95	1	0
288956	i_1524660857	Vegetable Spring Roll	Tempting Vegetarian Appetizers	6.95	1	0
288956	i_1524660858	Onion Rings	Tempting Vegetarian Appetizers	6.95	1	0
288956	i_39271525590	Kurkure Bhindi	Tempting Vegetarian Appetizers	6.95	1	0
288956	i_42253994702	EXTRA CRISPY FRENCH FRIES	Tempting Vegetarian Appetizers	5.99	1	0
288956	i_42931736655	Cheese curds	Tempting Vegetarian Appetizers	8.99	1	0
288956	i_44427218900	Iddly	Tempting Vegetarian Appetizers	9.99	1	0
288956	i_1524660862	Fish Pakora	Tempting Non-Vegetarian Appetizers	9.99	1	0
288956	i_1524660863	Assorted Platter	Tempting Non-Vegetarian Appetizers	13.95	1	0
288956	i_1524660864	Shrimp Pakora	Tempting Non-Vegetarian Appetizers	9.99	1	0
288956	i_1524660865	Chicken Pakora	Tempting Non-Vegetarian Appetizers	8.95	1	0
288956	i_1524660866	Chicken 65	Tempting Non-Vegetarian Appetizers	9.95	1	0
288956	i_1524660867	Mulligatawny Soup	Soups	4.95	1	0
288956	i_1524660868	Coconut Soup	Soups	4.95	1	0
288956	i_1524660869	Tomato Soup	Soups	4.95	1	0
288956	i_1524660870	Rasam Soup	Soups	4.95	1	0
288956	i_1524660871	Maharani Paratha	Indian Breads	5.95	1	0
288956	i_1524660872	2 Pieces Poori	Indian Breads	5.95	1	0
288956	i_1524660873	Chapati	Indian Breads	3.50	1	0
288956	i_1524660874	Aloo Paratha	Indian Breads	5.95	1	0
288956	i_1524660875	Gobhi Paratha	Indian Breads	6.95	1	0
288956	i_1524660877	Onion Kulcha	Indian Breads	4.95	1	0
288956	i_1524660878	Stuffed Naan	Indian Breads	5.95	1	0
288956	i_1524660880	Ginger Naan	Indian Breads	4.95	1	0
288956	i_1524660882	Keema Naan	Indian Breads	6.50	1	0
288956	i_1524660883	Kabuli Naan	Indian Breads	6.50	1	0
288956	i_1524660884	Chef's Special Naan	Indian Breads	5.95	1	0
288956	i_1524660885	Assorted Bread	Indian Breads	13.95	1	0
288956	i_1524660886	Tandoori Roti	Indian Breads	3.95	1	0
288956	i_1524660887	Chicken Naan	Indian Breads	5.95	1	0
288956	i_1524660888	Non-Vegetable Dinner Combination for 2	Maharani Combination Dinners	66.95	1	1
288956	i_1524660889	Vegetable Dinner Combination for 2	Maharani Combination Dinners	56.95	1	1
288956	i_1524660890	Tandoori Festival Dinner Combination Platter	Maharani Combination Dinners	68.95	1	1
288956	i_1524660891	Seafood Dinner Combination Special for 2	Maharani Combination Dinners	69.95	1	1
288956	i_1524660892	Chicken Curry	Chicken Curries	17.95	1	1
288956	i_1524660893	Chicken Mushroom Curry	Chicken Curries	17.95	1	1
288956	i_1524660894	Chicken Shahi Korma	Chicken Curries	18.95	1	1
288956	i_1524660896	Chicken Vindaloo	Chicken Curries	17.95	1	1
288956	i_1524660897	Chicken Mango Curry	Chicken Curries	17.95	1	1
288956	i_1524660898	Chicken Moghlai	Chicken Curries	18.95	1	1
288956	i_1524660900	Chicken Tikka Saag	Chicken Curries	17.95	1	1
288956	i_1524660901	Chicken Shahjahani	Chicken Curries	18.95	1	1
288956	i_1524660902	Chicken Saag	Chicken Curries	17.95	1	1
288956	i_1524660903	Chicken Pudina Masala	Chicken Curries	17.95	1	1
288956	i_1524660904	Chicken Chili Masala	Chicken Curries	17.95	1	1
288956	i_1524660905	Chicken Methi	Chicken Curries	17.95	1	1
288956	i_1524660906	Chicken Jalfrazie	Chicken Curries	17.95	1	1
288956	i_1524660907	Chicken Madras	Chicken Curries	18.95	1	1
288956	i_1524660908	Chili Chicken	Chicken Curries	19.95	1	1
288956	i_1524660909	Lamb Curry	Lamb Curries	19.95	1	1
288956	i_1524660910	Lamb Shahi Korma	Lamb Curries	19.95	1	1
288956	i_1524660911	Lamb Mushroom Curry	Lamb Curries	19.95	1	1
288956	i_1524660912	Lamb Masala	Lamb Curries	19.95	1	1
288956	i_1524660913	Rogan Josh	Lamb Curries	19.95	1	1
288956	i_1524660914	Lamb Moghlai	Lamb Curries	19.95	1	1
288956	i_1524660915	Lamb Tikka Masala	Lamb Curries	19.95	1	1
288956	i_1524660916	Lamb Madras	Lamb Curries	19.95	1	1
288956	i_1524660917	Lamb Achari Curry	Lamb Curries	19.95	1	1
288956	i_1524660918	Lamb Vindaloo Curry	Lamb Curries	19.95	1	1
288956	i_1524660919	Lamb Jalfrazie Curry	Lamb Curries	19.95	1	1
288956	i_1524660920	Lamb Mango Curry	Lamb Curries	19.95	1	1
288956	i_1524660921	Lamb Saag	Lamb Curries	19.95	1	1
288956	i_1524660922	Goat Curry	Lamb Curries	19.95	1	1
288956	i_1524660923	Fish Masala	Seafood	19.95	1	1
288956	i_1524660924	Fish Vindaloo Curry	Seafood	18.95	1	1
288956	i_1524660925	Shrimp Curry	Seafood	19.95	1	1
288956	i_1524660926	Shrimp Saag	Seafood	19.95	1	1
288956	i_1524660927	Shrimp Vindaloo	Seafood	19.95	1	1
288956	i_1524660928	Shrimp Masala	Seafood	19.95	1	1
288956	i_1524660929	Shrimp Madras	Seafood	19.95	1	1
288956	i_1524660930	Shrimp Kadhai	Seafood	19.95	1	1
288956	i_1524660931	Shrimp Pudina Masala	Seafood	19.95	1	1
288956	i_1524660932	Fish Curry	Seafood	18.95	1	1
288956	i_1524660933	Fish Goa Curry	Seafood	18.95	1	1
288956	i_1524660934	Beef Curry	Beef Curries	18.95	1	1
288956	i_1524660935	Beef Jalfrezi Curry	Beef Curries	17.95	1	1
288956	i_1524660936	Beef Mushroom Curry	Beef Curries	17.95	1	1
288956	i_1524660937	Beef Saag	Beef Curries	17.95	1	1
288956	i_1524660938	Beef Shahi Korma	Beef Curries	18.95	1	1
288956	i_1524660939	Beef Vindaloo Curry	Beef Curries	17.95	1	1
288956	i_1524660940	Beef Masala	Beef Curries	18.95	1	1
288956	i_1524660941	Beef Mango Curry	Beef Curries	17.95	1	1
288956	i_1524660942	Beef Moghlai	Beef Curries	18.95	1	1
288956	i_1524660943	Navaratan Korma	Vegetables	17.95	1	1
288956	i_1524660944	Malai Kofta	Vegetables	17.95	1	1
288956	i_1524660945	Mutter Paneer	Vegetables	16.95	1	1
288956	i_1524660946	Mutter Mushroom	Vegetables	16.95	1	1
288956	i_1524660947	Palak Paneer	Vegetables	17.95	1	1
288956	i_1524660948	Vegetable Mix Curry	Vegetables	16.95	1	1
288956	i_1524660949	Aloo Gobhi	Vegetables	16.95	1	1
288956	i_1524660951	Dal Makhni	Vegetables	16.95	1	1
288956	i_1524660952	Baingan Bhartha	Vegetables	17.95	1	1
288956	i_1524660953	Aloo Mutter	Vegetables	16.95	1	1
288956	i_1524660954	Palak Aloo	Vegetables	16.95	1	1
288956	i_1524660955	Aloo Chole	Vegetables	16.95	1	1
288956	i_1524660956	Channa Masala	Vegetables	16.95	1	1
288956	i_1524660957	Palak Mushroom	Vegetables	16.95	1	1
288956	i_1524660958	Vegetable Mango	Vegetables	16.95	1	1
288956	i_1524660959	Paneer Jalfrazie	Vegetables	17.95	1	1
288956	i_1524660961	Vegetable Masala	Vegetables	17.95	1	1
288956	i_1524660962	Daal Tarka	Vegetables	16.95	1	1
288956	i_1524660963	Bhindi Masala	Vegetables	17.95	1	1
288956	i_1524660964	Paneer Kadahi	Vegetables	17.95	1	1
288956	i_1524660965	Paneer Bhurji	Vegetables	17.95	1	1
288956	i_1524660966	Ghobi Manchurian	Vegetables	17.95	1	1
288956	i_1524660967	Punjabi Saag	Vegetables	16.95	1	1
288956	i_1524660968	Palak Chole	Vegetables	16.95	1	1
288956	i_1524660969	Kadhi Pakora	Vegetables	16.95	1	1
288956	i_1524660970	Cheese Moglai	Vegetables	17.95	1	1
288956	i_1524660971	Shahi Mutter Paneer	Vegetables	17.95	1	1
288956	i_1524660972	Rajma	Vegetables	16.95	1	1
288956	i_1524660973	Tandoori Chicken	Charcoal Clay Oven	19.95	1	1
288956	i_1524660974	Tandoori Chicken Tikka	Charcoal Clay Oven	19.95	1	1
288956	i_1524660975	Seekh Kabob	Charcoal Clay Oven	18.95	1	1
288956	i_1524660976	Tandoori Shrimp	Charcoal Clay Oven	21.95	1	1
288956	i_1524660977	Tandoori Mixed Grill	Charcoal Clay Oven	25.95	1	1
288956	i_1524660978	Boti Kabob	Charcoal Clay Oven	20.95	1	1
288956	i_1524660979	Tandoori Salmon Fish Tikka	Charcoal Clay Oven	22.95	1	1
288956	i_1524660980	Tandoori Paneer Tikka	Charcoal Clay Oven	18.95	1	1
288956	i_1524660981	Malai Kabob	Charcoal Clay Oven	19.95	1	1
288956	i_1524660982	Grilled Fish	Charcoal Clay Oven	21.95	1	1
288956	i_42601481339	Tandoori lamb chops	Charcoal Clay Oven	27.95	1	0
288956	i_1524660983	Chicken Biryani	Biryani Rice Specialties	19.95	1	1
288956	i_1524660984	Lamb Biryani	Biryani Rice Specialties	20.95	1	1
288956	i_1524660985	Vegetarian Biryani	Biryani Rice Specialties	18.95	1	1
288956	i_1524660986	Shrimp Biryani	Biryani Rice Specialties	20.95	1	1
288956	i_1524660987	Beef Biryani	Biryani Rice Specialties	19.95	1	1
288956	i_1524660988	Chef's Special Biryani	Biryani Rice Specialties	21.95	1	1
288956	i_1524661008	Pickle	Condiments	2.95	1	0
288956	i_1524661009	Mango Chutney	Condiments	2.95	1	0
288956	i_1524661010	Salad	Condiments	6.95	1	0
288956	i_1524661011	Raita	Condiments	2.95	1	0
288956	i_1524661012	Plain Yogurt	Condiments	2.50	1	0
288956	i_1524661031	Kulfi	Desserts	4.95	1	0
288959	i_10911512819	Bread and Butter	Sides	2.00	0	0
288959	i_439424823	8 Oz Filet Mignon	Steaks	65.00	0	1
288959	i_439424826	12 Oz New York Strip	Steaks	54.00	0	1
288959	i_439424791	Grilled Asparagus	Sides	13.00	0	0
288959	i_439424784	16 Oz Ribeye	Steaks	65.00	0	1
288959	i_439424780	House-Cut Fries	Sides	12.00	0	0
288959	i_439424839	Iceberg Wedge	Salads & Soups	17.00	0	1
288959	i_439424789	Sautéed Mushrooms	Enhancements	8.00	0	0
288959	i_439424850	Caesar	Salads & Soups	14.00	0	0
288959	i_439424805	Wisconsin Macaroni & Cheese	Sides	14.00	0	0
288959	i_439424801	Truffle Butter	Sauces & Butters	6.00	0	0
288959	i_439424810	Au Poivre	Sauces & Butters	10.00	0	0
288959	i_439424786	Bearnaise	Sauces & Butters	7.00	0	0
288959	i_439424790	Creamy Horseradish	Sauces & Butters	5.00	0	0
288959	i_439424855	Marrow Butter	Sauces & Butters	6.00	0	0
288959	i_846856390	Red Chimichurri	Sauces & Butters	5.00	0	0
288959	i_439424820	Sautéed Onions	Enhancements	5.00	0	0
288959	i_439424787	Blue Cheese Crust	Enhancements	7.00	0	0
288959	i_439424781	Oscar Style	Enhancements	25.00	0	0
288959	i_439424827	Seared Scallops	Seafood & Fish	48.00	0	1
288959	i_439424808	Scottish Salmon	Seafood & Fish	36.00	0	1
288959	i_13361318348	Pan-Seared Halibut	Seafood & Fish	58.00	0	1
288959	i_13364770979	Ahi Tuna Steak	Seafood & Fish	42.00	0	1
288959	i_439424835	Creamy Lobster Bisque	Salads & Soups	17.00	0	0
288959	i_439424834	Baked French Onion Soup	Salads & Soups	13.00	0	0
288959	i_439424843	Beef Tenderloin Caesar	Salads & Soups	37.00	0	0
288959	i_20254980715	Delmonico's Chopped Salad	Salads & Soups	18.00	0	0
288959	i_439424829	14 Oz Dry-Aged New York Strip	Steaks	69.00	0	1
288959	i_439424799	20 Oz Dry-Aged Bone-in Ribeye	Steaks	82.00	0	1
288959	i_439424778	14 Oz Prime Sirloin	Steaks	42.00	0	1
288959	i_439424774	Hall of Fame Beef Burger	Entrées	26.00	0	1
288959	i_439424776	Roasted Chicken	Entrées	36.00	0	1
288959	i_13364890398	Grilled Cauliflower Steak	Entrées	30.00	0	1
288959	i_439424821	Hand Cut Beef Tartare	Chilled Appetizers	20.00	0	0
288959	i_439424797	Shrimp Cocktail	Chilled Appetizers	25.00	0	0
288959	i_439424779	Ahi Tuna Tartare	Chilled Appetizers	23.00	0	0
288959	i_20254655166	Smoked Beet Tartare	Chilled Appetizers	16.00	0	0
288959	i_439424822	Fried Calamari	Hot Appetizers	19.00	0	0
288959	i_439424812	Jumbo Lump Crab Cakes	Hot Appetizers	23.00	0	0
288959	i_439424782	Stuffed Mushroom Caps	Hot Appetizers	17.00	0	0
288959	i_8421242058	Bone Marrow	Hot Appetizers	13.00	0	0
288959	i_845629005	Mushroom Risotto	Sides	18.00	0	0
288959	i_10912481452	Baked Potato	Sides	6.00	0	0
288959	i_10912230783	Potato Royal	Sides	8.00	0	0
288959	i_10912630887	Hash Brown	Sides	6.00	0	0
288959	i_13364770500	Broccolini Agrodolce	Sides	14.00	0	0
288959	i_13364574070	Lobster Mac & Cheese	Sides	30.00	0	0
288974	i_433194801	$6 Boneless Wing Basket	Wing Wednesday	6.00	1	1
288974	i_433194833	Classic White Cheese Curds	Appetizers	9.90	1	1
288974	i_433194811	Badger Burger	Burgers	10.00	1	1
288974	i_433194816	BBQ Pulled Pork Grilled Cheese	Sandwiches	11.00	1	1
288974	i_433194831	Fried Pickle Fries	Appetizers	8.80	1	1
288974	i_433194830	Traditional Wings	Wings	9.90	1	1
288974	i_433194832	Chicken Tenders	Appetizers	11.00	1	1
288974	i_433194812	Curd Burger	Burgers	11.00	1	1
288974	i_433194814	Cheese Burger	Burgers	9.00	1	1
288974	i_433194804	Sprecher Root Beer	Beverages	3.00	1	0
288974	i_433194835	Beer Battered Onion Rings	Appetizers	7.70	1	1
288974	i_433194838	Sweet Potato Fries	Appetizers	7.70	1	1
288974	i_433194836	Homemade Seasoned Potato Chips	Appetizers	6.60	1	1
288974	i_433194837	Seasoned Waffle Fries	Appetizers	7.70	1	1
288974	i_433194829	Boneless Wings	Wings	6.54	1	1
288974	i_433194827	Homemade Tomato Bisque	Soups	3.27	1	1
288974	i_433194828	Homemade Beef Chili	Soups	4.36	1	1
288974	i_433194826	Grilled Caesar Salad	Salads	9.90	1	1
288974	i_433194824	Garden Salad	Salads	8.80	1	1
288974	i_433194825	Billy's Buffalo Chicken Salad	Salads	12.10	1	1
288974	i_433194818	Wisconsin 4-Cheese Grilled Cheese	Sandwiches	8.80	1	1
288974	i_433194817	Philly Grinder	Sandwiches	9.90	1	1
288974	i_433194820	Italian Grinder	Sandwiches	12.10	1	1
288974	i_433194815	BBQ & Bacon Chicken Sandwich	Sandwiches	12.10	1	1
288974	i_433194810	Chipotle Black Bean Veggie Burger	Burgers	9.00	1	1
288974	i_433194808	The Sconnie	Burgers	12.00	1	1
288974	i_433194809	Backyard BBQ	Burgers	12.00	1	1
288974	i_433194813	Hamburger	Burgers	9.00	1	1
288974	i_433194807	Grilled Cheese & Cup of Soup	Grilled Cheese & Cup of Soup	6.00	1	1
288974	i_433194802	Red Bull	Beverages	4.00	1	1
288983	i_396824844	White Cheddar Cheese Curds	Appetizers	10.00	1	1
288983	i_396838512	Bistro Burger	Burgers	11.99	1	1
288983	i_396838459	Bucky Burger	Burgers	10.90	1	1
288983	i_396829890	Garlic Ribeye Steak Sandwich	Sandwiches	15.26	1	1
288983	i_396829879	Chicken Fritters And Fries	Appetizers	11.00	1	0
288983	i_396838326	Cajun Chicken Sandwich	Sandwiches	10.90	1	1
288983	i_396829842	Mini Breaded Corn Dogs	Appetizers	9.00	1	0
288983	i_396838327	Crispy Mustard BBQ Chicken Sandwich	Sandwiches	11.99	1	1
288983	i_396829841	Fried Panko Pickle Chips	Appetizers	8.18	1	0
288983	i_396838796	Mexican Street Corn Ensalada	Salads	10.90	1	1
288983	i_396843936	Boylan Rootbeer 12 oz Bottle	Beverages	3.00	1	0
288983	i_396843935	Red Bull	Beverages	3.00	1	1
288983	i_396843934	Diet Coke 12 oz Can	Beverages	1.50	1	0
288983	i_396843933	Coke 12 oz Can	Beverages	1.50	1	0
288983	i_396838629	Carolina Burger	Burgers	11.99	1	1
288983	i_396838574	Blackened Burger	Burgers	11.99	1	1
288983	i_396838634	Chipotle Black Bean Burger	Burgers	11.99	1	1
288983	i_396838462	Brisket Burger	Burgers	14.17	1	1
288983	i_396838520	Tuttle Burger	Burgers	11.99	1	1
288983	i_396829878	BBQ Dry Rub Chicken Wings	Appetizers	11.00	1	0
288983	i_396829877	Spicy Buffalo Wings	Appetizers	11.00	1	0
288983	i_396828788	Sour Cream & Chive Wedge Fries	Appetizers	7.63	1	0
288983	i_396828787	Mac N Cheese Bites	Appetizers	10.00	1	0
288983	i_396828786	Sweet Potato Fries	Appetizers	7.63	1	0
288983	i_396828799	Panko Crusted Thick Onion Rings	Appetizers	7.63	1	0
288983	i_396828798	House Made Cajun Pub Chips	Appetizers	6.54	1	0
288983	i_396829840	Cajun Dusted Popcorn Shrimp	Appetizers	12.00	1	0
288983	i_396838816	Grilled Buffalo Chicken Salad	Salads	14.17	1	1
288983	i_396838664	Blackened Salad	Salads	10.90	1	1
288983	i_396838810	Fajita Salad	Salads	10.90	1	1
288983	i_396838397	Drunken Brisket Panini	Grillers	13.63	1	1
288983	i_396838396	Pesto Grilled Cheese	Grillers	10.90	1	1
288983	i_396838395	Bacon & Ranch Chicken Panini	Grillers	12.54	1	1
288983	i_396838394	Stuffed Grilled Cheese	Grillers	9.81	1	1
288983	i_396838393	Golden Pork Grilled Cheese	Grillers	11.45	1	1
288983	i_396838349	Timmy's Cuban Panini	Grillers	11.45	1	1
288983	i_396838902	Homemade Chicken Chili	Soup, Salads or Sandwich Combo	3.27	1	1
288983	i_396838836	Homemade Soup	Soup, Salads or Sandwich Combo	3.27	1	1
288983	i_396839002	Sandwich With Salad	Soup, Salads or Sandwich Combo	7.63	1	1
288983	i_396839001	Sandwich With Soup	Soup, Salads or Sandwich Combo	7.63	1	1
288983	i_396838325	Buffalo & Bleu Grilled Chicken Sandwich	Sandwiches	11.99	1	1
288983	i_396836166	Traditional Reuben Sandwich	Sandwiches	11.99	1	1
288983	i_396836240	Pesto & Fresh Mozzarella Chicken Sandwich	Sandwiches	11.99	1	1
288986	i_40853178570	Broasted Chicken	House Favorites	20.49	1	1
288986	i_40853178508	Build Your Own	Burgers & Sandwiches	15.49	1	1
288986	i_40853178536	2 Meat Sampler	From The Smokehouse	27.49	1	1
288986	i_40853178505	Stuffed Goat Skins	Appetizers	14.49	1	0
288986	i_40853178493	Cheese Curds	Appetizers	16.49	1	0
288986	i_40853178576	Cornbread	Sides	5.49	1	0
288986	i_40853178492	Burnt Ends	Appetizers	18.49	1	1
288986	i_40853178541	Prime Brisket	From The Smokehouse	29.49	1	1
288986	i_40853178537	3 Meat Sampler	From The Smokehouse	31.49	1	1
288986	i_40853178549	Beer Battered Cod	Gone Fishing	21.49	1	1
288986	i_40853178485	10 Piece Wings	Appetizers	18.49	1	1
288986	i_40853178486	5 Piece Wings	Appetizers	11.49	1	1
288986	i_40853178487	Bavarian Pretzel	Appetizers	16.49	1	0
288986	i_40853178488	Brie Bites	Appetizers	19.49	1	0
288986	i_40853178489	Brisket Fries	Appetizers	19.49	1	0
288986	i_40853178490	Brisket Rolls	Appetizers	20.49	1	1
288986	i_40853178491	Bruschetta	Appetizers	13.49	1	0
288986	i_40853178494	Chicken Tenders	Appetizers	13.49	1	1
288986	i_40853178495	Gouda Mac & Cheese Bites	Appetizers	16.49	1	0
288986	i_40853178497	Nachos Full Order	Appetizers	18.49	1	0
288986	i_40853178498	Nachos Half Order	Appetizers	13.49	1	0
288986	i_40853178499	Nachos Verdes	Appetizers	17.49	1	0
288986	i_40853178500	Onion Rings	Appetizers	12.49	1	0
288986	i_40853178501	Shrimp Quesadilla	Appetizers	21.49	1	0
288986	i_40853178502	Shrimp Cocktail	Appetizers	17.49	1	0
288986	i_40853178503	Shrimp Tempura	Appetizers	19.49	1	0
288986	i_40853178504	Spinach Artichoke & Bacon Dip	Appetizers	19.49	1	0
288986	i_40853178506	Zing Wing Basket	Appetizers	16.49	1	0
288986	i_40853178507	Zing Wings & Ribs Combo	Appetizers	16.49	1	1
288986	i_40853178509	Italian Beef	Burgers & Sandwiches	19.49	1	0
288986	i_40853178510	Ranch Chicken Melt	Burgers & Sandwiches	18.49	1	0
288986	i_40853178511	Smoked Turkey and Brie Baguette	Burgers & Sandwiches	20.49	1	1
288986	i_40853178512	Wisco Burger	Burgers & Sandwiches	19.49	1	1
288986	i_40853178513	Club	Burgers & Sandwiches	20.49	1	0
288986	i_40853178514	steak sandwich	Burgers & Sandwiches	24.49	1	1
288986	i_40853178515	Hot Ham & Cheese	Burgers & Sandwiches	18.49	1	1
288986	i_40853178516	Whiskey Peppercorn Burger	Burgers & Sandwiches	19.49	1	1
288986	i_40853178517	Caesar Salad	Salads	16.49	1	0
288986	i_40853178518	Caesar Sirloin	Salads	25.49	1	1
288986	i_40853178519	Caprese Salad	Salads	16.49	1	0
288986	i_40853178520	Cobb Salad	Salads	18.49	1	0
288986	i_40853178521	House Salad	Salads	12.49	1	0
288986	i_40853178523	Smokehouse Salad	Salads	18.49	1	0
288986	i_44389471403	Summer Seasonal Medley Salad	Salads	21.49	1	0
288986	i_40853178525	Bread Bowl Upgrade	Soup	4.49	1	0
288986	i_40853178526	Crock Ham & Swiss	Soup	11.49	1	0
288986	i_40853178528	Crock Chicken Noodle	Soup	11.49	1	0
288986	i_40853178529	Crock Turkey & Wild Rice	Soup	11.49	1	0
288986	i_40853178530	Cup Ham & Swiss	Soup	7.49	1	0
288986	i_40853178532	Cup Chicken Noodle	Soup	7.49	1	0
288986	i_40853178533	Cup Turkey & Wild Rice	Soup	7.49	1	0
288986	i_40853178538	Sliders	From The Smokehouse	19.49	1	1
288986	i_40853178539	Sandwich	From The Smokehouse	18.49	1	1
288986	i_40853178540	Tacos	From The Smokehouse	17.49	1	1
288986	i_40853178542	Pulled Pork	From The Smokehouse	25.49	1	1
288986	i_40853178543	Half Rack Baby Back Ribs	From The Smokehouse	23.49	1	1
288986	i_40853178544	Full Rack Baby Back Ribs	From The Smokehouse	32.49	1	1
288986	i_40853178545	Smoked Chicken Half	From The Smokehouse	24.49	1	1
288986	i_40853178546	Smoked Kielbasa	From The Smokehouse	24.49	1	1
288986	i_40853178547	Smoked Turkey Breast	From The Smokehouse	26.49	1	1
288986	i_40853178548	8oz Grilled Salmon	Gone Fishing	28.49	1	1
288986	i_40853178550	Bluegill	Gone Fishing	21.49	1	1
288986	i_40853178551	Fish Sandwich	Gone Fishing	17.49	1	0
288986	i_40853178552	Fish Tacos	Gone Fishing	19.49	1	0
288986	i_40853178553	Fish Trio	Gone Fishing	29.49	1	1
288986	i_40853178554	Grilled Shrimp Skewers	Gone Fishing	25.49	1	1
288986	i_40853178555	Lake Perch	Gone Fishing	24.49	1	1
288986	i_40853178556	Baked Cod	Gone Fishing	22.49	1	1
288986	i_40853178557	Walleye	Gone Fishing	18.49	1	1
288986	i_40853178558	Blackened Baked Cod	Gone Fishing	22.49	1	1
288986	i_40853178559	Blackened	Fish Options	0.00	1	1
288986	i_40853178560	Extra Butter	Fish Options	0.00	1	1
288986	i_40853178561	Extra Lemon	Fish Options	0.00	1	1
288986	i_40853178562	Extra Tartar Sauce	Fish Options	2.50	1	1
288986	i_40853178563	No Butter	Fish Options	0.00	1	1
288986	i_40853178564	No Lemon	Fish Options	0.00	1	1
288986	i_40853178565	No Tartar Sauce	Fish Options	0.00	1	1
288986	i_40853178566	12 Oz Sirloin	House Favorites	32.49	1	1
288986	i_40853178567	The Big Burrito	House Favorites	20.49	1	0
288986	i_40853178568	Mac & Cheese Bake	House Favorites	18.49	1	1
288986	i_40853178569	Fettuccine Alfredo	House Favorites	20.49	1	1
288986	i_40853178572	Baked Potato	Sides	5.49	1	0
288986	i_40853178573	Brew City Fries	Sides	5.49	1	0
288986	i_40853178574	Cilantro Lime Rice	Sides	5.49	1	0
288986	i_40853178575	Coleslaw	Sides	5.49	1	0
288986	i_40853178577	Drunken Peaches	Sides	5.49	1	0
288986	i_44389162949	Fruit Seasonal	Sides	5.49	1	0
288986	i_40853178578	Guacamole	Sides	5.49	1	0
288986	i_40853178579	Kettle Chips	Sides	5.49	1	0
288986	i_40853178580	Loaded Baked Potato	Sides	7.49	1	0
288986	i_40853178581	Loaded Fries	Sides	7.49	1	0
288986	i_40853178582	Loaded Mashed Potatoes	Sides	7.49	1	0
288986	i_40853178583	Mac and Cheese	Sides	5.49	1	0
288986	i_40853178584	Mashed Potatoes	Sides	5.49	1	0
288986	i_40853178585	Seasonal Vegetables	Sides	5.49	1	0
288986	i_40853178586	Side Caesar	Sides	5.49	1	0
288986	i_40853178587	Side Salad	Sides	5.49	1	0
288986	i_40853178588	Spicy Corn	Sides	5.49	1	0
288986	i_40853178589	Sweet Potato Fries	Sides	5.49	1	0
288986	i_40853178590	Tortilla Chips	Sides	5.49	1	0
288986	i_40853178591	Naan	Bread	5.49	1	0
288986	i_40853178592	Breadsticks	Bread	4.49	1	0
288986	i_40853178593	2 Slices Marble Rye	Bread	3.00	1	0
288986	i_40853178594	2 Slices Sourdough	Bread	3.00	1	0
288986	i_40853178595	One piece cornbread	Bread	3.49	1	0
288986	i_40853178596	Slider Bun	Bread	2.50	1	0
288986	i_40853178597	GF Bun	Bread	4.00	1	0
288986	i_40853178598	Bun	Bread	3.49	1	0
288986	i_40853178599	Toasted Crostini	Bread	5.49	1	0
288986	i_40853178624	Ribeye	Specials	39.99	1	1
288986	i_44312175581	Turkey Spinach Wrap	Specials	20.49	1	0
288986	i_40853178607	Brisket Melt	Specials	20.49	1	1
288986	i_40853178604	Blackened Chicken Sandwich	Specials	18.49	1	0
288986	i_40853178634	Tuna Melt	Specials	18.49	1	1
288986	i_44306524409	Chips & Pico	Specials	6.50	1	0
288986	i_40853178637	Bread Pudding	Desserts	9.49	1	0
288986	i_40853178638	Brownie	Desserts	9.49	1	0
288986	i_40853178640	Drunken Peaches Dessert	Desserts	9.49	1	0
288986	i_40853178641	Ice Cream Sundae	Desserts	6.49	1	1
288986	i_40853178642	Brownie with Ice cream	Desserts	9.49	1	0
288986	i_40853178643	Berry cobbler	Desserts	11.49	1	0
288986	i_40853178644	1 spoon	Spoons	0.00	1	0
288986	i_40853178645	2 spoons	Spoons	0.00	1	0
288986	i_40853178646	3 spoons	Spoons	0.00	1	0
288986	i_40853178647	4 spoons	Spoons	0.00	1	0
288986	i_40853178648	5 spoons	Spoons	0.00	1	0
288986	i_40853178649	6 spoons	Spoons	0.00	1	0
288986	i_40853178650	Kids Brisket Slider	Kids	9.49	1	1
288986	i_40853178651	Kids Chicken Slider	Kids	8.49	1	1
288986	i_40853178652	Kids Pork Slider	Kids	8.49	1	0
288986	i_40853178653	Kids Two Ribs	Kids	8.49	1	1
288986	i_40853178654	Kids Chicken Tenders	Kids	8.49	1	1
288986	i_40853178655	Kraft Mac N Cheese	Kids	8.49	1	1
288986	i_40853178656	Kids Fried Cod	Kids	8.49	1	1
288986	i_40853178657	Kids Grilled Cheese	Kids	8.49	1	1
288986	i_40853178658	1000 Island	Extra Sauce	2.50	1	0
288986	i_40853178659	Au Jus	Extra Sauce	2.50	1	0
288986	i_40853178660	Beer Cheese	Extra Sauce	2.50	1	0
288986	i_40853178661	Bleu Cheese Dressing	Extra Sauce	2.50	1	0
288986	i_40853178662	Bourbon BBQ	Extra Sauce	2.50	1	0
288986	i_40853178663	Buffalo	Extra Sauce	2.50	1	0
288986	i_40853178664	Caesar Dressing	Extra Sauce	2.50	1	0
288986	i_40853178665	Cajun Ranch	Extra Sauce	2.50	1	0
288986	i_40853178666	Chipotle BBQ	Extra Sauce	2.50	1	0
288986	i_40853178667	Chipotle Mayo	Extra Sauce	2.50	1	0
288986	i_40853178668	Salsa Verde	Extra Sauce	2.50	1	0
288986	i_40853178669	Gravy	Extra Sauce	2.50	1	0
288986	i_40853178670	Honey Mustard	Extra Sauce	2.50	1	0
288986	i_40853178671	House BBQ	Extra Sauce	2.50	1	0
288986	i_40853178672	Mayo	Extra Sauce	0.00	1	0
289042	i_156021853	B-1. (Bibimbap) Mixed Rice	Bap (Cooked Rice)	17.74	0	1
289042	i_156021824	A-3. Teokboki	Appetizers	15.74	0	1
289042	i_156021825	A-4. Kun Mandoo	Appetizers	8.49	0	1
289042	i_156021863	Soda	Beverages	2.50	0	1
289042	i_156021856	M-2. (Bulgogi) Grilled Beef	Meat	27.49	0	0
289042	i_156021822	A-1. Haemul Pajeon	Appetizers	16.74	0	0
289042	i_156021831	S-1. Galbi Tang	Soup	24.99	0	0
289042	i_156021859	M-5. Donkatsu	Meat	21.99	0	1
289042	i_156021835	S-4. Kimchi Jjigae	Soup	17.74	0	0
289042	i_44342780605	N-5. Jajang Myeon	Noodles	17.74	0	0
289042	i_156021864	Korean Beverage (Can)	Beverages	3.00	0	1
289042	i_156021865	Cold Tea	Beverages	3.50	0	1
289042	i_360158225	Hot Tea	Beverages	3.50	0	1
289042	i_35450694764	Sparkling Natural Mineral Water	Beverages	2.50	0	0
289042	i_360156925	B-5. Curry Deopbap	Bap (Cooked Rice)	16.74	0	1
289042	i_360157052	B-6. BokumBap	Bap (Cooked Rice)	16.74	0	1
289042	i_360156580	B-4. Ojing-eo Deopbap	Bap (Cooked Rice)	17.74	0	0
289042	i_360156546	B-3. Kimchi-Tofu Deobap	Bap (Cooked Rice)	16.74	0	0
289042	i_156021855	M-1. Galbi GUI	Meat	33.74	0	0
289042	i_156021860	M-6. Osam Bulgogi	Meat	25.99	0	0
289042	i_156021861	M-7. Bul-Nak Bulgogi	Meat	27.99	0	0
289042	i_156021862	M-8. Ojing-Eo Bokum	Meat	20.99	0	0
289042	i_156021857	M-3. Jeyuk Bokum	Meat	25.99	0	0
289042	i_156021858	M-4. Chicken Teriyaki	Meat	19.99	0	0
289042	i_44344278122	M-9. Sooyook	Meat	32.74	0	0
289042	i_156021848	S-17. Teokbokijeongol	Special Big Soup	37.99	0	1
289042	i_156021844	S-13. Budaejjigae Jeongol	Special Big Soup	40.99	0	1
289042	i_156021845	S-14. Bulgogi Jeongol	Special Big Soup	41.99	0	0
289042	i_156021846	S-15. Bul-Nak Jeongol	Special Big Soup	43.99	0	1
289042	i_156021847	S-16. Gamja Tang Jeongol	Special Big Soup	40.99	0	1
289042	i_156021852	N-3. Kalguksu	Noodles	17.74	0	1
289042	i_156021849	N-1. Chopchae	Noodles	19.99	0	1
289042	i_156021851	N-2. Udon	Noodles	17.74	0	1
289042	i_35119138735	N-4. Bokkeum Udon	Noodles	17.74	0	1
289042	i_156021836	S-5. Doenjang Jjigae	Soup	17.74	0	0
289042	i_156021837	S-6. Soondubu Jjigae	Soup	18.99	0	0
289042	i_156021838	S-7. Yukgaejang	Soup	19.99	0	0
289042	i_156021839	S-8. Bulgogi Tugbaegi	Soup	23.99	0	0
289042	i_156021832	S-2. Insam Galbil Tang	Soup	27.49	0	0
289042	i_156021834	S-3. Ugeojee Sagol Tang	Soup	20.99	0	0
289042	i_156021840	S-9. Mandoo Kuk	Soup	18.99	0	0
289042	i_156021841	S-10. Altang	Soup	24.99	0	0
289042	i_156021842	S-11. Gamja Tang	Soup	18.99	0	0
289042	i_156021843	S-12. Samgye Tang	Soup	28.49	0	0
289042	i_604186700	S-13-S Budaejjigae (Small-1 person)	Soup	21.99	0	0
289042	i_156021828	A-7. Egg Roll (2pc)	Appetizers	6.49	0	0
289042	i_156021829	A-8. Ojing-Eo Twigim	Appetizers	12.74	0	0
289042	i_156021830	A-9. Gyeran Jjim	Appetizers	10.49	0	0
289042	i_156021826	A-5. Son Mandoo	Appetizers	9.49	0	1
289042	i_156021827	A-6. Edamame	Appetizers	8.49	0	0
289042	i_156021823	A-2. Kimchil Jeon	Appetizers	16.74	0	0
289042	i_16786828915	A-10. Gim Mari (6pc)	Appetizers	10.49	0	0
289042	i_20974586984	A-11. Chicken Wings (8pc)	Appetizers	18.99	0	1
289066	i_8126871391	White Brat*	Brathaus Originals*	7.00	1	1
289066	i_8126848639	Red Brat*	Brathaus Originals*	7.00	1	1
289066	i_29405018080	Cheese Curd Basket*	Appetizers*	14.00	1	0
289066	i_8127110664	Chicken Tenders*	Chicken*	8.00	1	1
289066	i_5458259220	Cheeseburger*	Burgers*	12.00	1	1
289066	i_41401750414	Curd Burger	Burgers*	15.00	1	1
289066	i_8126874386	Ribeye Steak Sandwich*	Brathaus Originals*	13.00	1	1
289066	i_8076379740	Bavarian Pretzel Bites*	Appetizers*	13.00	1	1
289066	i_8126327678	XL Waffle Fry*	Appetizers*	9.00	1	0
289066	i_8126917676	1/4 lb. Hot Dog*	Brathaus Originals*	7.00	1	0
289066	i_44475373481	Pickle Burger	Food	14.00	1	1
289066	i_44475373482	XL Pickle Chips	Food	12.00	1	0
289066	i_5615700652	Hamburger*	Burgers*	10.00	1	1
289066	i_3616381538	Bacon Cheeseburger*	Burgers*	13.00	1	1
289066	i_3616381539	Brat & Burger*	Burgers*	15.00	1	1
289066	i_41402953418	Plain *GRILLED* Chicken Sandwich	Chicken*	10.00	1	1
289066	i_41402953419	Avo Bacon Swiss *GRILLED* Chicken Sandwich	Chicken*	13.00	1	1
289066	i_41402953420	Nashville *GRILLED* Chicken Sandwich	Chicken*	12.00	1	1
289066	i_8127214540	Bowl of Greens*	Salads & Vegetarian*	10.00	1	1
289066	i_23210740157	Mac & Cheese Bowl	Salads & Vegetarian*	9.00	1	1
289066	i_11788948499	Impossible Cheeseburger	Salads & Vegetarian*	12.00	1	1
289066	i_8139113045	Pepsi*	Delivery Drinks*	3.00	1	0
289066	i_8139113051	Pepsi Zero*	Delivery Drinks*	3.00	1	0
289066	i_8139113040	Cherry Pepsi*	Delivery Drinks*	3.00	1	0
289066	i_8139113048	Mountain Dew*	Delivery Drinks*	3.00	1	0
289066	i_26547550397	Diet Mt Dew*	Delivery Drinks*	3.00	1	0
289066	i_8139113039	Starry	Delivery Drinks*	3.00	1	0
289066	i_8139113036	Starry Zero*	Delivery Drinks*	3.00	1	0
289066	i_8139113049	Lemonade*	Delivery Drinks*	3.00	1	0
289066	i_8139113041	Iced Tea*	Delivery Drinks*	3.00	1	0
289066	i_8139113034	Arnold Palmer*	Delivery Drinks*	3.00	1	0
289066	i_8139113042	Dr. Pepper*	Delivery Drinks*	3.00	1	0
289066	i_8139113052	Root Beer*	Delivery Drinks*	3.00	1	0
289066	i_8139113047	Ginger Beer*	Delivery Drinks*	3.00	1	0
289066	i_8139113043	Cranberry Juice*	Delivery Drinks*	3.00	1	0
289066	i_8139113044	Orange Juice*	Delivery Drinks*	3.00	1	0
289066	i_8139113050	Pineapple Juice*	Delivery Drinks*	3.00	1	0
289066	i_8139113038	Red Bull Sugar Free*	Delivery Drinks*	4.00	1	0
289066	i_8139113037	Red Bull*	Delivery Drinks*	4.00	1	0
289074	i_480201570	Gyro	Pita Sandwiches (Delivery)	13.49	1	0
289074	i_480201560	Gyro Plate	Plates (Delivery)	22.49	1	0
289074	i_480201595	Mega Gyro	Pita Sandwiches (Delivery)	16.99	1	0
289074	i_480201573	Tzatziki Sauce Side	Extras (Delivery)	1.25	1	0
289074	i_480201594	Grilled Chicken Breast Skewer	Extras (Delivery)	4.79	1	0
289074	i_480201567	Regular Fries	Fries + Hummus (Delivery)	4.79	1	0
289074	i_480201589	Spicy Gyro	Pita Sandwiches (Delivery)	14.39	1	0
289074	i_480201598	Greek Chick	Pita Sandwiches (Delivery)	13.49	1	0
289074	i_480201596	Baklava	Desserts (Delivery)	4.79	1	0
289074	i_480201585	Cluck'n Caesar	Pita Sandwiches (Delivery)	13.49	1	0
289074	i_571317091	Spicy Mega	Pita Sandwiches (Delivery)	18.89	1	0
289074	i_480201587	Freaky Greek	Pita Sandwiches (Delivery)	21.89	1	0
289074	i_480201579	Spicy Veg	Pita Sandwiches (Delivery)	13.49	1	0
289074	i_480201569	Freaky Greek Plate	Plates (Delivery)	27.35	1	0
289074	i_480201582	Greek Salad	Salads (Delivery)	13.19	1	1
289074	i_480201562	Large Fries	Fries + Hummus (Delivery)	7.65	1	0
289074	i_480201564	Regular Wisco Fries	Fries + Hummus (Delivery)	5.99	1	0
289074	i_480201568	Large Wisco Fries	Fries + Hummus (Delivery)	9.55	1	0
289074	i_2031060565	Regular Greek Fries	Fries + Hummus (Delivery)	6.35	1	0
289074	i_480201563	Large Greek Fries	Fries + Hummus (Delivery)	10.59	1	0
289074	i_480201565	Pita Dippers	Fries + Hummus (Delivery)	5.89	1	0
289074	i_480201575	Greek Yogurt with Honey	Desserts (Delivery)	4.79	1	0
289074	i_25449663370	Puffs	Desserts (Delivery)	7.19	1	1
289074	i_480201590	Grilled Pita Bread	Extras (Delivery)	1.31	1	0
289074	i_480201588	Gyro Meat Side	Extras (Delivery)	4.79	1	0
289074	i_480201574	Hummus Side	Extras (Delivery)	2.05	1	0
289074	i_480201577	Cheddar Sauce Side	Extras (Delivery)	1.25	1	0
289074	i_480201578	Feta Cheese Side	Extras (Delivery)	1.25	1	0
289074	i_480201572	Spicy Giardiniera Peppers	Extras (Delivery)	1.25	1	0
289074	i_480201597	Honey	Extras (Delivery)	1.25	1	0
289074	i_35414604578	Nutella	Extras (Delivery)	1.25	1	0
289074	i_480201561	Klarbrunn Water 20oz Bottle	Drinks (Delivery)	3.35	1	0
289074	i_7728140286	Bubbl'r Twisted Elix'r Can	Drinks (Delivery)	4.79	1	0
289074	i_25198334276	Bubbl'r Triple Berry Breez'r Can	Drinks (Delivery)	4.79	1	0
289074	i_25198334277	Bucky's Cherry Berry Sparkling Water Can	Drinks (Delivery)	2.39	1	0
289074	i_480201586	Pepsi Zero Can	Drinks (Delivery)	2.39	1	0
289074	i_480201580	Mountain Dew Can	Drinks (Delivery)	2.39	1	0
289074	i_7471460778	Starry Can	Drinks (Delivery)	2.39	1	0
289074	i_480201592	Pepsi Can	Drinks (Delivery)	2.39	1	0
289082	i_7926402674	Tonkotsu Belly dd	Tonkotsu	17.95	1	0
289082	i_7889457534	Ajitsuke Tamago	Sides	1.95	1	0
289082	i_7926427920	Pork Gyoza dd	Sui Gyoza	8.95	1	0
289082	i_7926390319	Tonkotsu Loin dd	Tonkotsu	17.95	1	0
289082	i_7889455341	Kae Dama	Kae Dama	2.95	1	0
289082	i_7926400481	Tonkotsu Chashu dd	Tonkotsu	17.95	1	0
289082	i_7926436372	Hell Ramen Level 1 dd	Hell Ramen	18.95	1	0
289082	i_7926437631	Hell Ramen Level 2 dd	Hell Ramen	19.95	1	0
289082	i_7926405426	Miso Kuro Buta Loin dd	Miso	17.95	1	0
289082	i_7926383053	Chicken Gyoza dd	Sui Gyoza	8.95	1	0
289082	i_7926379994	Shrimp Gyoza dd	Sui Gyoza	8.95	1	0
289082	i_7926422910	Vegetable Gyoza dd	Sui Gyoza	8.95	1	0
289082	i_7926418666	Miso Spicy Crab dd	Miso	20.95	1	0
289082	i_7926388172	Miso Kuro Buta Belly dd	Miso	17.95	1	0
289082	i_7926386538	Miso Turkey dd	Miso	17.95	1	0
289082	i_7926386539	Miso Only Vegetable dd	Miso	16.95	1	0
289082	i_7926429095	Miso Chashu dd	Miso	17.95	1	0
289082	i_7926432893	Edamame dd	Appetizers	5.95	1	0
289082	i_7926422914	Spicy Menma dd	Appetizers	5.95	1	0
289082	i_7926421779	Lotus Root dd	Appetizers	5.95	1	0
289082	i_7926421780	Sriracha Broccoli dd	Appetizers	8.95	1	0
289082	i_7926386546	Yaki Soba - Kuro Buta dd	Yaki Soba	17.95	1	0
289082	i_7926421794	Yaki Soba - Turkey dd	Yaki Soba	17.95	1	0
289082	i_7926380004	Yaki Soba - Spicy Clam & Pork dd	Yaki Soba	17.95	1	0
289082	i_7926421795	Yaki Soba - Vegetable dd	Yaki Soba	16.95	1	0
289082	i_7926432911	Yaki Soba- Spicy Crab dd	Yaki Soba	20.95	1	0
289082	i_7926433321	Yaki Soba - Sausage dd	Yaki Soba	17.95	1	0
289082	i_7926402864	Kani Don (spicy crab) dd	Donburi	18.95	1	0
289082	i_7926424061	Spicy Scallops & Uni dd	Donburi	18.95	1	0
289082	i_7926431839	Ikura Don dd	Donburi	18.95	1	0
289082	i_7926416207	Belly Don dd	Donburi	17.95	1	0
289082	i_7926424467	Vegetable Don dd	Donburi	16.95	1	0
289082	i_7926435486	Chashu Don dd	Donburi	17.95	1	0
289082	i_7926435086	Kaisen Don dd	Donburi	21.95	1	0
289082	i_7926424466	Turkey Don dd	Donburi	16.95	1	0
289082	i_7926435876	Meat Lover dd	Donburi	19.95	1	0
289082	i_7926435282	Cat Rice dd	Donburi	17.95	1	0
289082	i_14957033242	Teriyaki Beef dd	Donburi	18.95	1	0
289082	i_14957030570	Teriyaki Chicken dd	Donburi	17.95	1	0
289082	i_7926434003	Turkey Chazuke dd	Chazuke	14.95	1	0
289082	i_7926439738	Kuro Buta Sausage Chazuke dd	Chazuke	14.95	1	0
289082	i_7926436169	Oshinko Chazuke dd	Chazuke	13.95	1	0
289082	i_7926440479	Tofu Chazuke dd	Chazuke	13.95	1	0
289082	i_7926436170	Shoyu Mikkusu Yasai dd	Shoyu Ramen	15.95	1	0
289082	i_7926437610	Shoyu Kuro Buta Belly dd	Shoyu Ramen	17.95	1	0
289082	i_7926436334	Shoyu Kuro Buta Loin dd	Shoyu Ramen	17.95	1	0
289082	i_7926439739	Shoyu Chashu dd	Shoyu Ramen	17.95	1	0
289082	i_7926385544	Tonkotsu Spicy Clam & Pork dd	Tonkotsu	17.95	1	0
289082	i_7926391549	Tonkotsu vegetable dd	Tonkotsu	16.95	1	0
289082	i_7926437632	Hell Ramen Level 3 dd	Hell Ramen	20.95	1	0
289082	i_7926436373	Hell Ramen Level 4 dd	Hell Ramen	21.95	1	0
289082	i_7889457535	Onsen Tamago	Sides	1.95	1	0
289082	i_7889457536	Side Turkey	Sides	5.95	1	0
289082	i_7889457537	Side Tofu	Sides	1.95	1	0
289082	i_7889457538	Side Kuro Buta Loin	Sides	6.95	1	0
289082	i_7889457539	Side Kuro Buta Belly	Sides	8.95	1	0
289082	i_7889457540	Side Spicy Clam & Pork	Sides	4.95	1	0
289082	i_7889457541	Oshinko Moriawase	Sides	4.95	1	0
289082	i_7889457542	Side Crab	Sides	5.95	1	0
289082	i_7889457543	Side Kani	Sides	5.95	1	0
289082	i_7889457544	Narutomaki	Sides	1.95	1	0
289082	i_7889457545	Side White Rice	Sides	1.95	1	0
289082	i_7889457546	Side L1 Sauce	Sides	1.95	1	0
289082	i_7889457547	Side L2 Sauce	Sides	1.95	1	0
289082	i_7889457548	Side L3 Sauce	Sides	1.95	1	0
289082	i_7889457549	Side L4 Sauce	Sides	1.95	1	0
289082	i_7889457550	Side Spicy Tuna	Sides	5.95	1	0
289082	i_7889457551	Side Spicy Scallops	Sides	5.95	1	0
289082	i_7889457552	Side Ikura	Sides	5.95	1	0
289082	i_7889457553	Side Menma	Sides	1.95	1	0
289082	i_7889457554	Toasted Garlic	Sides	2.95	1	0
289082	i_7889457555	French Onion	Sides	1.95	1	0
289082	i_7889457556	Crispy Pork Skins	Sides	1.95	1	0
289082	i_7889457557	Side Bean Sprouts	Sides	1.95	1	0
289082	i_7889457558	Side Woodear	Sides	1.95	1	0
289082	i_7889457559	Side Corn	Sides	1.95	1	0
289082	i_7889457560	Side Cabbage	Sides	1.95	1	0
289082	i_7889457561	Side Scallions	Sides	1.95	1	0
289082	i_7889457562	Side Broccoli	Sides	2.95	1	0
289082	i_7889457563	Side Pickled Radish	Sides	2.95	1	0
289082	i_7889457564	Side Pickled Ginger	Sides	2.95	1	0
289082	i_7889457565	Side Nori	Sides	1.95	1	0
289082	i_7889457566	Side Uni	Sides	6.95	1	0
289082	i_7889457567	Side sausage	Sides	3.95	1	0
289082	i_7889457568	Side Chashu	Sides	6.95	1	0
289082	i_7889455342	Half Kae Dama	Kae Dama	2.25	1	0
289082	i_7889455946	Green Tea Mochi Ice Cream	Dessert	4.95	1	0
289082	i_7889455947	Strawberry Mochi Ice Cream	Dessert	4.95	1	0
289082	i_7889455948	Red Bean Mochi Ice Cream	Dessert	4.95	1	0
289082	i_7889455949	Sasa Dango	Dessert	4.95	1	0
289082	i_7889455343	Coke	Drinks	2.95	1	0
289082	i_7889455344	Diet Coke	Drinks	2.95	1	0
289082	i_7889455345	Sprite	Drinks	2.95	1	0
289117	i_7482519191	Any 3 Rolls	Regular Sushi Roll (6 Pieces)	15.95	1	1
289117	i_7482519190	Any 2 Rolls	Regular Sushi Roll (6 Pieces)	11.75	1	1
289117	i_7482551837	3. Crab Rangoon (4 Pieces)	Appetizers	6.45	1	0
289117	i_7482551842	6. Gyoza (8 Pieces)	Appetizers	6.95	1	0
289117	i_7482537353	20. Miso Soup	Soups & Salads	2.45	1	0
289117	i_7482550757	Soda	Drink	1.95	1	1
289117	i_7482549829	Spicy Mayo	Sides	0.50	1	0
289117	i_7482551838	5. Edamame	Appetizers	6.95	1	0
289117	i_7482551899	67. Salmon	Sushi or Sashimi (2 Pieces)	5.45	1	1
289117	i_7482551840	2. Vegetable Spring Roll (2 Pieces)	Appetizers	2.95	1	0
289117	i_7482551839	8. Shrimp Tempura(App)	Appetizers	6.95	1	0
289117	i_7482551841	4. Age Tofu	Appetizers	6.45	1	0
289117	i_7482551844	9. Rock Shrimp	Appetizers	6.95	1	0
289117	i_7482551845	10. Fried Calamari	Appetizers	7.45	1	0
289117	i_7482551846	Steam Shrimp Shumai (8 Pieces)	Appetizers	6.45	1	0
289117	i_30939571654	Tokoyaki(5 Pieces)	Appetizers	6.45	1	0
289117	i_7482537352	23. Avocado Salad	Soups & Salads	5.95	1	0
289117	i_7482537354	21. House Salad	Soups & Salads	3.95	1	0
289117	i_7482537355	22. Seaweed Salad	Soups & Salads	5.95	1	0
289117	i_7482537356	24. Spicy Crab Meat Salad	Soups & Salads	5.95	1	0
289117	i_7482519192	30. Cucumber Roll	Regular Sushi Roll (6 Pieces)	4.95	1	0
289117	i_7482519193	31. Avocado Roll	Regular Sushi Roll (6 Pieces)	4.95	1	0
289117	i_7482519194	32. Oshinko Roll	Regular Sushi Roll (6 Pieces)	4.95	1	0
289117	i_7482519195	33. Avocado & Cucumber Roll	Regular Sushi Roll (6 Pieces)	4.95	1	0
289117	i_7482519196	34. Asparagus Roll	Regular Sushi Roll (6 Pieces)	4.95	1	0
289117	i_7482519197	35. Sweet Potato Tempura Roll	Regular Sushi Roll (6 Pieces)	5.45	1	0
289117	i_7482519198	36. Crab Meat Roll	Regular Sushi Roll (6 Pieces)	4.95	1	0
289117	i_7482519199	37. Crab Meat Tempura Roll	Regular Sushi Roll (6 Pieces)	5.95	1	0
289117	i_7482519200	38. Tuna Roll	Regular Sushi Roll (6 Pieces)	6.45	1	0
289117	i_7482519201	39. Salmon Roll	Regular Sushi Roll (6 Pieces)	5.95	1	0
289117	i_7482519202	40. Yellowtail Roll	Regular Sushi Roll (6 Pieces)	6.45	1	0
289117	i_7482519203	41. Eel Roll	Regular Sushi Roll (6 Pieces)	5.95	1	0
289117	i_7482519204	44. Boston Roll	Regular Sushi Roll (6 Pieces)	6.45	1	0
289117	i_7482519205	42. California Roll	Regular Sushi Roll (6 Pieces)	5.95	1	0
289117	i_7482519206	43. Alaska Roll	Regular Sushi Roll (6 Pieces)	6.45	1	0
289117	i_7482519207	45. Philadelphia Roll	Regular Sushi Roll (6 Pieces)	6.45	1	0
289117	i_7482519208	46. Spicy California Roll	Regular Sushi Roll (6 Pieces)	6.45	1	0
289117	i_7482519209	47. Spicy Crab Meat Roll	Regular Sushi Roll (6 Pieces)	5.95	1	0
289117	i_7482519210	48. Spicy Salmon Roll	Regular Sushi Roll (6 Pieces)	6.45	1	0
289117	i_7482519211	49. Spicy Tuna Roll	Regular Sushi Roll (6 Pieces)	5.95	1	0
289117	i_7482519212	50. Shrimp Tempura Roll	Regular Sushi Roll (6 Pieces)	6.45	1	0
289117	i_7482519213	51. Eel Avocado Roll	Regular Sushi Roll (6 Pieces)	6.45	1	0
289117	i_7482519214	52. Eel Cucumber Roll	Regular Sushi Roll (6 Pieces)	6.45	1	0
289117	i_7482519215	53. Salmon Avocado Roll	Regular Sushi Roll (6 Pieces)	6.45	1	0
289117	i_7482519216	54. Tuna Avocado Roll	Regular Sushi Roll (6 Pieces)	6.45	1	0
289117	i_7482551890	60. Crab Meat	Sushi or Sashimi (2 Pieces)	3.45	1	1
289117	i_7482551891	61. Inari (Tofu Skin)	Sushi or Sashimi (2 Pieces)	3.45	1	1
289117	i_7482551892	62. Shrimp	Sushi or Sashimi (2 Pieces)	5.45	1	1
289117	i_7482551893	63. Red Snapper	Sushi or Sashimi (2 Pieces)	5.45	1	1
289117	i_7482551894	72. Yellow-Tail	Sushi or Sashimi (2 Pieces)	5.95	1	1
289117	i_7482551895	73. Eel	Sushi or Sashimi (2 Pieces)	5.95	1	1
289117	i_7482551896	65. Masago (Fish Egg)	Sushi or Sashimi (2 Pieces)	5.45	1	1
289117	i_7482551897	66. Surf Clam	Sushi or Sashimi (2 Pieces)	5.45	1	1
289117	i_7482551898	68. Tuna	Sushi or Sashimi (2 Pieces)	5.45	1	1
289117	i_7482551900	69. White Tuna	Sushi or Sashimi (2 Pieces)	4.95	1	1
289117	i_7482551901	70. Pepper Tuna	Sushi or Sashimi (2 Pieces)	5.45	1	1
289117	i_7482551902	71. Octopus	Sushi or Sashimi (2 Pieces)	5.45	1	1
289117	i_25048801569	Tamago(Japanese omelette)	Sushi or Sashimi (2 Pieces)	3.95	1	1
289117	i_25053180152	Scallop	Sushi or Sashimi (2 Pieces)	5.95	1	1
289117	i_7482560283	SP1. Lake City Roll	Specialty Rolls (8 Pieces)	13.45	1	0
289117	i_7482560284	SP2. King Roll	Specialty Rolls (8 Pieces)	13.45	1	0
289117	i_7482560285	SP3. Spider Roll (6pcs)	Specialty Rolls (8 Pieces)	12.45	1	0
289117	i_7482560286	SP4. Dynamite Roll	Specialty Rolls (8 Pieces)	13.45	1	0
289117	i_7482560287	SP5. Dragon Roll	Specialty Rolls (8 Pieces)	13.45	1	0
289117	i_7482560288	SP6. Firecracker Roll	Specialty Rolls (8 Pieces)	13.45	1	0
289117	i_7482560289	SP7. Monster Roll	Specialty Rolls (8 Pieces)	13.45	1	0
289117	i_7482560290	SP8. Mango Lover Roll	Specialty Rolls (8 Pieces)	13.45	1	0
289117	i_7482560291	SP9. Royal Roll	Specialty Rolls (8 Pieces)	14.45	1	0
289117	i_7482560292	SP10. Rainbow Roll	Specialty Rolls (8 Pieces)	13.45	1	0
289117	i_7482560293	SP12. Hot Girl Roll	Specialty Rolls (8 Pieces)	13.45	1	0
289117	i_7482560294	SP11. Bamboo Roll	Specialty Rolls (8 Pieces)	13.45	1	0
289117	i_7482560295	SP14. Out of Control Roll	Specialty Rolls (8 Pieces)	13.95	1	0
289117	i_7482560296	SP13. Snow Stone Roll	Specialty Rolls (8 Pieces)	13.95	1	0
289117	i_7482560297	SP15. Volcano Roll	Specialty Rolls (8 Pieces)	13.95	1	0
289117	i_7482560298	SP16. Golden Age Roll（10pc)	Specialty Rolls (8 Pieces)	14.99	1	0
289117	i_7482540430	80. Sushi Regular	Sushi Entrée	17.95	1	0
289117	i_7482540431	81. Sushi Deluxe	Sushi Entrée	19.95	1	0
289117	i_7482540432	82. Sashimi Regular	Sushi Entrée	19.95	1	0
289117	i_7482540433	83. Sashimi Deluxe	Sushi Entrée	22.95	1	0
289117	i_7482540434	84. Sushi & Sashimi Combo	Sushi Entrée	29.95	1	0
289117	i_7482540435	85. Love Boat	Sushi Entrée	42.95	1	0
289117	i_7482540436	86. Party Platter	Sushi Entrée	58.95	1	0
289117	i_7482550007	132. Eel Over Rice	Donburi	16.95	1	0
289117	i_7482550008	134. Salmon (Raw) Over Rice	Donburi	16.95	1	0
289117	i_7482549828	White Rice	Sides	2.25	1	0
289117	i_7482549830	Eel Sauce	Sides	0.50	1	0
289117	i_7482549831	Sushi Rice	Sides	2.50	1	0
289117	i_7482549832	Ginger Dressing	Sides	0.50	1	0
289117	i_7482549833	Yum Yum Sauce	Sides	0.50	1	0
289117	i_7482551847	152. Fried Oreo 6pcs	Dessert	3.95	1	0
289117	i_7482551848	153. Fried Cheese Cake	Dessert	5.95	1	0
289117	i_7482550758	Bottle Water	Drink	1.95	1	0
289117	i_29335463129	Game Day Special	Game Day Special	52.00	1	1
289134	i_37207508157	2. Garlic Nan	Tandoor Clay Oven Baked Breads	4.95	0	0
289134	i_37207526989	6. Chicken Tikka Masala	Chicken Curries	17.95	0	0
289134	i_37207454418	1. Samosa	Tempting Vegetarian Appetizers	7.95	0	0
289134	i_37207526990	7. Chicken Makhaní / Butter Chicken	Chicken Curries	17.95	0	0
289134	i_37207508158	3. Cheese Nan	Tandoor Clay Oven Baked Breads	4.95	0	0
289134	i_37207508156	1. Nan	Tandoor Clay Oven Baked Breads	3.95	0	0
289134	i_37207492604	19. Shahi Paneer	Vegetarian	16.95	0	0
289134	i_37207454439	Mango Lassí	Beverages	3.95	0	0
289134	i_37207492590	5. Sag Paneer	Vegetarian	16.95	0	0
289134	i_37207487351	1. Chicken Biryani	Rice Specialties	18.95	0	0
289134	i_37207454419	2. Samosa Chat	Tempting Vegetarian Appetizers	9.95	0	0
289134	i_37207454420	3. Aloo Tikki	Tempting Vegetarian Appetizers	7.95	0	0
289134	i_37207454421	4. Aloo Tikki Chat	Tempting Vegetarian Appetizers	9.95	0	0
289134	i_37207454422	5. Vegetable Pakora	Tempting Vegetarian Appetizers	7.95	0	0
289134	i_37207454424	7. Cheese Pakora	Tempting Vegetarian Appetizers	9.95	0	0
289134	i_37207454425	8. Mixed Vegetarian Platter	Tempting Vegetarian Appetizers	11.95	0	0
289134	i_37207454426	9. Papadam	Tempting Vegetarian Appetizers	3.95	0	0
289134	i_37207498586	1. Chicken Pakora	Tempting Non-Vegetarian Appetizers	9.95	0	0
289134	i_37207498587	2. Chicken 65	Tempting Non-Vegetarian Appetizers	9.95	0	0
289134	i_37207498588	3. Fish Pakora	Tempting Non-Vegetarian Appetizers	11.95	0	0
289134	i_37207498589	4. Shrimp Pakora	Tempting Non-Vegetarian Appetizers	11.95	0	0
289134	i_37207498590	5. Non-Vegetarian Platter	Tempting Non-Vegetarian Appetizers	12.95	0	0
289134	i_37207498591	6. Chicken Mo-Mo	Tempting Non-Vegetarian Appetizers	12.95	0	1
289134	i_37207504633	1. Lentil Soup	Soups	4.95	0	0
289134	i_37207504634	2. Coconut Soup	Soups	4.95	0	0
289134	i_37207504635	3. Rasam Soup	Soups	4.95	0	0
289134	i_37207504636	4. Tomato Soup	Soups	4.95	0	0
289134	i_37207508159	4. Stuffed Nan	Tandoor Clay Oven Baked Breads	4.95	0	0
289134	i_37207508160	5. Sesame Nan	Tandoor Clay Oven Baked Breads	4.95	0	0
289134	i_37207508161	6. Rotí	Tandoor Clay Oven Baked Breads	3.95	0	0
289134	i_37207508162	7. Ginger Nan	Tandoor Clay Oven Baked Breads	4.95	0	0
289134	i_37207508163	8. Chicken Nan	Tandoor Clay Oven Baked Breads	5.95	0	0
289134	i_37207508164	9. Keema Nan	Tandoor Clay Oven Baked Breads	6.95	0	0
289134	i_37207508165	10. Onion Nan	Tandoor Clay Oven Baked Breads	4.95	0	0
289134	i_37207508166	11. Peshawari Nan	Tandoor Clay Oven Baked Breads	4.95	0	0
289134	i_37207508167	12. Combo Basket	Tandoor Clay Oven Baked Breads	11.95	0	0
289134	i_37207508168	13. Swad's Special Nan	Tandoor Clay Oven Baked Breads	6.95	0	0
289134	i_37207508169	14. Plain Paratha	Tandoor Clay Oven Baked Breads	5.95	0	0
289134	i_37207508170	15. Aloo Paratha	Tandoor Clay Oven Baked Breads	5.95	0	0
289134	i_37207508171	16. Chapati	Tandoor Clay Oven Baked Breads	3.95	0	0
289134	i_37207487342	1. Tandoori Chicken	Swad Tandoori Specialties	18.95	0	0
289134	i_37207487343	2. Chicken Tikka	Swad Tandoori Specialties	18.95	0	0
289134	i_37207487344	3. Lamb Seekh Kabab	Swad Tandoori Specialties	22.95	0	0
289134	i_37207487345	4. Salmon Tandoorí	Swad Tandoori Specialties	22.95	0	0
289134	i_37207487346	5. Shrimp Tandoorí	Swad Tandoori Specialties	22.95	0	0
289134	i_37207487347	6. Malaí Chicken	Swad Tandoori Specialties	18.95	0	0
289134	i_37207487348	7. Tandoori Mixed Grill	Swad Tandoori Specialties	28.95	0	0
289134	i_37207487349	8. Paneer Tikka	Swad Tandoori Specialties	18.95	0	0
289134	i_37207487350	9. Masala Grilled Fish	Swad Tandoori Specialties	20.95	0	0
289134	i_37207524045	Vegetarian Dinner for Two	Combination Dinners	49.95	0	1
289134	i_37207524046	Non-Vegetarian Dinner for Two	Combination Dinners	59.95	0	1
289134	i_37207524047	Seafood Dinner for Two	Combination Dinners	64.95	0	1
289134	i_37207492586	1. Aloo Gobhi	Vegetarian	16.95	0	0
289134	i_37207492587	2. Navratan Korma	Vegetarian	16.95	0	0
289134	i_37207492588	3. Malai Kofta	Vegetarian	16.95	0	0
289134	i_37207492589	4. Baingan Bhartha	Vegetarian	16.95	0	0
289134	i_37207492591	6. Mutter Paneer	Vegetarian	16.95	0	0
289134	i_37207492592	7. Palak Mushroom	Vegetarian	16.95	0	0
289134	i_37207492593	8. Kadaí Paneer	Vegetarian	16.95	0	0
289134	i_37207492594	9. Chana Masala	Vegetarian	16.95	0	0
289134	i_37207492595	10. Mutter Mushroom	Vegetarian	16.95	0	0
289134	i_37207492596	11. Palak Chole	Vegetarian	16.95	0	0
289134	i_37207492597	12. Dal Tarka	Vegetarian	16.95	0	0
289134	i_37207492598	13. Aloo Chole	Vegetarian	16.95	0	0
289134	i_37207492599	14. Palak Aloo	Vegetarian	16.95	0	0
289134	i_37207492600	15. Bhindi Masala	Vegetarian	16.95	0	0
289134	i_37207492601	16. Vegetable Mixed Curry	Vegetarian	16.95	0	0
289134	i_37207492602	17. Vegetable Mango	Vegetarian	16.95	0	0
289134	i_37207492603	18. Dal Makhaní	Vegetarian	16.95	0	0
289134	i_37207492605	20. Paneer Bhurji	Vegetarian	16.95	0	0
289134	i_37207492606	21. Aloo Mutter	Vegetarian	16.95	0	0
289134	i_37207492607	22. Paneer Makhaní	Vegetarian	16.95	0	0
289134	i_37207492608	23. Rajmah	Vegetarian	16.95	0	0
289134	i_37207526984	1. Chicken Curry	Chicken Curries	17.95	0	0
289134	i_37207526985	2. Chicken Kadaí	Chicken Curries	17.95	0	0
289134	i_37207526986	3. Chicken Shahí Korma	Chicken Curries	17.95	0	0
289134	i_37207526987	4. Chicken Mango	Chicken Curries	17.95	0	0
289134	i_37207526988	5. Chicken Sag	Chicken Curries	17.95	0	0
289134	i_37207526991	8. Chicken Mughlaí	Chicken Curries	17.95	0	0
289134	i_37207526992	9. Chicken Tikka Sag	Chicken Curries	17.95	0	0
289134	i_37207526993	10. Chicken Shah Jahaní	Chicken Curries	17.95	0	0
289134	i_37207526994	11. Chicken Vindaloo Curry	Chicken Curries	17.95	0	0
289134	i_37207526995	12. Chicken Mushroom	Chicken Curries	17.95	0	0
289134	i_37207526996	13. Chicken Rogan Josh	Chicken Curries	17.95	0	0
289134	i_37207526997	14. Chicken Pasanda	Chicken Curries	17.95	0	0
289134	i_37207454427	1. Lamb Curry	Lamb Curries	18.95	0	0
289134	i_37207454428	2. Lamb Vindaloo Curry	Lamb Curries	18.95	0	0
289134	i_37207454429	3. Lamb Shahí Korma	Lamb Curries	18.95	0	0
289134	i_37207454430	4. Lamb Mushroom	Lamb Curries	18.95	0	0
289134	i_37207454431	5. Lamb Mughlai	Lamb Curries	18.95	0	0
289134	i_37207454432	6. Lamb Pasanda	Lamb Curries	18.95	0	0
289134	i_37207454433	7. Lamb Mango	Lamb Curries	18.95	0	0
289134	i_37207454434	8. Lamb Rogan Josh	Lamb Curries	18.95	0	0
289134	i_37207454435	9. Lamb Achari	Lamb Curries	18.95	0	0
289134	i_37207454436	10. Lamb Jalfrazie	Lamb Curries	18.95	0	0
289134	i_37207454437	11. Lamb Sag	Lamb Curries	18.95	0	0
289134	i_37207454438	12. Lamb Masala	Lamb Curries	18.95	0	0
289134	i_37207498592	1. Beef Curry	Beef Curries	17.95	0	0
289134	i_37207498593	2. Beef Mango	Beef Curries	17.95	0	0
289134	i_37207498594	3. Beef Shahí Korma	Beef Curries	17.95	0	0
289134	i_37207498595	4. Beef Sag	Beef Curries	17.95	0	0
289134	i_37207498596	5. Beef Mushroom	Beef Curries	17.95	0	0
289134	i_37207498597	6. Beef Vindaloo	Beef Curries	17.95	0	0
289134	i_37207498598	7. Beef Jalfrazie	Beef Curries	17.95	0	0
289134	i_37207498599	8. Beef Masala	Beef Curries	17.95	0	0
289134	i_37207504637	1. Goat Curry	Goat Curries	19.95	0	0
289134	i_37207504638	2. Goat Malabar	Goat Curries	19.95	0	0
289134	i_37207504639	3. Goat Rogan Josh	Goat Curries	19.95	0	0
289134	i_37207508172	1. Fish Curry	Sea Food Curries	19.95	0	0
289134	i_37207508173	2. Fish Moly	Sea Food Curries	19.95	0	0
289134	i_37207508174	3. Fish Masala	Sea Food Curries	19.95	0	0
289134	i_37207508175	4. Fish Vindaloo	Sea Food Curries	19.95	0	0
289134	i_37207508176	5. Shrimp Masala	Sea Food Curries	19.95	0	0
289134	i_37207508177	6. Shrimp Curry	Sea Food Curries	19.95	0	0
289134	i_37207508178	7. Shrimp Vindaloo	Sea Food Curries	19.95	0	0
289134	i_37207508179	8. Shrimp Jalfrazie	Sea Food Curries	19.95	0	0
289134	i_37207508180	9. Shrimp Sag	Sea Food Curries	19.95	0	0
289134	i_37207487352	2. Lamb Biryani	Rice Specialties	19.95	0	0
289134	i_37207487353	3. Vegetable Biryani	Rice Specialties	17.95	0	0
289134	i_37207487354	4. Shrimp Biryani	Rice Specialties	19.95	0	0
289134	i_37207487355	5. Goat Biryani	Rice Specialties	19.95	0	0
289134	i_37207487356	6. Beef Biryani	Rice Specialties	18.95	0	0
289134	i_37207487357	7. Swad's Special Biryani	Rice Specialties	20.95	0	0
289134	i_37207487358	8. Egg Biryani	Rice Specialties	17.95	0	0
289134	i_37207487359	9. Tamarind Rice	Rice Specialties	11.95	0	0
289134	i_37207487360	10. Lemon Ríce	Rice Specialties	11.95	0	0
289134	i_37207487361	11. Coconut Rice	Rice Specialties	11.95	0	0
289134	i_37207487362	12. Plain Pullao Rice	Rice Specialties	11.95	0	0
289134	i_37207487363	13. Plain Basmati Rice	Rice Specialties	7.95	0	0
289134	i_37207524048	1. Gobhí Manchurian	Swad Special Dishes	16.95	0	0
289134	i_37207524049	2. Broccoli Manchurian	Swad Special Dishes	16.95	0	0
289134	i_37207524050	3. Chicken Madras	Swad Special Dishes	17.95	0	0
289134	i_37207524051	4. Lamb Madras	Swad Special Dishes	18.95	0	0
289134	i_37207524052	5. Chili Chicken	Swad Special Dishes	17.95	0	0
289134	i_37207524053	6. Sesame Chicken	Swad Special Dishes	17.95	0	0
289134	i_37207524054	7. Chicken Chettinad	Swad Special Dishes	17.95	0	0
289134	i_37207492609	Mango Chutney	Side Orders	3.95	0	0
289134	i_37207492610	Mixed Indian Pickle	Side Orders	3.95	0	0
289134	i_37207492611	Plain Yogurt	Side Orders	3.95	0	0
289134	i_37207492612	Raita	Side Orders	3.95	0	0
289134	i_37207526998	Kheer	Desserts	4.95	0	0
289134	i_37207526999	Mango Ice Cream	Desserts	4.95	0	0
289134	i_37207527000	Gulab Jamun	Desserts	4.95	0	0
289134	i_37207527001	Kulfí	Desserts	4.95	0	0
289134	i_37207527002	Rasmalai	Desserts	4.95	0	0
289134	i_37207454440	Strawberry Lassí	Beverages	3.95	0	0
289134	i_37207454441	Tea	Beverages	3.95	0	1
289134	i_37207454442	Coffee	Beverages	3.95	0	0
289134	i_37207454443	Soda	Beverages	3.95	0	1
289146	i_438756918	Classic Burrito	Griddled Burritos	13.50	1	1
289146	i_438756905	Mexican Street Corn	Snacks and Sides	6.00	1	0
289146	i_438756901	Guacamole & Chips	Snacks and Sides	8.00	1	0
289146	i_438756917	Duritos	Snacks and Sides	1.00	1	0
289146	i_438756921	Churros	Dessert	5.00	1	0
289146	i_438756909	Queso Dip & Chips	Snacks and Sides	8.00	1	0
289146	i_438756897	Carne Fresco Taco	Tacos by the Twos	11.00	1	1
289146	i_438756922	Pork Belly Taco	Tacos by the Twos	10.00	1	1
289146	i_11812103469	Cali Burrito	Griddled Burritos	15.50	1	1
289146	i_438756919	Carnitas Taco	Tacos by the Twos	10.00	1	1
289146	i_438756920	Baja Burrito	Griddled Burritos	13.50	1	1
289146	i_865384061	Flan	Dessert	5.00	1	0
289146	i_438756877	Jarritos	Drinks	5.00	1	1
289146	i_438756886	Mexican Coke	Drinks	5.00	1	0
289146	i_438756887	Agua Fresca	Drinks	5.00	1	0
289146	i_438756882	Creamy Horchata	Drinks	5.00	1	0
289146	i_438756888	Topo Chico	Drinks	5.00	1	0
289146	i_11815952703	Cold Brew Coffee	Drinks	4.00	1	0
289146	i_11815957098	Media Noche	Drinks	5.00	1	0
289146	i_438756879	Enchiladas	Mas	14.00	1	0
289146	i_438756891	Nachos	Mas	14.00	1	0
289146	i_438756889	Chopped Taco Salad	Mas	13.00	1	0
289146	i_438756914	Refried Black Beans	Snacks and Sides	3.50	1	0
289146	i_438756915	Escabeche	Snacks and Sides	3.50	1	0
289146	i_438756890	Tres Salsas & Chips	Snacks and Sides	5.00	1	0
289146	i_11815789614	Mexican Rice	Snacks and Sides	3.50	1	0
289146	i_44495877009	Sopes	Snacks and Sides	7.00	1	1
289146	i_438756902	Mango Habanero Salsa	Extra Sides and Sauces	0.75	1	1
289146	i_438756910	Salsa Ranchera	Extra Sides and Sauces	0.75	1	1
289146	i_438756911	Salsa Arbol	Extra Sides and Sauces	0.75	1	1
289146	i_438756916	Salsa Verde	Extra Sides and Sauces	0.75	1	1
289146	i_438756923	Crema	Extra Sides and Sauces	0.75	1	1
289146	i_438756885	D.I.Y. Taco 12 Pack [Feeds 4-5]	Family D.I.Y. Meal Kits	50.00	1	1
289146	i_6010514338	D.I.Y. Nacho Kit [Feeds 4-5]	Family D.I.Y. Meal Kits	40.00	1	1
289146	i_438756903	Picadillo Ground Beef Taco	Tacos by the Twos	10.00	1	1
289146	i_438756908	Chicken Pastor Taco	Tacos by the Twos	10.00	1	1
289146	i_438756904	Fish Taco	Tacos by the Twos	10.00	1	1
289146	i_438756912	Chile Roasted Cauliflower Taco	Tacos by the Twos	9.00	1	1
289146	i_438756924	Crispy Brussels Sprout Taco	Tacos by the Twos	9.00	1	1
289146	i_865381742	Shrimp Diablo Taco	Tacos by the Twos	10.00	1	1
289146	i_11814933277	Papas Fritas Taco	Tacos by the Twos	9.00	1	1
289146	i_44495876988	Beef Birria Tacos	Tacos by the Twos	11.00	1	0
289152	i_2552684004	Margherita	Pizza Rossa	12.50	1	0
289152	i_2552684014	Roni Cups	Pizza Rossa	18.00	1	0
289152	i_2552684051	Nutella Focaccia	Dessert	11.75	1	0
289152	i_2552683982	Cheesy Garlic Bread	Starters & Salad	13.25	1	0
289152	i_2552684017	Salumetto	Pizza Rossa	19.00	1	0
289152	i_2552683996	Americano	Pizza Rossa	18.00	1	0
289152	i_2552684030	Formaggi	Build Your Own	12.50	1	0
289152	i_2552683989	Side Caesar Salad	Starters & Salad	7.75	1	0
289152	i_2552684012	Quattro Formaggi	Pizza Rossa	17.00	1	0
289152	i_2552683981	Artichoke dip	Starters & Salad	12.00	1	0
289152	i_2552683983	Whole Focaccia	Starters & Salad	6.00	1	0
289152	i_2552683984	Caprese Salad (Seasonal)	Starters & Salad	16.75	1	0
289152	i_2552683985	Side Greek Salad	Starters & Salad	7.75	1	0
289152	i_2552683986	Entrée Greek Salad	Starters & Salad	13.25	1	0
289152	i_2552683987	Side Beet Salad	Starters & Salad	8.50	1	0
289152	i_2552683988	Entrée Beet Salad	Starters & Salad	14.50	1	0
289152	i_2552683990	Entrée Caesar Salad	Starters & Salad	13.25	1	0
289152	i_2552683991	Side Gorgonzola Salad	Starters & Salad	7.75	1	0
289152	i_2552683992	Entrée Gorgonzola Salad	Starters & Salad	13.25	1	0
289152	i_2552683993	Side Mixed Green Salad	Starters & Salad	6.00	1	0
289152	i_2552683994	Entrée Mixed Green Salad	Starters & Salad	9.50	1	0
289152	i_43195079877	Side Brutta Salad	Starters & Salad	9.00	1	0
289152	i_43195079878	Entrée Brutta Salad	Starters & Salad	13.25	1	0
289152	i_2552683997	Bambini	Pizza Rossa	10.00	1	0
289152	i_2552683999	Carbonara	Pizza Rossa	18.25	1	0
289152	i_2552684000	Diavola	Pizza Rossa	17.75	1	0
289152	i_2552684002	Formaggi con Bufala	Pizza Rossa	18.00	1	0
289152	i_2552684003	Greco	Pizza Rossa	18.00	1	0
289152	i_2552684005	Margherita con Bufala	Pizza Rossa	18.00	1	0
289152	i_2552684006	Marinara	Pizza Rossa	12.00	1	0
289152	i_2552684007	Maui Wowie	Pizza Rossa	18.50	1	0
289152	i_2552684008	Miele	Pizza Rossa	18.75	1	0
289152	i_2552684009	Nostrano	Pizza Rossa	17.25	1	0
289152	i_2552684010	Olivetto	Pizza Rossa	17.75	1	0
289152	i_2552684011	Puttanesca	Pizza Rossa	17.75	1	0
289152	i_2552684015	Rossoverde	Pizza Rossa	17.75	1	0
289152	i_2552684016	Salame Funghi	Pizza Rossa	19.00	1	0
289152	i_42815933307	Capricciosa	Pizza Rossa	18.00	1	0
289152	i_42815933308	Lombardo	Pizza Rossa	18.00	1	0
289152	i_2552684020	Bianca	Pizza Bianca	12.50	1	0
289152	i_2552684021	Prosciutto Arugula	Pizza Bianca	18.50	1	0
289152	i_2552684022	Cremini	Pizza Bianca	18.50	1	0
289152	i_2552684023	Pesto	Pizza Bianca	18.50	1	0
289152	i_2552684025	Caprino	Pizza Bianca	18.00	1	0
289152	i_2552684026	Market Bianca	Pizza Bianca	17.00	1	0
289152	i_42822624379	Bianca con Bufala	Pizza Bianca	18.00	1	0
289152	i_44542288313	Bufalina	Pizza Bianca	19.25	1	0
289152	i_2552684032	Fountain soda	Na Beverage	3.75	1	0
289152	i_2552684033	San Pellegrino, Can	Na Beverage	4.25	1	1
289152	i_2552684036	Mexican Coke	Na Beverage	6.00	1	0
289152	i_2552684038	Acqua Panna, Bottled Water	Na Beverage	4.50	1	0
289152	i_2552684039	Lowfat Milk, Organic Valley	Na Beverage	3.75	1	0
289152	i_2552684041	Iced Tea	Na Beverage	3.00	1	0
289152	i_2552684042	Dough Ball	Sides And More	3.50	1	0
289152	i_2552684043	Side Tomato Sauce	Sides And More	0.75	1	0
289152	i_2552684044	Side Parmesan Cheese	Sides And More	0.75	1	0
289152	i_2552684045	Side Red Pepper Flakes	Sides And More	0.00	1	0
289152	i_2552684046	Side Salad Dressing	Sides And More	0.75	1	1
289152	i_2552684049	Plastic Utensils	Sides And More	0.25	1	0
289152	i_2552684053	Caprese Sandwich	Sandwiches	12.00	1	0
289152	i_2552684054	Mozza Sandwich	Sandwiches	14.50	1	0
289152	i_2552684056	Tonno Sandwich	Sandwiches	13.25	1	0
289152	i_2552684057	Italiano Sandwich	Sandwiches	15.50	1	0
289154	i_9725887493	Pad Thai	Stir Fry Entrees	13.49	0	1
289154	i_9725887492	Pad See Ew	Stir Fry Entrees	13.49	0	1
289154	i_9724751694	Spring Rolls (4 pcs)	Appetizers	6.49	0	0
289154	i_9725897280	Panang	Coconut Curry & Noodle Soup	13.49	0	1
289154	i_9724829094	Fresh Roll (8 pcs)	Appetizers	8.49	0	0
289154	i_41326311393	Thai Tea	Beverages	4.50	0	0
289154	i_9725897279	Red	Coconut Curry & Noodle Soup	13.49	0	1
289154	i_9724829095	Cigar Rolls (4 pcs)	Appetizers	6.49	0	0
289154	i_9725887494	Spicy Eggplant	Stir Fry Entrees	13.49	0	1
289154	i_24790172122	Kao Pad (Fried Rice)	Stir Fry Entrees	13.49	0	1
289154	i_9724829093	Pork Dumplings (5 pcs)	Appetizers	8.49	0	0
289154	i_9724829092	Sun Dried Beef	Appetizers	9.49	0	0
289154	i_9724829091	Tofu Soup	Appetizers	7.49	0	0
289154	i_9725887499	Pad Cashew Nut	Stir Fry Entrees	13.49	0	1
289154	i_9725887498	Pad Garlic	Stir Fry Entrees	13.49	0	1
289154	i_9725887497	Pad Pik Sod	Stir Fry Entrees	13.49	0	1
289154	i_9725887496	Pad Pik Pow	Stir Fry Entrees	13.49	0	1
289154	i_9725887495	Kapow	Stir Fry Entrees	13.49	0	1
289154	i_9725897278	Green	Coconut Curry & Noodle Soup	13.49	0	1
289154	i_9725897277	Chicken Noodle Soup	Coconut Curry & Noodle Soup	13.49	0	1
289182	i_24055997845	BYO Hand Tossed	Hand Tossed Pizza	10.35	0	1
289182	i_24056060292	BYO Stuffed	Chicago Stuffed Pizza	14.95	0	1
289182	i_24056060293	The Extreme Stuffed	Chicago Stuffed Pizza	20.70	0	1
289182	i_24056025038	Garlic Cheese Bread	Starters	6.84	0	0
289182	i_24055997844	5 Meat Pizza	Hand Tossed Pizza	14.95	0	1
289182	i_24056039126	Chocolate Chip Cookie	Desserts	2.88	0	0
289182	i_24055997836	The Extreme	Hand Tossed Pizza	14.95	0	1
289182	i_24056042957	6 Extreme Wings	Wings and Chicken	9.20	0	0
289182	i_24056060296	5 Meat Stuffed	Chicago Stuffed Pizza	20.70	0	1
289182	i_24056025048	Half Lb Potato Wedges	Starters	4.89	0	0
289182	i_24055997838	Take and Bake Thin Pizza	Hand Tossed Pizza	12.65	0	1
289182	i_24055997828	Bucky Melt Pizza	Hand Tossed Pizza	14.95	0	1
289182	i_24055997837	Veggie Version Pizza	Hand Tossed Pizza	14.95	0	1
289182	i_24055997827	Bacon DBL Cheese Burger	Hand Tossed Pizza	14.95	0	1
289182	i_24055997829	Fire Alarm Pizza	Hand Tossed Pizza	14.95	0	1
289182	i_24055997830	5 Cheese Pizza	Hand Tossed Pizza	14.95	0	1
289182	i_24055997834	Olympic Garden Pizza	Hand Tossed Pizza	14.95	0	1
289182	i_24055997832	Hawaii 5 OH Pizza	Hand Tossed Pizza	14.95	0	1
289182	i_24055997831	Fresh From The Farm Pizza	Hand Tossed Pizza	14.95	0	1
289182	i_24055997833	KC BBQ Master Pizza	Hand Tossed Pizza	14.95	0	1
289182	i_24055997835	Spinach and Pesto Pizza	Hand Tossed Pizza	14.95	0	1
289182	i_24055997839	Taco Pizza	Hand Tossed Pizza	14.95	0	1
289182	i_24055997840	Chicken Bacon Ranch	Hand Tossed Pizza	14.95	0	1
289182	i_24055997842	Buffalo Chicken	Hand Tossed Pizza	14.95	0	1
289182	i_24055997841	Gyro Pizza	Hand Tossed Pizza	14.95	0	1
289182	i_24055997843	Holy Macaroni Pizza	Hand Tossed Pizza	14.95	0	1
289182	i_24056060294	Chicago HalfBaked Stuffed	Chicago Stuffed Pizza	14.95	0	1
289182	i_24056060295	Bucky Melt Stuffed	Chicago Stuffed Pizza	20.70	0	1
289182	i_24056060297	Veggie Version Stuffed	Chicago Stuffed Pizza	20.70	0	1
289182	i_24056060298	Bacon DBL Stuffed	Chicago Stuffed Pizza	20.70	0	1
289182	i_24056060299	Fire Alarm Stuffed	Chicago Stuffed Pizza	20.70	0	1
289182	i_24056060300	5 Cheese Stuffed	Chicago Stuffed Pizza	20.70	0	1
289182	i_24056060301	Olympic Garden Stuffed	Chicago Stuffed Pizza	20.70	0	1
289182	i_24056060302	Hawaiian Stuffed	Chicago Stuffed Pizza	20.70	0	1
289182	i_24056060303	Fresh From Farm Stuffed	Chicago Stuffed Pizza	20.70	0	1
289182	i_24056060304	Spinach and Pesto Stuffed	Chicago Stuffed Pizza	20.70	0	1
289182	i_24056025037	Garlic Bread	Starters	5.46	0	0
289182	i_24056025039	Garlic Spinach Chz Bread	Starters	6.84	0	0
289182	i_24056025040	Spicy Cheese Bread	Starters	5.98	0	1
289182	i_24056025041	4 Garlic Breadstix	Starters	4.89	0	0
289182	i_24056025042	6 Garlic Breadstix	Starters	6.61	0	0
289182	i_24056025043	Cheesy Garlic Stix	Starters	16.04	0	1
289182	i_24056025044	Roni Stix	Starters	17.19	0	1
289182	i_24056025050	Mozzarella Stix	Starters	10.29	0	0
289182	i_24056025045	Jalapeno Poppers	Starters	10.29	0	0
289182	i_24056025046	Half Lb Fries	Starters	4.89	0	0
289182	i_24056025047	1 Lb Fries	Starters	7.48	0	0
289182	i_24056025049	1 Lb Potato Wedges	Starters	7.48	0	0
289182	i_24056042959	12 Extreme Wings	Wings and Chicken	17.25	0	0
289182	i_24056042961	18 Extreme Wings	Wings and Chicken	25.30	0	0
289182	i_24056042960	24 Extreme Wings	Wings and Chicken	32.20	0	0
289182	i_24056042963	40 Extreme Wings	Wings and Chicken	46.00	0	0
289182	i_24056042958	8 Breaded Dippers	Wings and Chicken	16.10	0	0
289182	i_24056042962	16 Breaded Dippers	Wings and Chicken	28.75	0	0
289182	i_24056042964	24 Wings Special	Wings and Chicken	40.24	0	0
289182	i_24056042956	Southern Chicken Tenders	Wings and Chicken	14.89	0	0
289182	i_32292984826	Might Meatball	Oven baked Sandwiches	13.68	0	1
289182	i_32292984827	Chicago Italian Beef	Oven baked Sandwiches	13.68	0	1
289182	i_32292984828	Roman Emperor	Oven baked Sandwiches	13.68	0	1
289182	i_32292984829	Capital Club Melt	Oven baked Sandwiches	13.68	0	1
289182	i_32292984830	Veggie Boat	Oven baked Sandwiches	13.68	0	1
289182	i_32292984831	Deli Extreme	Oven baked Sandwiches	13.68	0	1
289182	i_41466985888	Chicken Parmesan	Oven baked Sandwiches	13.68	0	0
289182	i_24056039551	Lamb and Beef Gyros	Athens Gyros	13.74	0	0
289182	i_24056039550	Chicken Gyro Souvlaki	Athens Gyros	13.74	0	0
289182	i_24056039552	Vegetarian Gyro	Athens Gyros	12.36	0	0
289182	i_24056039553	Gyros Plate	Athens Gyros	17.19	0	1
289182	i_24056039559	Extra Tzatziki	Athens Gyros	1.15	0	0
289182	i_24056039558	Extra Pita	Athens Gyros	2.30	0	0
289182	i_24056060305	Greek Salad	Salads	14.89	0	0
289182	i_24056060306	Chef Salad	Salads	14.89	0	0
289182	i_24056060307	House Salad	Salads	7.19	0	0
289182	i_24056042727	Dr Pepper Can	Beverages	2.30	0	0
289182	i_24056042732	RC Cola Can	Beverages	2.30	0	0
289182	i_24056042725	7 Up	Beverages	2.30	0	0
289182	i_24056042731	Bottled Water	Beverages	2.30	0	0
289182	i_24056042733	2 Lt RC Cola	Beverages	4.60	0	0
289182	i_24056042729	2 Lt AW Root Beer	Beverages	4.60	0	0
289182	i_24056039125	1 Pint Shoppe Ice Cream	Desserts	8.05	0	1
294393	i_4159585432	Personal Hand-Cut Fries	Fries & Sides	4.58	1	0
294393	i_4159588795	Little MOO Shake	Shakes & Cookies	6.19	1	1
294393	i_4771175511	The MDC	Our Favorites	11.77	1	1
294393	i_9723648046	Classic Combo	BIG Value	12.39	1	1
294393	i_4159588796	Big MOO Shake	Shakes & Cookies	8.05	1	1
294393	i_4771176374	Build Your Own Certified Angus Beef® Burger	Build Your Own	10.53	1	1
294393	i_4771175510	MOOYAH Cheeseburger	Our Favorites	9.29	1	1
294393	i_4159585437	Personal Sweet Potato Fries	Fries & Sides	5.32	1	0
294393	i_4771175514	Mushroom Swiss Burger	Our Favorites	9.91	1	1
294393	i_4159585433	Shareable Hand-Cut Fries	Fries & Sides	6.19	1	0
294393	i_44374017396	Campfire Burger	Limited Time Only	11.77	1	1
294393	i_44374017397	S'mores Shake	Limited Time Only	7.43	1	1
294393	i_5857414906	Bacon Cheeseburger	Our Favorites	11.15	1	1
294393	i_7921621172	Cheddar Bacon BBQ Burger	Our Favorites	11.15	1	1
294393	i_4771175513	Badger Burger	Our Favorites	12.39	1	1
294393	i_4967897721	The Best Quesonario	Our Favorites	10.78	1	1
294393	i_4771175516	Double Diablo	Our Favorites	14.25	1	1
294393	i_20694505211	Freedom Rings	Hall of "Dang!"®	9.91	1	1
294393	i_4967890153	The Indulgent BBQ	Hall of "Dang!"®	14.25	1	1
294393	i_4771169620	The Hamburdog	Hall of "Dang!"®	13.38	1	1
294393	i_4771169621	The A-Wonderful	Hall of "Dang!"®	14.25	1	1
294393	i_4771169622	The Well D'Onion	Hall of "Dang!"®	9.29	1	1
294393	i_4771169623	The Ranch Hand	Hall of "Dang!"®	10.16	1	1
294393	i_4771169625	The Diablo Dog	Hall of "Dang!"®	11.64	1	0
294393	i_4771169626	The Full Count	Hall of "Dang!"®	11.64	1	0
294393	i_4771169629	The Tur-Cali Club	Hall of "Dang!"®	15.24	1	1
294393	i_4771169630	The Meatless Beast	Hall of "Dang!"®	13.26	1	1
294393	i_4771181125	The Vegan	Lifestyle Burgers	14.00	1	1
294393	i_4771181126	The Paleo	Lifestyle Burgers	14.87	1	1
294393	i_4771181127	The Keto	Lifestyle Burgers	13.63	1	1
294393	i_4771181128	The Low Cal	Lifestyle Burgers	10.16	1	1
294393	i_4771181129	The Gluten-Free	Lifestyle Burgers	14.74	1	0
294393	i_4771181130	The Vegetarian	Lifestyle Burgers	12.76	1	1
294393	i_4771176375	Build Your Own All Natural Turkey Burger	Build Your Own	10.53	1	1
294393	i_4771176377	Build Your Own Vegan Burger	Build Your Own	10.53	1	1
294393	i_4771176378	Build Your Own All-Beef Hot Dog	Build Your Own	7.80	1	0
294393	i_18326846870	The BIG Deal	BIG Value	32.23	1	1
294393	i_4159585434	Family Hand-Cut Fries	Fries & Sides	9.91	1	0
294393	i_4159585431	Green Chile Queso Dip	Fries & Sides	3.09	1	0
294393	i_4159585435	Personal Chips	Fries & Sides	4.08	1	0
294393	i_4159585436	Shareable Chips	Fries & Sides	5.57	1	0
294393	i_4159585438	Shareable Sweet Potato Fries	Fries & Sides	7.18	1	0
294393	i_4159585439	Family Sweet Potato Fries	Fries & Sides	11.15	1	0
294393	i_22305498085	Chicken Tenders (2)	Fries & Sides	4.95	1	0
294393	i_4159588797	Chocolate Chip Cookie (1)	Shakes & Cookies	1.23	1	0
294393	i_4159588798	Chocolate Chip Cookie (3)	Shakes & Cookies	3.46	1	0
294393	i_4159589213	Regular Soft Drink (20 oz.)	Drinks	3.34	1	1
294393	i_4159589215	Bottled Water	Drinks	2.84	1	0
294393	i_4159589216	Apple Juice	Drinks	1.85	1	0
294393	i_4159589217	Chocolate Milk	Drinks	1.85	1	0
294455	i_828303398	Italian	Sandwiches	8.89	1	1
294455	i_828303397	A Wreck®	Sandwiches	8.89	1	1
294455	i_828303407	Turkey Breast	Sandwiches	8.39	1	1
294455	i_828303417	Skinny Sandwich + Cup of Soup	Pick-your-Pair	13.09	1	1
294455	i_2292869465	Zapp's Salt & Vinegar Chips	Chips + Sides	2.79	1	0
294455	i_2292862032	Oatmeal Chocolate Chip Cookie	Cookies + Shakes	3.09	1	0
294455	i_836086131	Broccoli Cheddar	Mac & Soups	6.29	1	1
294455	i_836086128	Mac & Cheese	Mac & Soups	6.29	1	1
294455	i_828303400	Chicken Club	Sandwiches	9.39	1	1
294455	i_828303406	Mama's Meatball	Sandwiches	8.89	1	1
294455	i_44428758168	Fiery Island Chicken	Sandwiches	9.09	1	1
294455	i_24764989225	Prime Rib Steak	Sandwiches	10.59	1	1
294455	i_10309376182	Cubano	Sandwiches	8.89	1	1
294455	i_21546375192	Sweet Heat Pork BBQ	Sandwiches	9.19	1	1
294455	i_828303399	Avo Turkey	Sandwiches	9.39	1	1
294455	i_828303405	BLTA	Sandwiches	8.89	1	1
294455	i_828303402	Veggie Melt	Sandwiches	8.49	1	1
294455	i_828303403	Pizza Melt	Sandwiches	8.89	1	1
294455	i_828303404	Mediterranean	Sandwiches	9.39	1	1
294455	i_828303408	Smoked Ham	Sandwiches	8.39	1	1
294455	i_828303410	Grilled Chicken	Sandwiches	8.39	1	1
294455	i_828303411	Tuna Salad	Sandwiches	8.39	1	1
294455	i_828303412	Chicken Salad	Sandwiches	8.39	1	1
294455	i_14966293892	Grilled Cheese	Sandwiches	7.99	1	1
294455	i_33277457797	Chicken Bacon Ranch Wrap	Wraps	13.29	1	1
294455	i_33277457798	Southwest Avo Chicken Wrap	Wraps	13.29	1	1
294455	i_828303392	Farmhouse Salad	Salads	8.89	1	1
294455	i_828303393	Apple Walnut Salad	Salads	8.89	1	1
294455	i_828303394	Powerhouse Salad	Salads	8.89	1	1
294455	i_828303395	Chicken Salad Salad	Salads	8.89	1	1
294455	i_828303418	Half Salad + Cup of Soup	Pick-your-Pair	13.39	1	1
294455	i_828303419	Skinny Sandwich + Half Salad	Pick-your-Pair	14.79	1	1
294455	i_26559580531	Chili Mac	Mac & Soups	6.29	1	1
294455	i_836086129	Chicken Pot Pie Soup	Mac & Soups	6.29	1	1
294455	i_836086130	Chili	Mac & Soups	6.29	1	1
294455	i_836086132	Garden Vegetable	Mac & Soups	6.29	1	1
294455	i_836086133	Loaded Baked Potato	Mac & Soups	6.29	1	1
294455	i_3342722787	Chips + Drink	Chips + Sides	5.09	1	1
294455	i_3342722171	Chips + Shake	Chips + Sides	8.38	1	1
294455	i_2292869464	Zapp's Regular Chips	Chips + Sides	2.79	1	0
294455	i_2292869466	Baked Lay's	Chips + Sides	2.79	1	0
294455	i_2292913191	Utz Cheese Curls	Chips + Sides	2.79	1	0
294455	i_2292869468	Zapp's Hotter 'N Hot Jalapeño Chips	Chips + Sides	2.79	1	0
294455	i_2292869469	Zapp's Mesquite Bar-B-Que Chips	Chips + Sides	2.79	1	0
294455	i_27439167700	Zapp's Hot Pepper Chips	Chips + Sides	2.79	1	0
294455	i_2292869471	Zapp's VooDoo Regular Chips	Chips + Sides	2.79	1	0
294455	i_3342722172	Hot Peppers Jar	Chips + Sides	8.79	1	0
294455	i_2292869473	Potbelly Whole Pickle	Chips + Sides	1.69	1	0
294455	i_44410060436	Confetti Cookie Shake	Cookies + Shakes	7.09	1	1
294455	i_44547040936	S'mores Cookie	Cookies + Shakes	3.09	1	0
294455	i_2292862033	Sugar Cookie	Cookies + Shakes	3.09	1	0
294455	i_2292862034	Chocolate Brownie Cookie	Cookies + Shakes	3.09	1	0
294455	i_2292862035	Dream Bar	Cookies + Shakes	3.39	1	0
294455	i_2292862036	Bag of Mini Cookies	Cookies + Shakes	6.29	1	0
294455	i_23665769842	Banana Pudding Shake	Cookies + Shakes	7.09	1	1
294455	i_2292862037	OREO® Cookie Shake	Cookies + Shakes	7.09	1	1
294455	i_7473582961	Cold Brew Shake	Cookies + Shakes	7.09	1	1
294455	i_2292862038	Chocolate Shake	Cookies + Shakes	6.69	1	1
294455	i_2292862039	Strawberry Shake	Cookies + Shakes	6.69	1	1
294455	i_2292862040	Vanilla Shake	Cookies + Shakes	6.69	1	1
294455	i_2292859688	Coke	Drinks	4.29	1	0
294455	i_2292859689	Diet Coke	Drinks	4.29	1	0
294455	i_2292859690	Sprite	Drinks	4.29	1	0
294455	i_2292859692	Cherry Coke	Drinks	4.29	1	0
294455	i_2292859691	Coke Zero Sugar	Drinks	4.29	1	0
294455	i_2292859699	Bottled Water	Drinks	3.29	1	1
294455	i_2292859704	IBC Cream Soda	Drinks	4.29	1	0
294455	i_2292859703	IBC Root Beer	Drinks	4.29	1	0
294455	i_2292859698	Smartwater	Drinks	4.79	1	0
294455	i_2292859707	San Pellegrino	Drinks	4.39	1	0
294455	i_2292859708	San Pellegrino Blood Orange	Drinks	4.39	1	0
294455	i_7867937669	Gold Peak Sweet Tea	Drinks	4.09	1	0
294455	i_7867937670	Gold Peak Green Tea	Drinks	4.09	1	0
294455	i_2292859697	Powerade Mountain Berry Blast	Drinks	4.39	1	0
294455	i_2292859701	Crush	Drinks	4.09	1	0
294455	i_2292859695	Vitamin Water XXX Acai Blue Pom	Drinks	4.69	1	0
294455	i_2292859696	Vitamin Water Squeezed Lemonade	Drinks	4.69	1	0
294455	i_2292859700	Arizona Tea	Drinks	4.29	1	0
294455	i_11586403751	Peach Tea Snapple	Drinks	4.59	1	0
29677328	i_14872709644	Garlic Shrimp Taco	Seafood Tacos	6.00	1	1
29677328	i_14872709638	Chicken Tikka Taco	Chicken Tacos	6.00	1	1
29677328	i_14918547949	General T'so	Chicken Tacos	6.00	1	1
29677328	i_14916015248	Asada Fries	Appetizers	16.00	1	0
29677328	i_14872709633	Homemade Chips & Dip	Appetizers	9.00	1	1
29677328	i_14872709634	Chicken Quesadilla	Appetizers	13.00	1	0
29677328	i_14872709637	Buffalo Chicken Taco	Chicken Tacos	6.00	1	1
29677328	i_14872709645	Crispy Fish Taco	Seafood Tacos	6.00	1	1
29677328	i_14872709647	Cauliflower Tikka Taco	Vegetarian Tacos	6.00	1	1
29677328	i_14872709658	Side Salsa (2oz)	Sides	2.00	1	1
29677328	i_14872709635	Nachos	Appetizers	12.00	1	0
29677328	i_14872709636	Chicken Taco	Chicken Tacos	6.00	1	1
29677328	i_14872709639	Chicken Fajita Taco	Chicken Tacos	6.00	1	1
29677328	i_14872709640	Carnitas Taco	Pork Tacos	6.00	1	1
29677328	i_14872709641	Hawaiian Pork Taco	Pork Tacos	6.00	1	1
29677328	i_44495876929	Al Pastor Taco	Pork Tacos	6.00	1	1
29677328	i_14872709642	Ground Beef Taco	Beef Tacos	6.00	1	1
29677328	i_14872709643	Carne Asada Taco	Beef Tacos	6.00	1	1
29677328	i_14917068722	Gyro Taco	Beef Tacos	6.00	1	1
29677328	i_14872709646	Buffalo Cauliflower Taco	Vegetarian Tacos	6.00	1	1
29677328	i_14917480303	Sweet Potato and Black Bean	Vegetarian Tacos	6.00	1	1
29677328	i_44495953373	Sweet Potato Black Bean Taco	Vegetarian Tacos	6.00	1	1
29677328	i_14872709648	Chicken Burrito/bowl	Badass Burritos/bowls	12.00	1	1
29677328	i_14872709649	Carnitas Burrito/bowl	Badass Burritos/bowls	12.00	1	1
29677328	i_14872709650	Ground Beef Burrito/bowl	Badass Burritos/bowls	12.00	1	1
29677328	i_14872709651	Carne Asada Burrito/bowl	Badass Burritos/bowls	13.00	1	1
29677328	i_14872709652	Philly Burrito/bowl	Badass Burritos/bowls	14.00	1	1
29677328	i_14872709653	Garlic Shrimp Burrito/bowl	Badass Burritos/bowls	16.00	1	1
29677328	i_14918996007	Cali Burrito/bowl	Badass Burritos/bowls	14.00	1	1
29677328	i_14872709654	Side Black Beans	Sides	4.00	1	0
29677328	i_14872709655	Side Cilantro Lime Rice	Sides	4.00	1	0
29677328	i_14872709657	Side Queso (2oz)	Sides	3.50	1	0
29677328	i_14872709659	Jarritos Fruit Punch	Drinks	4.00	1	0
29677328	i_14872709660	Jarritos Lime	Drinks	4.00	1	0
29677328	i_14872709661	Jarritos Mandarin	Drinks	4.00	1	0
29681730	i_14926827894	Spicy Pork Belly	Entrée - Pork	22.99	1	0
29681730	i_23119271839	Pork Belly Japchae	Japchae	18.99	1	0
29681730	i_26756013307	Popcorn Chicken	Appetizer/ Soup/ Sides	10.00	1	0
29681730	i_24147511687	White Rice	Appetizer/ Soup/ Sides	2.00	1	0
29681730	i_20182461486	Fried Chicken Wing (8 Pieces)	Appetizer/ Soup/ Sides	10.00	1	0
29681730	i_14926827897	Spicy Beef Bulgogi	Entrée - Beef	22.99	1	0
29681730	i_14926827899	Spicy Brisket	Entrée - Beef	22.99	1	0
29681730	i_14926827910	Kimchi Fried Rice	Entrée - Fried Rice	15.99	1	0
29681730	i_20182472101	Fried Dumplings	Appetizer/ Soup/ Sides	10.00	1	0
29681730	i_14926827917	Coke	Drinks	2.00	1	0
29681730	i_14926827892	Pork Bulgogi	Entrée - Pork	19.99	1	0
29681730	i_14926827893	Spicy Pork Bulgogi	Entrée - Pork	19.99	1	0
29681730	i_25617784096	Soy Garlic Pork	Entrée - Pork	19.99	1	0
29681730	i_38591227254	Pork Belly	Entrée - Pork	22.99	1	0
29681730	i_14926827896	Beef Bulgogi	Entrée - Beef	22.99	1	0
29681730	i_14926827898	Hawaii Bulgogi	Entrée - Beef	22.99	1	0
29681730	i_26747434367	Apex Galbi	Entrée - Beef	34.99	1	0
29681730	i_14926827900	Garlic Chicken with Parsley	Entrée - Chicken	17.99	1	0
29681730	i_14926827901	Spicy Chicken	Entrée - Chicken	17.99	1	0
29681730	i_14926827902	Teriyaki Chicken	Entrée - Chicken	17.99	1	0
29681730	i_14926827903	Chicken Bulgogi	Entrée - Chicken	17.99	1	0
29681730	i_14926827904	Spicy Chicken Bulgogi	Entrée - Chicken	17.99	1	0
29681730	i_14926827905	Hawaii Chicken Bulgogi	Entrée - Chicken	17.99	1	0
29681730	i_14926827908	Spicy Squid	Entrée - Seafood or with Pork Belly	19.99	1	0
29681730	i_14926827909	Spicy Squid with Pork Belly	Entrée - Seafood or with Pork Belly	25.99	1	0
29681730	i_14926827911	Seafood Kimchi Fried Rice	Entrée - Fried Rice	18.99	1	0
29681730	i_14926827912	Kimchi Tofu Soup	Appetizer/ Soup/ Sides	8.99	1	0
29681730	i_14926827913	Seafood Kimchi Tofu Soup	Appetizer/ Soup/ Sides	10.99	1	0
29681730	i_14926827914	Seafood Pancake	Appetizer/ Soup/ Sides	16.99	1	0
29681730	i_14926827915	Kimchi Pancakes	Appetizer/ Soup/ Sides	16.99	1	0
29681730	i_14926827916	Edamame	Appetizer/ Soup/ Sides	7.99	1	0
29681730	i_23119271841	Fried Egg	Appetizer/ Soup/ Sides	2.50	1	0
29681730	i_24147510998	8 oz Pickel Radish	Appetizer/ Soup/ Sides	5.00	1	0
29681730	i_24147511683	8 oz Seaweed Salad	Appetizer/ Soup/ Sides	6.50	1	0
29681730	i_24147510999	8 oz Kimchi	Appetizer/ Soup/ Sides	5.00	1	0
29681730	i_38644599510	lettuces	Appetizer/ Soup/ Sides	5.00	1	0
29681730	i_44382331387	Spring Rolls 4pc	Appetizer/ Soup/ Sides	5.50	1	0
29681730	i_14926827918	Diet Coke	Drinks	2.00	1	0
29681730	i_14926827919	Sprite	Drinks	2.00	1	0
29681730	i_21919135856	Ice Tea and Lemonade	Drinks	2.50	1	0
29681730	i_21919135857	Sweet Tea	Drinks	2.50	1	0
29681730	i_21919135858	Lemonade	Drinks	2.50	1	0
29681730	i_24147434403	Milkis Original	Drinks	3.00	1	0
29681730	i_24147434404	Milkis Strawberry	Drinks	3.00	1	0
29681730	i_44382295385	Homemade Sweet Rice Punch	Drinks	4.50	1	1
29681730	i_23119271837	Veggie Japchae	Japchae	15.99	1	0
29681730	i_38591227252	Beef Japchae	Japchae	20.99	1	0
29681730	i_38591227253	Shrimp Japchae	Japchae	19.99	1	0
29681730	i_25616614093	B. Pork Bulgogi	Lunch Bento Box (Monday- Friday 12pm- 3:	20.00	1	1
29681730	i_25616614107	B. Spicy Pork Bulgogi	Lunch Bento Box (Monday- Friday 12pm- 3:	20.00	1	1
29681730	i_25616614108	B. Soy Garlic Pork	Lunch Bento Box (Monday- Friday 12pm- 3:	20.00	1	1
29681730	i_25617784115	B. Spicy Pork Belly	Lunch Bento Box (Monday- Friday 12pm- 3:	21.00	1	1
29681730	i_25617784116	B. Spicy Beef Brisket	Lunch Bento Box (Monday- Friday 12pm- 3:	20.00	1	1
29681730	i_25617784117	B. Beef Bulgogi	Lunch Bento Box (Monday- Friday 12pm- 3:	20.00	1	1
29681730	i_25617784118	B. Spicy Beef Bulgogi	Lunch Bento Box (Monday- Friday 12pm- 3:	20.00	1	1
29681730	i_25616614111	B. Chicken Bulgogi	Lunch Bento Box (Monday- Friday 12pm- 3:	20.00	1	1
29681730	i_25617784119	B. Spicy Chicken Bulgogi	Lunch Bento Box (Monday- Friday 12pm- 3:	20.00	1	1
29681730	i_25617784120	B. Chicken Teriyaki	Lunch Bento Box (Monday- Friday 12pm- 3:	20.00	1	1
29681730	i_26756013306	Taro Sago with Coconut Milk	Desserts	6.50	1	0
29865524	i_25864293245	Iced Latte	Iced Espresso Drinks	6.00	1	1
29865524	i_25864293293	Potato Bacon Burrito	Breakfast Burritos	9.00	1	1
29865524	i_25864293304	Classic Avocado Toast	Avocado Toast	8.00	1	0
29865524	i_25864293246	Iced Mocha	Iced Espresso Drinks	7.00	1	1
29865524	i_25864293241	Iced Salted Caramel Latte	Signature Drinks	7.00	1	1
29865524	i_25864293242	Iced Cold Brew Oat-Chata	Signature Drinks	6.50	1	1
29865524	i_25864293261	Iced Matcha Latte	Iced Tea	7.00	1	1
29865524	i_25864293292	Famous Chorizo Burrito	Breakfast Burritos	9.00	1	1
29865524	i_25864293206	Brewed Coffee	Coffee	3.50	1	1
29865524	i_25864293207	Cafe Au Lait	Coffee	4.00	1	1
29865524	i_25864293208	Joe To Go of Brewed Coffee	Coffee	30.00	1	1
29865524	i_34206509879	Almond Brittle Latte	Signature Drinks	6.00	1	1
29865524	i_25864293210	Salted Caramel Latte	Signature Drinks	6.00	1	1
29865524	i_25864293211	Pistachio Matcha Latte	Signature Drinks	6.00	1	1
29865524	i_25864293212	Cardamom Honey Latte	Signature Drinks	6.00	1	1
29865524	i_25864293213	Hot Cold Brew Oat-Chata	Signature Drinks	6.00	1	1
29865524	i_25864293214	Latte	Espresso	5.50	1	1
29865524	i_25864293215	Cappuccino	Espresso	5.50	1	1
29865524	i_25864293216	Americano	Espresso	5.00	1	1
29865524	i_25864293217	Mocha	Espresso	6.00	1	1
29865524	i_25864293218	White Mocha	Espresso	6.00	1	1
29865524	i_25864293219	Classic Espresso	Espresso	3.00	1	1
29865524	i_25864293220	Cortado	Espresso	4.50	1	1
29865524	i_25864293221	Macchiato	Espresso	3.50	1	1
29865524	i_25864293224	London Fog	Tea Drinks	5.50	1	1
29865524	i_25864293222	Matcha Latte	Tea Drinks	6.00	1	1
29865524	i_25864293223	Chai Latte	Tea Drinks	6.00	1	1
29865524	i_25864293225	British Brunch	Brewed Tea	4.50	1	0
29865524	i_25864293226	Lord Bergamot	Brewed Tea	4.50	1	0
29865524	i_25864293227	Spring Greens	Brewed Tea	4.50	1	0
29865524	i_25864293228	Jasmine Silver Tip	Brewed Tea	4.50	1	0
29865524	i_25864293229	Peppermint Leaves	Brewed Tea	4.50	1	0
29865524	i_25864293230	Ginger Rising	Brewed Tea	4.50	1	0
29865524	i_25864293231	Golden Light	Brewed Tea	4.50	1	0
29865524	i_25864293232	Soothe Sayer	Brewed Tea	4.50	1	0
29865524	i_25864293233	Meadow	Brewed Tea	4.50	1	0
29865524	i_25864293234	Hot Chocolate	Other Favorites	4.50	1	1
29865524	i_25864293235	Steamer	Other Favorites	4.00	1	1
29865524	i_44347054415	Peachy Cream Matcha Latte	Seasonal Drinks	7.00	1	1
29865524	i_44347054414	Matcha Lemonade	Seasonal Drinks	7.00	1	1
29865524	i_42925360417	Yuzu Earl Grey Spritz	Seasonal Drinks	6.50	1	1
29865524	i_42925360418	Hibiscus Lemonade	Seasonal Drinks	5.00	1	1
29865524	i_42923746886	Iced Hibiscus Mango - Herbal Infusion	Seasonal Drinks	4.00	1	1
29865524	i_35202760100	Iced Almond Brittle Latte	Signature Drinks	7.00	1	1
29865524	i_42868982639	Iced Vanilla Cream Cold Brew	Signature Drinks	6.50	1	1
29865524	i_42868982640	Iced Salted Caramel Cream Cold Brew	Signature Drinks	6.50	1	1
29865524	i_25864293243	Iced Pistachio Matcha Latte	Signature Drinks	7.00	1	1
29865524	i_25864293244	Iced Cardamom Honey Latte	Signature Drinks	7.00	1	1
29865524	i_25864293247	Iced White Mocha	Iced Espresso Drinks	6.50	1	1
29865524	i_25864293248	Iced Americano	Iced Espresso Drinks	5.00	1	1
29865524	i_31059716571	Iced Espresso	Iced Espresso Drinks	3.00	1	1
29865524	i_25864293249	Cold Brew	Draft Cold Brew	5.50	1	1
29865524	i_25864293250	Nitro Cold Brew	Draft Cold Brew	6.50	1	1
29865524	i_44346919674	Dragon Smoothie	Blended	10.00	1	0
29865524	i_25864293253	Acai Protein Smoothie	Blended	10.50	1	0
29865524	i_25864293254	Super Green Smoothie	Blended	8.50	1	0
29865524	i_25864293255	Berry Booster Smoothie	Blended	8.50	1	0
29865524	i_25864293256	Pink Panther Smoothie	Blended	8.50	1	0
29865524	i_25864293257	Mango Peach Ginger Smoothie	Blended	8.50	1	0
29865524	i_44346925429	Mocha Shake	Blended	9.00	1	0
29865524	i_44346925430	Cold Brew Shake	Blended	9.00	1	0
29865524	i_25864293263	Iced London Fog	Iced Tea	6.00	1	1
29865524	i_25864293260	Iced Chai Latte	Iced Tea	6.50	1	1
29865524	i_25864293262	Sportea	Iced Tea	5.00	1	1
29865524	i_25864293266	Sportea Lifter	Iced Tea	5.00	1	1
29865524	i_25864293264	Iced Exceptional Black Tea	Iced Tea	4.00	1	1
29865524	i_25864293265	Iced Mediterranean Mint	Iced Tea	4.00	1	1
29865524	i_25864293267	Canned Cold Brew	Bottles & Cans	4.50	1	0
29865524	i_25864293268	Canned Cold Brew Oat Milk Latte	Bottles & Cans	4.50	1	0
29865524	i_25864293270	San Pellegrino Flavors	Bottles & Cans	3.50	1	1
29865524	i_25872340299	Pup Cup	For Our Furry Friends	0.50	1	0
29865524	i_42925491102	Cajun Breakfast Burrito	Breakfast Burritos	9.00	1	1
29865524	i_25864293291	Southwestern Burrito	Breakfast Burritos	9.00	1	1
29865524	i_25864293294	Veggie Pesto Burrito	Breakfast Burritos	9.00	1	1
29865524	i_44347054418	Smoked Salmon Avocado Toast	Avocado Toast	11.50	1	0
29865524	i_44347045665	Greens and Goat Cheese Avocado Toast	Avocado Toast	9.50	1	0
29865524	i_25864293306	Garden Goddess Sandwich	Sandwiches	13.00	1	1
29865524	i_25864293308	Turkey Club	Sandwiches	14.50	1	1
29865524	i_25864293309	Avocado BLT	Sandwiches	14.00	1	1
29865524	i_44346919681	Lavender Scone	Seasonal Treats	5.00	1	0
29865524	i_44346919682	Lemon Poppy Teabread	Seasonal Treats	5.00	1	0
29865524	i_44469856888	Strawberries and Cream Pop Pastry	Seasonal Treats	6.00	1	0
29865524	i_44469856890	Coconut Lime Cookie	Seasonal Treats	5.00	1	0
29865524	i_25864293314	Chocolate Croissant	Pastries	6.00	1	0
29865524	i_42924562670	Jalapeño Cheese Focaccia	Scones & More	5.50	1	0
29865524	i_25864293321	Blueberry Lemon Scone	Scones & More	5.00	1	0
29865524	i_25864293324	Cowboy Cookie	Cookies & Treats	5.00	1	0
29865524	i_35248092216	Cowgirl Crunch Cookie	Cookies & Treats	5.00	1	0
29865524	i_25864293325	Salted Chocolate Chunk Cookie	Cookies & Treats	5.00	1	0
29865524	i_25864293327	Pumpkin Choco-Chip Tea Bread	Cookies & Treats	5.00	1	0
29865524	i_44416052215	Endless Summer 12oz	Featured Coffee	19.00	1	1
29865524	i_44411028734	Kenya Kiambu AA 12oz	Featured Coffee	21.50	1	1
29865524	i_44515512336	Costa Rica Las Nubes Natural 12 oz	Featured Coffee	21.50	1	1
29865524	i_25864293277	Brazil Canarinho 12 oz	Single Origins	19.00	1	1
29865524	i_25864293274	Colombia 12 oz	Single Origins	19.00	1	1
29865524	i_25864293278	Black and Tan 12oz	Blends	19.00	1	1
29865524	i_25864293282	Blue Heeler 12oz	Blends	19.00	1	1
29865524	i_25864293284	Co-Optiva 12oz	Blends	19.00	1	1
29865524	i_25864293279	Del Sol 12oz	Blends	19.00	1	1
29865524	i_25864293281	Indigo 12oz	Blends	19.00	1	1
29865524	i_25864293285	Revel 12 oz	Blends	19.00	1	1
29865524	i_25864293280	Toro 12oz	Blends	19.00	1	1
29865524	i_25864293283	Velo 12oz	Blends	19.00	1	1
29865524	i_44298680933	Yeli Blend 12oz	Blends	19.00	1	1
29865524	i_25864293286	Decaf Dream Harder 12oz	Decaffeinated	19.00	1	1
29865524	i_25864293287	Decaf Mexico 12oz	Decaffeinated	19.00	1	1
29865524	i_25864293288	Decaf Velo 12oz	Decaffeinated	19.00	1	1
29865524	i_25864293289	Retail Granola	Bakery	9.50	1	0
30122514	i_21792512351	CHICKEN TENDERS PLATE	Golden Fried Chicken Plates	18.72	1	1
30122514	i_21792536348	BUTTERBIRD CLASSIC FRIED CHICKEN SANDWICH	Sandwiches	16.38	1	1
30122514	i_23875131579	CLASSIC SHAKES TO GO	The Sweet Spot To Go	9.36	1	1
30122514	i_21792536349	BADGER HOT FRIED CHICKEN SANDWICH	Sandwiches	17.55	1	1
30122514	i_40249522375	WISCO FRIED CHEESE CURDS	Snacks	11.70	1	0
30122514	i_24701840270	POPCORN CHICKEN	Snacks	14.04	1	1
30122514	i_21792528513	DILLY RANCH	Sauces	1.17	1	0
30122514	i_21792524436	SIDE FRENCH FRIES	Sides	5.85	1	0
30122514	i_21792524438	SIDE MAC N CHEESE	Sides	7.02	1	0
30122514	i_21792536350	TRIPLE SMASHBURGER	Sandwiches	18.72	1	1
30122514	i_21792537534	SOFT PRETZEL	Snacks	11.70	1	0
30122514	i_44455879449	PICKLE DIP	Snacks	14.04	1	0
30122514	i_21792536351	ROTISSERIE CHICKEN & SWISS MELT	Sandwiches	17.55	1	1
30122514	i_30333179434	CRISPY CHICKEN CAESAR SANDWICH	Sandwiches	17.55	1	1
30122514	i_21792524435	SIDE CLASSIC COLESLAW	Sides	5.85	1	0
30122514	i_21792524439	PULL-A-PART ROLLS	Sides	5.85	1	0
30122514	i_32538301050	FRIED CAULIFLOWER	Sides	5.85	1	0
30122514	i_44401665102	WATERMELON SALAD	Sides	5.85	1	0
30122514	i_44401665103	POTATO SALAD	Sides	5.85	1	0
30122514	i_44546960983	ROASTED GREEN BEANS	Sides	5.85	1	0
30122514	i_21792500608	KALE CAESAR	Salads	15.21	1	0
30122514	i_32528351370	GREEN GODDESS BOWL	Salads	17.55	1	0
30122514	i_21792512347	2 PC FRIED - LEG & THIGH PLATE	Golden Fried Chicken Plates	17.55	1	1
30122514	i_21792512348	2 PC FRIED - BREAST & WING PLATE	Golden Fried Chicken Plates	17.55	1	1
30122514	i_21792512349	4 PC FRIED - HALF BIRD PLATE	Golden Fried Chicken Plates	26.91	1	0
30122514	i_22995367822	QUARTER ROTISSERIE PLATE	Rotisserie Chicken Chicken Plates	17.55	1	1
30122514	i_21792524952	HALF ROTISSERIE PLATE	Rotisserie Chicken Chicken Plates	24.57	1	1
30122514	i_22995452565	8 PC ROTISSERIE DINNER	Bb's Big Dinner	54.99	1	0
30122514	i_22995471735	8 PC WHOLE GOLDEN FRIED	Bb's Big Dinner	59.67	1	0
30122514	i_21792531354	8PC TENDER PLATTER	Bb's Big Dinner	58.50	1	0
30122514	i_22995594030	THE ROAD BIRD	Bb's Big Dinner	32.76	1	0
30122514	i_23874859193	HALF PINT SOFT SERVE TO GO	The Sweet Spot To Go	11.70	1	1
30122514	i_23875138877	ROOT BEER FLOAT TO GO	The Sweet Spot To Go	10.53	1	0
30122514	i_23875119833	CHOCOLATE CHIP COOKIE TO GO	The Sweet Spot To Go	4.68	1	0
30122514	i_21792513960	KIDS CHEESEBURGER	Kids Meals	11.70	1	1
30122514	i_21792513961	KIDS POPCORN CHICKEN	Kids Meals	11.70	1	1
30122514	i_21792513962	KIDS CREAMY MAC (NO CRUMB)	Kids Meals	11.70	1	1
30122514	i_21792528509	HOT HONEY	Sauces	1.17	1	0
30122514	i_21792528510	BUFFALO	Sauces	1.17	1	0
30122514	i_21792528511	GREEN GARLIC MAYO	Sauces	1.17	1	0
30122514	i_21792528512	HONEY MUSTARD	Sauces	1.17	1	0
30122514	i_21792528515	CHIPOTLE MAYO	Sauces	1.17	1	0
30122514	i_21792528514	BBQ	Sauces	1.17	1	0
30122514	i_21792528518	ALL 7 SAUCES	Sauces	8.19	1	0
30122514	i_21792522474	CONDIMENTS	Condiments & Utensils	0.00	1	1
30122514	i_21792522475	UTENSILS	Condiments & Utensils	0.25	1	1
30122514	i_21792522833	CAN - COKE	Soda Cans & Bottles	4.68	1	0
30122514	i_21792522834	CAN - DIET COKE	Soda Cans & Bottles	4.68	1	0
30122514	i_21792522835	CAN - SPRITE	Soda Cans & Bottles	4.68	1	0
30122514	i_21792522836	CAN - DR PEPPER	Soda Cans & Bottles	4.68	1	0
30122514	i_21792522840	CAN - FANTA ORANGE	Soda Cans & Bottles	4.68	1	0
30122514	i_21851517306	CAN - COKE ZERO	Soda Cans & Bottles	4.68	1	0
30122514	i_21792522837	SPRECHER BOTTLE	Soda Cans & Bottles	4.68	1	0
30122514	i_21792522839	WISCO GRAPEFRUIT	Soda Cans & Bottles	5.85	1	0
30122514	i_21792522841	METROPOLIS COLD BREW CAN	Soda Cans & Bottles	7.02	1	0
30122514	i_21792522842	SAN PELLIGRINO	Soda Cans & Bottles	5.85	1	0
30122514	i_21792531762	APPLE JUICE	Kids Drinks	4.68	1	0
30122514	i_21792531763	CHOCOLATE MILK	Kids Drinks	4.68	1	0
30122514	i_21792531764	WHITE MILK	Kids Drinks	4.68	1	0
30122514	i_35331726628	MUG	Merch	23.40	1	0
30122514	i_24702905065	HOT HONEY BOTTLE	Merch	11.70	1	0
30801719	i_17610354732	Beef Bulgogi	Grilled Cuisine	21.99	0	0
30801719	i_17610354724	Kimbap (10 Pcs)	Appetizers	11.99	0	0
30801719	i_17610354725	Deep Fried Dumplings	Appetizers	11.99	0	1
30801719	i_17610354741	Bibimbap	Rice Cuisine	18.99	0	1
30801719	i_17610354742	Kimbap (20 Pcs)	Rice Cuisine	18.99	0	0
30801719	i_17610354740	Seasoned Deep-fried Chicken	Deep-fried Cuisine	20.99	0	0
30801719	i_17610354726	Tukbokgi	Appetizers	11.99	0	0
30801719	i_17610354745	Chop Chae Bop	Noodle Cuisine	18.99	0	1
30801719	i_17610354735	Pork Bokum	Bokkeum Cuisine	20.99	0	0
30801719	i_17610354728	Tofu Soup	Soups	18.99	0	0
30801719	i_17610354727	Kimchi Soup	Soups	17.99	0	0
30801719	i_17610354729	Gal Bi Tang	Soups	21.99	0	0
30801719	i_17610354730	Yuk Gae Jang	Soups	18.99	0	0
30801719	i_17610354731	Tukmandu Soup	Soups	18.99	0	1
30801719	i_17610354733	Chicken Bulgogi	Grilled Cuisine	21.99	0	0
30801719	i_17610354734	Pork Bulgogi	Grilled Cuisine	21.99	0	0
30801719	i_17610354736	Beef Bokum	Bokkeum Cuisine	20.99	0	0
30801719	i_17610354737	Chicken Bokum	Bokkeum Cuisine	20.99	0	0
30801719	i_17610354738	Vegetable Bokum	Bokkeum Cuisine	18.99	0	0
30801719	i_17610354739	Tofu Bokum	Bokkeum Cuisine	18.99	0	1
30801719	i_17610354743	Kimchi Fried Rice	Rice Cuisine	18.99	0	0
30801719	i_17610354744	Beef Fried Rice	Rice Cuisine	18.99	0	0
30801719	i_17610354746	Jampong	Noodle Cuisine	18.99	0	1
30801719	i_17610354747	Mild Dumpling Soup	Side Orders	5.99	0	1
30801719	i_17610354748	Seaweed Soup	Side Orders	5.99	0	0
30801719	i_17610354749	Rice	Side Orders	3.50	0	0
30801719	i_17610354750	Soda	Beverages	3.00	0	1
31014406	i_44428890140	24. Sesame Chicken with Spring Roll	Lunch & Dinner Combo	21.10	1	0
31014406	i_44428890141	23. General Chicken with Spring Roll	Lunch & Dinner Combo	21.10	1	0
31014406	i_44428890106	7. Pork Cabbage Dumpling	Appetizer	15.82	1	0
31014406	i_44428890139	25. Orange Chicken with Spring Roll	Lunch & Dinner Combo	21.10	1	0
31014406	i_44428634860	43. Pork Fried Rice	Rice and Noodles	15.82	1	0
31014406	i_44428890109	4. Tianjin Steamed Buns (Half)	Appetizer	7.91	1	0
31014406	i_44428634855	48. Beef Lo Mein (Spicy)	Rice and Noodles	16.89	1	0
31014406	i_44428890112	1. Spring Roll	Appetizer	2.79	1	0
31014406	i_44428890111	2. Chicken Spring Roll	Appetizer	2.79	1	0
31014406	i_44428890110	3. Tianjin Steamed Buns (Whole)	Appetizer	15.83	1	0
31014406	i_44428890108	5. Potsticker (Whole)	Appetizer	23.74	1	0
31014406	i_44428890107	6. Potsticker (Half)	Appetizer	11.87	1	0
31014406	i_44428890105	8. Chicken Cabbage Dumplings	Appetizer	15.82	1	0
31014406	i_44428890104	9. Rougamo	Appetizer	13.19	1	0
31014406	i_44428890103	10. Beef Chinese Flatbread Sandwich	Appetizer	13.19	1	0
31014406	i_44428890102	11. Beef Patty	Appetizer	15.82	1	0
31014406	i_44428890101	12. Lamb Shashlik	Appetizer	3.99	1	0
31014406	i_44428890100	13. Beef Shashlik	Appetizer	3.99	1	0
31014406	i_44428890099	14. Chicken Shashlik	Appetizer	3.75	1	0
31014406	i_44428890098	15. Sausage Shashlik	Appetizer	1.99	1	0
31014406	i_44428890114	16. Tomatoes & Eggs Soup	Soup	6.50	1	0
31014406	i_44428890113	17. Hot & Sour Soup	Soup	6.50	1	0
31014406	i_44428890138	26. Mongolian Beef with Spring Roll	Lunch & Dinner Combo	22.42	1	0
31014406	i_44428890137	27. Broccoli Chicken with Spring Roll	Lunch & Dinner Combo	21.10	1	0
31014406	i_44428890136	28. Broccoli Beef with Spring Roll	Lunch & Dinner Combo	22.42	1	0
31014406	i_44428890135	29. Kung Pao Chicken with Spring Roll	Lunch & Dinner Combo	21.10	1	0
31014406	i_44428890134	30. Kung Pao Shrimp with Spring Roll	Lunch & Dinner Combo	22.42	1	0
31014406	i_44428890133	31. Kung Pao Tofu with Spring Roll	Lunch & Dinner Combo	18.47	1	0
31014406	i_44428634865	38. Yang Zhou Fried Rice	Rice and Noodles	10.55	1	0
31014406	i_44428634864	39. Chicken Fried Rice	Rice and Noodles	15.82	1	0
31014406	i_44428634863	40. Shrimp Fried Rice	Rice and Noodles	15.82	1	0
31014406	i_44428634862	41. Beef Fried Rice	Rice and Noodles	16.89	1	0
31014406	i_44428634861	42. Mixed Curry Fried Rice	Rice and Noodles	18.47	1	0
31014406	i_44428634859	44. Hot Noodles with Sesame Paste	Rice and Noodles	11.87	1	0
31014406	i_44428634858	45. Lo Mein (Spicy)	Rice and Noodles	13.19	1	0
31014406	i_44428634857	46. Chicken Lo Mein (Spicy)	Rice and Noodles	15.82	1	0
31014406	i_44428634856	47. Shrimp Lo Mein (Spicy)	Rice and Noodles	16.89	1	0
31014406	i_44428634854	49. Pork Lo Mein (Spicy)	Rice and Noodles	15.82	1	0
31014406	i_44428634853	50. Fried Noodles with Chili Pork	Rice and Noodles	16.89	1	0
31014406	i_44428634852	51. Pork & Pickled Vegetable Fried Noodles	Rice and Noodles	16.89	1	0
31014406	i_44428634851	52. Pork with String Bean Noodle (Spicy)	Rice and Noodles	19.79	1	0
31014406	i_44428634850	53. Chongqing Spicy Noodle (Dry / Soup)	Rice and Noodles	13.29	1	1
31014406	i_44428634849	54. Beef Noodle Soup (Braised / Spicy)	Rice and Noodles	19.79	1	1
31014406	i_44428634848	55. Beef Rice Noodle Soup (Braised / Spicy)	Rice and Noodles	19.79	1	1
31014406	i_44428634872	56. Lamb Noodle	Rice and Noodles	25.07	1	0
31014406	i_44428634871	57. Wonton Noodle	Rice and Noodles	16.87	1	0
31014406	i_44428634870	58. Cold Skin Noodles	Rice and Noodles	13.19	1	0
31014406	i_44428634869	59. Cold Noodles	Rice and Noodles	13.19	1	0
31014406	i_44428634868	60. Beijing Noodle	Rice and Noodles	15.82	1	0
31014406	i_44428634867	61. Jian Bing	Rice and Noodles	15.83	1	0
31014406	i_44428634866	62. Salad Jian Bing	Rice and Noodles	19.79	1	0
31014406	i_44428936421	68. Cucumber and Peanut Salad	Cold Dishes	11.89	1	0
31014406	i_44428936420	69. Shredded Tofu Strips	Cold Dishes	11.89	1	0
31014406	i_44428936419	70. Lettuce Salad	Cold Dishes	10.55	1	0
31014406	i_44428936418	71. Marinated Beef Shank	Cold Dishes	19.79	1	0
31014406	i_44428936417	72. Assorted Spicy Mix	Cold Dishes	25.07	1	0
31014406	i_44428936416	73. Cucumber and Jellyfish Salad	Cold Dishes	17.15	1	0
31014406	i_44428924381	80. Plum Juice	Drinks	3.50	1	0
31014406	i_44428924380	81. Sweet Soybean Milk	Drinks	3.50	1	0
31014406	i_44428924379	82. Canned Drinks	Drinks	1.50	1	1
31014406	i_44428924378	83. Kung Shi Fu	Drinks	3.00	1	1
31014406	i_44428924377	84. Chinese Herbal Tea	Drinks	3.00	1	0
31074073	i_44555838205	HORCHATA	BEVERAGES	4.38	1	1
31074073	i_44555838446	STEAK TACO	TACOS	3.57	1	1
31074073	i_44555838176	TRES LECHES CAKE	DESSERTS	7.68	1	0
31074073	i_44555838404	PARRILLADA COMBINATION SM	PARRILLADAS & FAJITAS	36.28	1	1
31074073	i_44555838382	BURRITO DINNER	LA HACIENDA FAVORITES	16.48	1	0
31074073	i_44555838379	CHIMICHANGAS DINNER	LA HACIENDA FAVORITES	17.32	1	0
31074073	i_44555838406	PARRILLADA REGULAR SM	PARRILLADAS & FAJITAS	41.78	1	1
31074073	i_44555838378	TORTA DINNER	LA HACIENDA FAVORITES	17.58	1	0
31074073	i_44555838207	JAMAICA	BEVERAGES	4.38	1	1
31074073	i_44555838234	SIDE RICE	SIDE ORDERS	4.12	1	0
31074073	i_44555838177	CHEESECAKE	DESSERTS	7.68	1	0
31074073	i_44555838179	CHOCOFLAN	DESSERTS	7.68	1	0
31074073	i_44555838180	CARROT CAKE	DESSERTS	7.68	1	0
31074073	i_44555838181	CHOCOLATE CAKE	DESSERTS	7.68	1	0
31074073	i_44555838206	LEMONADE	BEVERAGES	4.38	1	1
31074073	i_44555838208	SODA	BEVERAGES	3.85	1	0
31074073	i_44555838209	COKE CAN	BEVERAGES	1.92	1	0
31074073	i_44555838210	MEXICAN COKE	BEVERAGES	4.38	1	0
31074073	i_44555838211	JARRITO	BEVERAGES	4.38	1	0
31074073	i_44555838212	TOPO CHICO	BEVERAGES	4.38	1	0
31074073	i_44555838214	SPRECHER ROOTBEER	BEVERAGES	4.38	1	0
31074073	i_44555838215	COFFEE	BEVERAGES	3.57	1	0
31074073	i_44555838216	HOT TEA	BEVERAGES	3.57	1	0
31074073	i_44555838217	ORANGE JUICE	BEVERAGES	4.95	1	0
31074073	i_44555838218	ORANGE JUICE LG	BEVERAGES	8.80	1	0
31074073	i_44555838219	ORANGE JUICE TO GO	BEVERAGES	8.80	1	0
31074073	i_44555838220	LICUADO	BEVERAGES	5.48	1	0
31074073	i_44555838221	LICUADO JUMBO	BEVERAGES	8.78	1	0
31074073	i_44555838222	LICUADO TO GO	BEVERAGES	6.58	1	0
31074073	i_44555838224	BOTTLE WATER	BEVERAGES	1.65	1	0
31074073	i_44555838225	WATER	BEVERAGES	0.00	1	0
31074073	i_44555838230	ORDEN MAIZ	SIDE ORDERS	2.75	1	0
31074073	i_44555838231	ORDEN HARINA	SIDE ORDERS	2.75	1	0
31074073	i_44555838235	SIDE BEANS	SIDE ORDERS	4.12	1	0
31074073	i_44555838236	SIDE RICE & BEANS	SIDE ORDERS	7.68	1	0
31074073	i_44555838237	SIDE CHEESE	SIDE ORDERS	2.18	1	0
31074073	i_44555838238	SIDE SOUR CREAM	SIDE ORDERS	0.71	1	0
31074073	i_44555838241	FRENCH FRIES	SIDE ORDERS	4.38	1	0
31074073	i_44555838242	ORDEN PAPAS PARILLADA	SIDE ORDERS	5.48	1	0
31074073	i_44555838243	ORDEN TOREADOS	SIDE ORDERS	4.12	1	0
31074073	i_44555838246	CEBOLLINES	SIDE ORDERS	4.12	1	0
31074073	i_44555838248	NOPALES	SIDE ORDERS	5.48	1	0
31074073	i_44555838251	DINNER PLATE	SIDE ORDERS	10.98	1	0
31074073	i_44555838253	SOUR CREAM	SIDE ORDERS	2.18	1	0
31074073	i_44555838255	16oz SOUR CREAM	SIDE ORDERS	7.68	1	0
31074073	i_44555838256	SIDE GUACAMOLE	SIDE ORDERS	1.08	1	0
31074073	i_44555838257	GUACAMOLE SM	SIDE ORDERS	4.95	1	0
31074073	i_44555838258	GUACAMOLE LG	SIDE ORDERS	7.15	1	0
31074073	i_44555838259	AGUACATE SM	SIDE ORDERS	4.95	1	0
31074073	i_44555838260	AGUACATE LG	SIDE ORDERS	7.15	1	0
31074073	i_44555838261	ORDER SALSA SM	SIDE ORDERS	3.85	1	0
31074073	i_44555838262	ORDER SALSA MD	SIDE ORDERS	7.64	1	0
31074073	i_44555838263	ORDER SALSA LG	SIDE ORDERS	12.65	1	0
31074073	i_44555838264	16oz GUACAMOLE	SIDE ORDERS	13.20	1	0
31074073	i_44555838265	ORDER SALSA 1/2 GALLON	SIDE ORDERS	22.00	1	0
31074073	i_44555838266	ORDER PICO GALLO SM	SIDE ORDERS	3.85	1	0
31074073	i_44555838267	ORDER PICO GALLO MD	SIDE ORDERS	7.64	1	0
31074073	i_44555838268	ORDER PICO GALLO LG	SIDE ORDERS	12.65	1	0
31074073	i_44555838269	ORDER PICO GALLO 1/2 GALLON	SIDE ORDERS	22.00	1	0
31074073	i_44555838270	CHIPS TO GO SM	SIDE ORDERS	5.50	1	0
31074073	i_44555838271	CHIPS TO GO LG	SIDE ORDERS	11.00	1	0
31074073	i_44555838272	QUESO DIP TO GO SM	SIDE ORDERS	7.68	1	0
31074073	i_44555838273	QUESO DIP TO GO LG	SIDE ORDERS	15.34	1	0
31074073	i_44555838274	32oz GALLON RICE	SIDE ORDERS	16.48	1	0
31074073	i_44555838275	1/2 GALLON RICE	SIDE ORDERS	32.98	1	0
31074073	i_44555838277	32oz BEANS	SIDE ORDERS	16.48	1	0
31074073	i_44555838278	1/2 GALLON BEANS	SIDE ORDERS	32.98	1	0
31074073	i_44555838280	6 SHRIMP	SIDE ORDERS	6.58	1	0
31074073	i_44555838281	12 SHRIMP	SIDE ORDERS	13.18	1	0
31074073	i_44555838282	24 SHRIMP	SIDE ORDERS	26.38	1	0
31074073	i_44555838284	KIDS TACO & FRIES	KIDS MENU	8.78	1	0
31074073	i_44555838285	KIDS QUESADILLA & FRIES	KIDS MENU	8.78	1	0
31074073	i_44555838286	KIDS HAMBURGER & FRIES	KIDS MENU	8.78	1	0
31074073	i_44555838287	KIDS HOT DOG & FRIES	KIDS MENU	8.78	1	0
31074073	i_44555838288	KIDS CHK NUGGETS	KIDS MENU	8.78	1	0
31074073	i_44555838313	CALDO DE POLLO TO GO SM	CALDOS TO GO	18.64	1	1
31074073	i_44555838314	CALDO DE POLLO TO GO LG	CALDOS TO GO	27.44	1	1
31074073	i_44555838315	CALDO DE RES TO GO SM	CALDOS TO GO	18.64	1	1
31074073	i_44555838316	CALDO DE RES TO GO LG	CALDOS TO GO	27.44	1	1
31074073	i_44555838317	MENUDO TO GO SM	CALDOS TO GO	19.25	1	1
31074073	i_44555838318	MENUDO TO GO LG	CALDOS TO GO	27.44	1	1
31074073	i_44555838319	POZOLE TO GO SM	CALDOS TO GO	19.25	1	1
31074073	i_44555838321	CALDO DE CAMARON TO GO SM	CALDOS TO GO	20.84	1	1
31074073	i_44555838322	CALDO DE CAMARON TO GO LG	CALDOS TO GO	29.64	1	1
31074073	i_44555838323	BIRRIA EN CONSOME SM	CALDOS TO GO	19.25	1	1
31074073	i_44555838324	BIRRIA EN CONSOME	CALDOS TO GO	27.44	1	1
31074073	i_44555838337	LA HACIENDA DESAYUNO	BREAKFAST	14.28	1	1
31074073	i_44555838338	JALISCO DESAYUNO	BREAKFAST	14.28	1	1
31074073	i_44555838339	CHILAQUILES PLT	BREAKFAST	14.28	1	1
31074073	i_44555838340	HUEVOS DIVORCIADOS	BREAKFAST	13.18	1	1
31074073	i_44555838341	HUEVOS RANCHEROS	BREAKFAST	13.18	1	1
31074073	i_44555838342	HUEVOS CON CHORIZO	BREAKFAST	13.18	1	1
31074073	i_44555838343	HUEVO C/ MACHACADO	BREAKFAST	13.18	1	1
31074073	i_44555838344	HUEVOS C NOPALES	BREAKFAST	13.18	1	1
31074073	i_44555838345	HUEVOS A LA MEX	BREAKFAST	13.18	1	1
31074073	i_44555838346	HUEVOS CON JAMON	BREAKFAST	13.18	1	1
31074073	i_44555838357	CAMARONES CHILE ARBOL	SEAFOOD	21.98	1	1
31074073	i_44555838358	CAMARONES SALSA RANCH	SEAFOOD	21.98	1	1
31074073	i_44555838359	CAMARONES DIABLA	SEAFOOD	21.98	1	1
31074073	i_44555838360	CAMARONES AJO	SEAFOOD	21.98	1	1
31074073	i_44555838361	COCKTAIL DE CAMARON	SEAFOOD	18.68	1	0
31074073	i_44555838362	CAMARONES EMP PLT	SEAFOOD	18.68	1	0
31074073	i_44555838363	FILETE DE PESCADO PLT	SEAFOOD	19.78	1	1
31074073	i_44555838364	GRILLED FISH FILLET	SEAFOOD	20.88	1	1
31074073	i_44555838365	MOJARRA FRITA PLT	SEAFOOD	20.88	1	1
31074073	i_44555838366	VEGETABLE FAJITA	ON THE LIGHTER SIDE	17.58	1	1
31074073	i_44555838369	POLLO A LA MEX	ON THE LIGHTER SIDE	17.58	1	1
31074073	i_44555838370	POLLO EN SALSA RANCHERA	ON THE LIGHTER SIDE	17.58	1	1
31074073	i_44555838371	POLLO EN CHILE DE ARBOL	ON THE LIGHTER SIDE	17.58	1	1
31074073	i_44555838372	PECHUGA POLLO PLANCHA	ON THE LIGHTER SIDE	17.58	1	1
31074073	i_44555838374	TACO DINNER	LA HACIENDA FAVORITES	19.74	1	1
31074073	i_44555838375	TACOS LOMO DINNER	LA HACIENDA FAVORITES	21.98	1	1
31074073	i_44555838376	TOSTADAS DINNER DINNER	LA HACIENDA FAVORITES	16.48	1	0
31074073	i_44555838377	QUESADILLAS DINNER	LA HACIENDA FAVORITES	17.58	1	1
31074073	i_44555838380	BIRRIA TACO DINNER	LA HACIENDA FAVORITES	23.04	1	1
31074073	i_44555838381	QUESABIRRIAS DINNER	LA HACIENDA FAVORITES	25.24	1	0
31074073	i_44555838383	BURRITO SUIZO DINNER	LA HACIENDA FAVORITES	17.05	1	0
31074073	i_44555838384	ENCHILADAS ROJAS DINNER	LA HACIENDA FAVORITES	17.58	1	0
31074073	i_44555838385	ENCHILADAS MOLE DINNER	LA HACIENDA FAVORITES	17.58	1	0
31074073	i_44555838386	ENCHILADAS SUIZAS DINNER	LA HACIENDA FAVORITES	17.58	1	0
31074073	i_44555838387	FLAUTAS DINNER	LA HACIENDA FAVORITES	17.58	1	0
31074073	i_44555838388	COMBINACION PLT	LA HACIENDA FAVORITES	16.48	1	0
31074073	i_44555838389	COMBINACINO AZTECA	LA HACIENDA FAVORITES	18.68	1	1
31074073	i_44555838390	COMBINACION JALISCO	LA HACIENDA FAVORITES	17.58	1	0
31074073	i_44555838391	CHILES RELLENOS DINNER	LA HACIENDA FAVORITES	18.68	1	1
31074073	i_44555838392	POLLO EN MOLE DINNER	LA HACIENDA FAVORITES	17.58	1	1
31074073	i_44555838393	GORDITAS DINNER	LA HACIENDA FAVORITES	18.68	1	0
31074073	i_44555838394	SOPES DINNER	LA HACIENDA FAVORITES	18.68	1	0
31074073	i_44555838395	TAMAL DINNER	LA HACIENDA FAVORITES	16.48	1	1
31074073	i_44555838396	MILANESA DE POLLO PLT	LA HACIENDA FAVORITES	18.68	1	1
31074073	i_44555838397	MILANESA DE RES PLT	LA HACIENDA FAVORITES	19.78	1	1
31074073	i_44555838398	CARNITAS DINNER	LA HACIENDA FAVORITES	25.24	1	1
31074073	i_44555838399	CARNITAS TACO DINNER	LA HACIENDA FAVORITES	25.24	1	1
31074073	i_44555838400	LIBRA DE CARNITAS	LA HACIENDA FAVORITES	27.44	1	1
31074073	i_44555838405	PARRILLADA COMBINATION LG	PARRILLADAS & FAJITAS	53.88	1	1
31074073	i_44555838407	PARRILLADA REGULAR LG	PARRILLADAS & FAJITAS	62.68	1	1
31074073	i_44555838408	PARRILLADA CHILANGA	PARRILLADAS & FAJITAS	0.00	1	1
31074073	i_44555838409	CHICKEN FAJITAS	PARRILLADAS & FAJITAS	20.88	1	1
31074073	i_44555838410	STEAK FAJITAS	PARRILLADAS & FAJITAS	21.98	1	1
31074073	i_44555838411	SHRIMP FAJITAS	PARRILLADAS & FAJITAS	25.28	1	1
31074073	i_44555838412	COMBINATION FAJITAS	PARRILLADAS & FAJITAS	25.24	1	1
31074073	i_44555838413	MIX FAJITAS	PARRILLADAS & FAJITAS	26.38	1	1
31074073	i_44555838414	CARNE A LA TAMPIQUENA	PARRILLADAS & FAJITAS	23.08	1	1
31074073	i_44555838415	LOMO RES CHILE DE ARBOL	PARRILLADAS & FAJITAS	24.18	1	1
31074073	i_44555838416	LOMO RES SALSA VERDE	PARRILLADAS & FAJITAS	24.18	1	1
31074073	i_44555838417	BISTEC RANCHERO	PARRILLADAS & FAJITAS	21.98	1	1
31074073	i_44555838418	BISTEC C/RAJAS & QUESO	PARRILLADAS & FAJITAS	21.98	1	1
31074073	i_44555838419	BISTEC A LA MX	PARRILLADAS & FAJITAS	21.98	1	1
31074073	i_44555838420	MEXICAN FIESTA T-BONE	PARRILLADAS & FAJITAS	27.48	1	1
31074073	i_44555838421	COSTILLAS DE RES	PARRILLADAS & FAJITAS	25.28	1	1
31578047	i_20672129192	Smoothies	SMOOTHIES	10.00	1	1
31578047	i_21507495742	Tiger Milk Tea	SPECIALTY TEA	10.25	1	1
31578047	i_21474933091	Specialty Tea	SPECIALTY TEA	7.50	1	1
31578047	i_20672129182	Fruit Teas	FRUIT TEA	7.50	1	1
31578047	i_21570121716	Pandan Waffle_1	WAFFLES	7.75	1	0
31578047	i_20672129180	10. Bambu Favorite	CHE	9.00	1	1
31578047	i_21507495743	Dirty Taro Milk Tea	SPECIALTY TEA	10.25	1	1
31578047	i_21472792666	Premium Smoothie	PREMIUM SMOOTHIES	11.25	1	1
31578047	i_20672129198	Mochi_1	MOCHI	2.50	1	0
31578047	i_20672129177	6. Fruit Addict	CHE	10.75	1	1
31578047	i_20672129173	1. Bambu Special	CHE	10.75	1	1
31578047	i_20672129174	3. Awesome Trio	CHE	9.00	1	1
31578047	i_20672129175	4. Summer Delight	CHE	9.00	1	1
31578047	i_20672129176	5. Smashed Avocado	CHE	10.75	1	1
31578047	i_20672129178	7. Taro Lover	CHE	9.00	1	1
31578047	i_20672129179	15. Green Lantern	CHE	9.00	1	1
31578047	i_21468202623	9. Bambu Refresher	CHE	10.75	1	1
31578047	i_21468368306	11. Coconut Combu	CHE	10.75	1	1
31578047	i_21467864373	2. Bambu Combo	CHE	9.00	1	1
31578047	i_21477699837	8. Longan Sunrise	CHE	9.00	1	1
31578047	i_21477873836	16. Red Bean Combo	CHE	9.00	1	1
31578047	i_42833865035	12. Mango Halo Halo	CHE	13.50	1	0
31578047	i_42821561590	13. Bambu Halo Halo	CHE	13.50	1	0
31578047	i_21508140767	Icy Passion Fruit Tea	FRUIT TEA	10.25	1	1
31578047	i_20672129193	Yonami Yogurt Blends	YONAMI YOGURT	10.75	1	1
31578047	i_21513400963	Combo Yogurt	YONAMI YOGURT	13.25	1	1
31578047	i_20672129195	Blended Teas	BLENDED TEA	9.00	1	1
31578047	i_20672129196	Sea Salt Teas	SEA SALT TEA	7.50	1	1
31578047	i_20672129197	Pandan Waffle_2	WAFFLES	14.50	1	0
31578047	i_21475346477	Taro Waffle_1	WAFFLES	7.75	1	0
31578047	i_21568845623	Taro Waffle_2	WAFFLES	14.50	1	0
31578047	i_21474399256	Mochi_3	MOCHI	7.00	1	0
31578047	i_21474577116	Green Milk Tea	GREEN TEA	7.00	1	1
31578047	i_21474462126	Black Milk Tea	BLACK TEA	7.00	1	1
31578047	i_21474577134	Sparkling Tea	SPARKLING TEA	7.50	1	1
31578047	i_21474535936	Avocado and Durian Smoothie	AVOCADO : DURIAN SMOOTHIE	13.00	1	1
31578047	i_21474577139	Coffee Iced	COFFEE ICED	7.85	1	1
31578047	i_21477998617	Vietnamese Traditional_ICED	COFFEE ICED	7.85	1	1
31578047	i_21474399247	Coffee Hot	COFFEE HOT	7.85	1	1
31578047	i_21476662506	Vietnamese Traditional_HOT	COFFEE HOT	7.85	1	1
31578047	i_21474933165	Coffee Blended	COFFEE BLEND	9.00	1	1
31578047	i_21477699742	Vietnamese_BLEND	COFFEE BLEND	9.00	1	1
31992957	i_22972794262	BACON WRAPPED JALAPENOS	Delivery-Stuffed Olive	13.20	0	0
31992957	i_22972794261	BRUSCHETTA	Delivery-Stuffed Olive	10.45	0	0
31992957	i_22972912482	CRAB RANGOON FLATBREAD	Delivery-Stuffed Olive	14.85	0	0
31992957	i_39623766627	FRIED STUFFED OLIVES	Delivery-Stuffed Olive	11.00	0	0
31992957	i_22972794263	CRAB RANGOONS (4)	Delivery-Stuffed Olive	11.00	0	0
31992957	i_39623766629	CALAMARI.	Delivery-Stuffed Olive	14.30	0	0
31992957	i_39623766630	CREAMY CRAB DIP	Delivery-Stuffed Olive	14.85	0	0
31992957	i_40519287525	CRAB CAKES	Delivery-Stuffed Olive	19.80	0	0
31992957	i_40519287526	FIRECRACKER SHRIMP	Delivery-Stuffed Olive	14.30	0	0
31992957	i_40519287527	FOCACCIA BREAD	Delivery-Stuffed Olive	7.15	0	0
31992957	i_39623766631	KAMAKAZI TUNA	Delivery-Stuffed Olive	18.15	0	0
31992957	i_39623766632	SESAME SEARED TUNA	Delivery-Stuffed Olive	18.15	0	0
31992957	i_22972912474	GHOST SLIDERS (2)	Delivery-Stuffed Olive	15.95	0	0
31992957	i_22972912475	WHISKEY SLIDERS (2)	Delivery-Stuffed Olive	15.95	0	0
31992957	i_22972912476	BLUE CHEESE SLIDERS (2)	Delivery-Stuffed Olive	15.95	0	0
31992957	i_22972912477	ROASTED RED PEPPER HUMMUS	Delivery-Stuffed Olive	10.45	0	0
31992957	i_39623766633	REGULAR CHARCUTERIE BOARD	Delivery-Stuffed Olive	19.80	0	0
31992957	i_39623766634	JUMBO CHARCUTERIE BOARD	Delivery-Stuffed Olive	33.00	0	0
31992957	i_22972912483	MEDITERRANEAN CAPRESE FLA	Delivery-Stuffed Olive	14.85	0	0
31992957	i_22972912484	PESTO CHICKEN FLATBREAD	Delivery-Stuffed Olive	14.85	0	0
31992957	i_22972912485	SWEET & SPICY SICILIAN FL	Delivery-Stuffed Olive	14.85	0	0
31992957	i_39623766636	SPINACH ARTICHOKE FLATBRE	Delivery-Stuffed Olive	14.85	0	0
31992957	i_39623766637	THAI CHICKEN FLATBREAD	Delivery-Stuffed Olive	14.85	0	0
31992957	i_40519287533	MAHI MAHI	Delivery-Stuffed Olive	21.45	0	0
31992957	i_40519287536	CHIA PUDDING	Delivery-Stuffed Olive	6.60	0	0
31992957	i_40519287538	CHEESECAKE DESSERT	Delivery-Stuffed Olive	9.35	0	0
31992957	i_39623766638	SIDE OF PITA POINTS	Delivery-Stuffed Olive	3.30	0	0
31992957	i_39623766639	SIDE OF CROSTINIS	Delivery-Stuffed Olive	3.30	0	0
31992957	i_39623766640	EXTRA SAUCE	Delivery-Stuffed Olive	0.55	0	1
32569279	i_22995505244	14" PEPPERONI	Pizza	17.60	0	0
32569279	i_22995505251	8" MARGHERITA	Pizza	11.55	0	0
32569279	i_22995505243	14" MARGHERITA	Pizza	22.00	0	0
32569279	i_22995505250	8" CHEESE	Pizza	8.25	0	0
32569279	i_22995505256	8" VEGGIE	Pizza	9.35	0	0
32569279	i_22995505252	8" PEPPERONI	Pizza	9.35	0	0
32569279	i_22995505254	8" SUPREME	Pizza	10.45	0	0
32569279	i_22995505257	SIDE SAUCE	Pizza	0.55	0	1
32569279	i_22995505242	14" CHEESE	Pizza	15.40	0	0
32569279	i_22995505248	14" VEGGIE	Pizza	17.60	0	0
32569279	i_22995505246	14" SUPREME	Pizza	20.90	0	0
32569279	i_22995505247	14" TACO	Pizza	24.20	0	0
32569279	i_22995505241	14" BUFF CHICKEN	Pizza	22.00	0	0
32569279	i_22995505249	8" BUFF CHICKEN	Pizza	12.65	0	0
32569279	i_22995505255	8" TACO	Pizza	12.65	0	0
32920268	i_23290096646	Soon-Tofu Soup	SOOBDUBU JJIGAE	20.04	0	1
32920268	i_23290096645	Soon-Tofu Noodle	SOOBDUBU JJIGAE	21.22	0	1
32920268	i_23279308233	Regular Bibimbap	Bibimbap	18.86	0	1
32920268	i_23279302939	Beef Bulgogi Bento	Bento	24.76	0	0
32920268	i_23279314489	Beef Short Ribs	Korean BBQ	35.38	0	0
32920268	i_23279314490	Pork Belly Kimchi	Korean BBQ	30.66	0	0
32920268	i_23279300159	Seafood Pancake	Appetizers	18.86	0	0
32920268	i_23279300163	Spring Rolls	Appetizers	8.24	0	0
32920268	i_23279300161	Fried Dumpling	Appetizers	9.42	0	1
32920268	i_23290184935	Kimchi Stew	Bento	18.86	0	1
32920268	i_23279308234	Hot Stone Bibimbap	Bibimbap	21.22	0	1
32920268	i_23279302938	Pork Cutlets Bento	Bento	24.76	0	0
32920268	i_23279302940	Pork Bulgogi Bento	Bento	23.58	0	0
32920268	i_23279302941	Chicken Bulgogi Bento	Bento	22.40	0	0
32920268	i_23279314486	Beef Bulgogi	Korean BBQ	30.66	0	0
32920268	i_23279314487	Pork Bulgogi	Korean BBQ	29.48	0	0
32920268	i_23279314488	Chicken Bulgogi	Korean BBQ	28.30	0	0
32920268	i_23279300158	Sampler Platter	Appetizers	21.22	0	0
32920268	i_23279300160	Kimchi Pancake	Appetizers	17.68	0	0
32920268	i_23279300162	Boiled Dumpling	Appetizers	11.78	0	0
32920268	i_23279300164	Japchae	Appetizers	20.04	0	0
32920268	i_23279307432	Coke	Drink	2.95	0	0
32920268	i_23279307433	Diet Coke	Drink	2.95	0	0
32920268	i_23279307434	Sprite	Drink	2.95	0	0
33138267	i_27293440936	Crab Rangoon	APPETIZERS	6.60	0	0
33138267	i_27293441052	Sweet Potato Tempura Roll	VEGETABLE ROLLS	5.50	0	0
33138267	i_27293440938	Miso Soup	SOUP	3.30	0	0
33138267	i_27293441047	Spicy Tuna Roll	RAW FISH ROLLS	8.25	0	0
33138267	i_27293440915	Gyoza (vegie option available)	APPETIZERS	6.05	0	0
33138267	i_27293440990	Miso On Fire Roll	SPECIAL ROLLS	16.50	0	0
33138267	i_27293441005	Crazy Dragon Roll	SPECIAL ROLLS	14.30	0	0
33138267	i_27293440913	Edamame	APPETIZERS	6.05	0	0
33138267	i_27293441029	Shrimp Tempura Roll	COOKED ROLLS	8.25	0	0
33138267	i_27293441038	Alaskan Roll	RAW FISH ROLLS	8.25	0	0
33138267	i_27293440889	Oishi Tonkotsu Rame	OISHI RAMEN	17.60	0	1
33138267	i_27293440890	Spicy Miso Tonkotsu	OISHI RAMEN	17.60	0	1
33138267	i_27293440891	Oishi Tonkotsu Shoyu	OISHI RAMEN	17.60	0	1
33138267	i_27293440892	Garilc Lover Tonkotsu	OISHI RAMEN	17.60	0	1
33138267	i_27293440893	Curry Tonkotsu Ramen	OISHI RAMEN	17.60	0	1
33138267	i_27293440894	Nagoya Ramen (vegetarian)	OISHI RAMEN	15.40	0	0
33138267	i_27293440895	(Side) White Rice	Side Order	2.20	0	0
33138267	i_27293440896	(Side) Sushi Rice	Side Order	5.50	0	0
33138267	i_27293440897	(Side) Fried Rice	Side Order	3.30	0	0
33138267	i_27293440898	(Side) Eel sauce	Side Order	1.10	0	0
33138267	i_27293440899	(Side) Spicy mayo	Side Order	1.10	0	0
33138267	i_27293440900	(Side) Ponzu Sauce	Side Order	1.10	0	0
33138267	i_27293440901	(Side) Yam Yam sauce	Side Order	1.10	0	0
33138267	i_27293440902	(Side) Soy Sauce	Side Order	1.10	0	0
33138267	i_27293440903	(Side) Ginger Dressing	Side Order	1.10	0	0
33138267	i_27293440904	(Side) Sweet chilli sauce	Side Order	1.10	0	0
33138267	i_27293440905	(Side) Ginger	Side Order	1.10	0	0
33138267	i_27293440906	(Side) Wasabi	Side Order	1.10	0	0
33138267	i_27293440907	(Side) Sriracha Sauce	Side Order	1.10	0	0
33138267	i_27293440908	(Side) Kizami Wasabi	Side Order	3.30	0	0
33138267	i_27293440909	Oishi T shirt	Side Order	27.50	0	0
33138267	i_27293440910	Oishi hat	Side Order	16.50	0	0
33138267	i_27293440911	Oishi Chopsticks	Side Order	11.00	0	0
33138267	i_27293440912	(Side) 1PC Quail EGG	Side Order	1.10	0	0
33138267	i_27293440914	Shumai	APPETIZERS	6.05	0	0
33138267	i_27293440916	Yasai gyoza ( vegetable)	APPETIZERS	6.05	0	0
33138267	i_27293440917	Takoyaki	APPETIZERS	11.00	0	0
33138267	i_27293440918	Haru Maki	APPETIZERS	7.15	0	0
33138267	i_27293440919	Garlic Broccoli	APPETIZERS	7.15	0	0
33138267	i_27293440920	Bullet	APPETIZERS	7.70	0	0
33138267	i_27293440922	Rock Shrimp	APPETIZERS	8.80	0	0
33138267	i_27293440923	Fried Calamari	APPETIZERS	8.80	0	0
33138267	i_27293440924	Hamachi Crudo	APPETIZERS	11.00	0	0
33138267	i_27293440925	Sashimi	APPETIZERS	13.20	0	0
33138267	i_27293440926	Nigiri	APPETIZERS	11.00	0	0
33138267	i_27293440927	Salmon Bites	APPETIZERS	11.00	0	0
33138267	i_27293440928	Tuna Tataki	APPETIZERS	13.20	0	0
33138267	i_27293440929	Age Tofu	APPETIZERS	6.05	0	0
33138267	i_27293440930	Kaki Fried	APPETIZERS	7.65	0	0
33138267	i_27293440931	Tiger Eyes	APPETIZERS	8.75	0	0
33138267	i_27293440932	Toro tataki (fatty tuna)	APPETIZERS	19.80	0	0
33138267	i_27293440933	(APPETIZERS) Vegetable Tempura Tempura	APPETIZERS	8.80	0	0
33138267	i_27293440934	(APPETIZERS) Shrimp Tempura Tempura	APPETIZERS	8.80	0	0
33138267	i_27293440935	(APPETIZERS) Chicken Tempura Tempura	APPETIZERS	8.80	0	0
33138267	i_27293440937	Clear Soup	SOUP	3.30	0	0
33138267	i_27293440939	Seafood Soup	SOUP	8.80	0	0
33138267	i_27293440940	House Salad	SALADS	3.25	0	0
33138267	i_27293440941	Kani Salad	SALADS	7.15	0	0
33138267	i_27293440942	Avocado Salad	SALADS	7.15	0	0
33138267	i_27293440943	Seaweed Salad	SALADS	6.60	0	0
33138267	i_27293440944	Oishi Poke Bowl	SUSHI ENTREE	20.90	0	1
33138267	i_27293440945	Vegetable Combo	SUSHI ENTREE	12.10	0	1
33138267	i_27293440946	Maki Combo	SUSHI ENTREE	16.50	0	1
33138267	i_27293440947	Tri-Color Nigiri	SUSHI ENTREE	26.40	0	1
33138267	i_27293440948	Tri-Color Sashimi	SUSHI ENTREE	22.00	0	1
33138267	i_27293440949	Sashimi Deluxe	SUSHI ENTREE	33.00	0	1
33138267	i_27293440950	Nigiri Deluxe	SUSHI ENTREE	26.40	0	1
33138267	i_27293440951	Chirashi Don	SUSHI ENTREE	26.40	0	1
33138267	i_27293440952	Sushi for Two	SUSHI ENTREE	50.60	0	1
33138267	i_27293440953	Oishi Love Boat	SUSHI ENTREE	74.80	0	1
33138267	i_27293440954	Oishi Special	SUSHI ENTREE	26.40	0	1
33138267	i_27293440955	Tuna Lover's Special	SUSHI ENTREE	22.00	0	1
33138267	i_27293440956	Salmon Lover's Special	SUSHI ENTREE	19.80	0	1
33138267	i_27293440957	Special Combo	SUSHI ENTREE	19.80	0	1
33138267	i_27293440958	Sushi & Sashimi Combo	SUSHI ENTREE	33.00	0	1
33138267	i_27293440959	Salmon Sweetheart	SUSHI ENTREE	83.60	0	1
33138267	i_27293440960	Oishi Poke Bowl (Shrimp)	SUSHI ENTREE	20.90	0	0
33138267	i_36271386447	6 Roll Mystery Set	MYSTERY BOAT	88.00	0	0
33138267	i_36271386448	8 Roll Mystery Set	MYSTERY BOAT	121.00	0	0
33138267	i_36271386449	10 Roll Mystery Set	MYSTERY BOAT	148.50	0	0
33138267	i_36274210899	Waygu Beef	NIGIRI/SASHIMI	22.00	0	1
33138267	i_27293440979	Fatty Tuna - Toro	NIGIRI/SASHIMI	15.40	0	1
33138267	i_36274210900	Fatty Sake - Salmon	NIGIRI/SASHIMI	7.70	0	1
33138267	i_27293440980	Fresh Oyster - Kaki	NIGIRI/SASHIMI	7.70	0	1
33138267	i_36274210901	Uni & Kaki	NIGIRI/SASHIMI	19.80	0	1
33138267	i_27293440961	Egg Cluster - Tamago	NIGIRI/SASHIMI	4.95	0	1
33138267	i_27293440983	Hirame - Fluke	NIGIRI/SASHIMI	8.80	0	1
33138267	i_27293440963	Shrimp - Ebi	NIGIRI/SASHIMI	7.15	0	1
33138267	i_27293440966	Striped Bass - Suzuki	NIGIRI/SASHIMI	6.05	0	1
33138267	i_27293440973	Salmon - Sake	NIGIRI/SASHIMI	6.05	0	1
33138267	i_27293440974	Tuna - Maguro	NIGIRI/SASHIMI	8.80	0	1
33138267	i_27293440976	Eel - Unagi	NIGIRI/SASHIMI	6.05	0	1
33138267	i_27293440977	Yellowtail - Habachi	NIGIRI/SASHIMI	6.60	0	1
33138267	i_27293440978	Salmon Roe - Ikura	NIGIRI/SASHIMI	7.70	0	1
33138267	i_36274881675	Amaebi	NIGIRI/SASHIMI	14.30	0	1
33138267	i_27293440971	Flying Fish Roe - Tobiko	NIGIRI/SASHIMI	7.70	0	1
33138267	i_27293440970	Octopus - Takox	NIGIRI/SASHIMI	7.15	0	1
33138267	i_27293440964	Mackerel - Saba	NIGIRI/SASHIMI	5.50	0	1
33138267	i_27293440984	Madai	NIGIRI/SASHIMI	8.80	0	1
33138267	i_27293440968	Surf Clam - Hokkigai	NIGIRI/SASHIMI	6.60	0	1
33138267	i_27293440969	Squid - Ika	NIGIRI/SASHIMI	6.60	0	1
33138267	i_27293440967	Tofu Skin - Inari	NIGIRI/SASHIMI	5.50	0	1
33138267	i_27293440962	Crab - Kani	NIGIRI/SASHIMI	4.95	0	1
33138267	i_27293440965	Red Snapper - Tai	NIGIRI/SASHIMI	5.50	0	1
33138267	i_27293440972	Flying Fish Roe - Masago	NIGIRI/SASHIMI	6.05	0	1
33138267	i_27293440975	White Tuna - Albacore	NIGIRI/SASHIMI	6.05	0	1
33138267	i_27293440982	Sweet Shrimp - Ama Ebi	NIGIRI/SASHIMI	14.30	0	1
33138267	i_27293440985	007 Roll	SPECIAL ROLLS	14.30	0	0
33138267	i_27293440986	Paradise Roll	SPECIAL ROLLS	17.60	0	0
33138267	i_27293440987	Black N Pink Roll	SPECIAL ROLLS	17.60	0	0
33138267	i_27293440988	Golden Dragon Roll	SPECIAL ROLLS	14.30	0	0
33138267	i_27293440989	Oishi Roll	SPECIAL ROLLS	16.50	0	0
33138267	i_27293440991	Tri Color Roll	SPECIAL ROLLS	14.30	0	0
33138267	i_27293440992	Rainbow Roll	SPECIAL ROLLS	14.30	0	0
33138267	i_27293440993	Sunshine Roll	SPECIAL ROLLS	17.60	0	0
33138267	i_27293440994	Lucky 7 Roll	SPECIAL ROLLS	18.70	0	0
33138267	i_27293440995	Green Dragon Roll	SPECIAL ROLLS	13.20	0	0
33138267	i_27293440996	Emperor's Treasure	SPECIAL ROLLS	20.90	0	0
33138267	i_27293440997	Spicy Girl Roll	SPECIAL ROLLS	16.45	0	0
33138267	i_27293440998	Sex On The Beach Roll	SPECIAL ROLLS	16.50	0	0
33138267	i_27293440999	Pink Lady Roll	SPECIAL ROLLS	18.70	0	0
33138267	i_27293441000	Canada Roll	SPECIAL ROLLS	13.20	0	0
33138267	i_27293441001	Dynamite Roll	SPECIAL ROLLS	15.40	0	0
33138267	i_27293441002	Sunny Roll	SPECIAL ROLLS	14.30	0	0
33138267	i_27293441003	Snow White Roll	SPECIAL ROLLS	14.30	0	0
33138267	i_27293441004	Caterpillar Roll	SPECIAL ROLLS	15.40	0	0
33138267	i_27293441006	Sea Monster	SPECIAL ROLLS	19.80	0	0
33138267	i_27293441007	Mango Tango	SPECIAL ROLLS	15.40	0	0
33138267	i_27293441008	Firecracker	SPECIAL ROLLS	18.70	0	0
33138267	i_27293441009	The forbidden fruit	SPECIAL ROLLS	15.40	0	0
33138267	i_27293441010	First love	SPECIAL ROLLS	17.60	0	0
33138267	i_27293441011	Las Vegas	SPECIAL ROLLS	22.00	0	0
33138267	i_27293441012	Summer Blossom	SPECIAL ROLLS	19.80	0	0
33138267	i_27293441013	Godzilla	SPECIAL ROLLS	14.30	0	0
33138267	i_27293441014	Black dragon	SPECIAL ROLLS	14.30	0	0
33138267	i_27293441015	Kiss	SPECIAL ROLLS	14.30	0	0
33138267	i_27293441016	New York City	SPECIAL ROLLS	16.50	0	0
33138267	i_27293441017	Dragon Fly Roll	SPECIAL ROLLS	16.50	0	0
33138267	i_27293441018	Bull’s eye	SPECIAL ROLLS	19.80	0	0
33138267	i_27293441019	Lion king	SPECIAL ROLLS	20.90	0	0
33138267	i_27293441020	OMG	SPECIAL ROLLS	20.90	0	0
33138267	i_27293441021	Bon Fire	SPECIAL ROLLS	20.90	0	0
33138267	i_27293441022	Harukaze Roll	SPECIAL ROLLS	19.80	0	0
33138267	i_27293441023	Can't Decide Roll (Box pressed)	SPECIAL ROLLS	22.00	0	0
33138267	i_27293441024	Jack'd Up Roll	SPECIAL ROLLS	20.90	0	0
33138267	i_36269943592	Dragon’s Breath	SPECIAL ROLLS	20.90	0	0
33138267	i_36269943593	Fantastic Baby	SPECIAL ROLLS	17.60	0	0
33138267	i_36269943594	Fried Chicken Special	SPECIAL ROLLS	13.20	0	0
33138267	i_36269943595	Black Pearl	SPECIAL ROLLS	16.50	0	0
33138267	i_36269943596	Naruto	SPECIAL ROLLS	16.50	0	0
33254259	i_24764021584	Butter Chicken Pizza	Pizzas	25.00	0	0
33254259	i_24763938439	Butter Naan	Indian Breads	9.45	0	1
33254259	i_24764021586	Saag Paneer Pizza	Pizzas	26.00	0	0
33254259	i_24764021587	Malai Kofta Pizza	Pizzas	26.00	0	0
33254259	i_24764022913	Masala Chicken Parmesan	Fusion Mains	29.70	0	0
33254259	i_24764031868	Mango Lassi	Dessert Drinks	9.60	0	0
33254259	i_24764022909	Tiramisu	Desserts	13.50	0	0
33254259	i_24764022917	Butter Chicken	Non-Vegetarian Indian Mains	21.60	0	0
33254259	i_24764022925	Vijayawada Paneer Biryani	Biryanis	25.65	0	1
33254259	i_24764022919	Masala Eggplant Parmesan	Fusion Mains	28.35	0	0
33254259	i_44465994964	Burrata with Masala Peach Chutney	Fusion Starters	18.00	0	0
33254259	i_24763663053	Cheese Curds	Fusion Starters	16.20	0	0
33254259	i_44465994965	Chicken & Cheese Samosas	Fusion Starters	19.20	0	0
33254259	i_44465994966	Curd Rice Arancini	Fusion Starters	16.80	0	0
33254259	i_44465994967	Curried Artichoke Dip	Fusion Starters	20.40	0	0
33254259	i_44465994968	Fried Oysters	Fusion Starters	26.40	0	0
33254259	i_26730457470	Kali Mirch Corn Crackle	Fusion Starters	18.90	0	0
33254259	i_44465994969	Lamb Galouti Sliders	Fusion Starters	22.80	0	0
33254259	i_36190465467	Lamb Keema Arancini	Fusion Starters	31.05	0	0
33254259	i_24763663055	Naan Bruschetta	Fusion Starters	18.90	0	0
33254259	i_25965160802	Wing Basket	Fusion Starters	19.00	0	1
33254259	i_24763663059	Chicken 555	Indian Starters	21.60	0	0
33254259	i_44465994970	Lamb Seekh Kebabs	Indian Starters	27.60	0	0
33254259	i_44465994971	Malai Chicken Kebabs	Indian Starters	26.40	0	0
33254259	i_44465994972	Mixed Tandoori Sizzler (serves 2)	Indian Starters	66.00	0	0
33254259	i_44465994973	Paneer Pineapple Kebabs	Indian Starters	26.40	0	0
33254259	i_24763663058	Sesame Chilli Gobhi	Indian Starters	18.90	0	0
33254259	i_26730457471	Zaffrani Tandoori Sizzler	Indian Starters	32.40	0	0
33254259	i_44465994974	Baked Meatballs	Italian Starters	26.40	0	0
33254259	i_36190465469	Cheese Corn Balls	Italian Starters	28.35	0	0
33254259	i_44465994975	Toasted Ravioli	Italian Starters	19.20	0	0
33254259	i_44465994976	Mulligatawny Tortellini Soup	Soups	13.20	0	0
33254259	i_24764033723	Saffron Lobster Bisque	Soups	18.20	0	0
33254259	i_24764033725	Caesar Salad	Salads	20.25	0	1
33254259	i_36190465473	Italian Chopped Salad with Fried Paneer	Salads	24.30	0	0
33254259	i_44465994977	Watermelon Mint Panzanella	Salads	18.00	0	0
33254259	i_44465994978	Chicken 65 Pizza	Pizzas	27.60	0	0
33254259	i_24764021589	Classic Pepperoni Pizza	Pizzas	24.00	0	0
33254259	i_44465994979	Lamb Seekh Kebab Pizza	Pizzas	31.20	0	0
33254259	i_44465994980	Peach Chutney Pizza	Pizzas	24.00	0	0
33254259	i_25976475612	Pear Gorgonzola Pizza	Pizzas	25.00	0	0
33254259	i_24764021590	Samosa Pizza	Pizzas	24.00	0	0
33254259	i_44465994981	Mixed Meat Mandi (serves 3)	Biryanis	78.00	0	0
33254259	i_24764022924	Vijayawada Chicken Biryani	Biryanis	23.00	0	1
33254259	i_24764022926	Vijayawada Goat Biryani	Biryanis	27.00	0	1
33254259	i_26828002381	Zafferano Special Chicken Biryani	Biryanis	32.40	0	1
33254259	i_24764022928	Cauliflower Steak	Fusion Mains	32.40	0	0
33254259	i_44465994982	Chicken 65 Gnocchi	Fusion Mains	28.80	0	0
33254259	i_44465994983	Eggplant Saag Paneer Lasagna	Fusion Mains	30.00	0	0
33254259	i_24764022912	Lamb Lasagna	Fusion Mains	31.05	0	0
33254259	i_24764022921	Paneer Ravioli Piccata	Fusion Mains	31.05	0	0
33254259	i_44465994984	Saag Burrata with Rice	Fusion Mains	27.60	0	0
33254259	i_24764022923	Saffron Mac & Cheese	Fusion Mains	24.30	0	0
33254259	i_24764022914	Spaghetti with Indian Spiced Lamb Meatballs	Fusion Mains	29.70	0	0
33254259	i_26730457489	Dal Makhani	Vegetarian Indian Mains	22.95	0	0
33254259	i_44465994985	Jackfruit Nihari	Vegetarian Indian Mains	25.20	0	0
33254259	i_44465994986	Paneer Noorjahani	Vegetarian Indian Mains	22.80	0	0
33254259	i_26730457488	Punjabi Chole Bhature	Vegetarian Indian Mains	26.40	0	0
33254259	i_26730457487	Rajasthani Malai Kofta	Vegetarian Indian Mains	22.80	0	0
33254259	i_36190465479	Chettinad Goat Curry	Non-Vegetarian Indian Mains	30.00	0	0
33254259	i_44465994987	Duck Pepper Fry	Non-Vegetarian Indian Mains	43.20	0	0
33254259	i_24764022916	Goat Laal Maas	Non-Vegetarian Indian Mains	31.20	0	0
33254259	i_26730457479	Mughlai Butter Scallops	Non-Vegetarian Indian Mains	38.40	0	0
33254259	i_24764022915	Zafferano Special Chicken Curry	Non-Vegetarian Indian Mains	26.20	0	0
33254259	i_44465994988	Italian Sausage and Pepper Linguine	Italian Mains	28.80	0	0
33254259	i_26730457486	Lobster Ravioli	Italian Mains	33.60	0	0
33254259	i_36190465481	Side of Spaghetti	Italian Mains	15.00	0	1
33254259	i_44465994989	Side of Fries	Italian Mains	6.00	0	0
33254259	i_44465994990	Branzino with Kappa	Steaks & Seafood	52.80	0	0
33254259	i_24763946276	Champagne Risotto with Scallops	Steaks & Seafood	43.20	0	0
33254259	i_24763946269	Lamb Rack Lollipops	Steaks & Seafood	59.40	0	0
33254259	i_44465994991	Pistachio Halibut with Mango Chutney	Steaks & Seafood	52.80	0	0
33254259	i_44465994992	Pompano Pollichathu with Coconut Rice	Steaks & Seafood	43.20	0	0
33254259	i_26730457493	Ribeye Demi Glaze	Steaks & Seafood	50.40	0	1
33254259	i_44465994993	Shrimp with Orzo	Steaks & Seafood	33.60	0	0
33254259	i_24763946274	Steak With Potato Ghee Roast	Steaks & Seafood	51.30	0	1
33254259	i_44465994994	Carrot Halwa Creme Brulee	Desserts	14.40	0	0
33254259	i_24764022908	Chai Panna Cotta	Desserts	12.15	0	0
33254259	i_44465994995	Palam Pori with Glaze	Desserts	14.40	0	0
33254259	i_44465994996	Peach Lassi	Dessert Drinks	9.60	0	0
33449327	i_24494375477	Full Order Mix	Pel'meni	10.95	1	0
33449327	i_24494375476	Full Order Beef	Pel'meni	10.95	1	0
33449327	i_24494375481	Extra Sour Cream	Pel'meni	0.30	1	0
33449327	i_24494375478	Full Order Potato	Pel'meni	10.95	1	0
33449327	i_24494375473	Half Order Mix	Pel'meni	8.65	1	0
33449327	i_24494375474	Half Order Potato	Pel'meni	8.65	1	0
33449327	i_24493809272	Half Order Of Beef	Pel'meni	8.65	1	0
33449327	i_24494375486	Chili Sauce	Pel'meni	0.00	1	0
34162385	i_25295246854	Build Your Own Pizza	Build Your Own Pizza	10.89	1	1
34162385	i_25295353546	Ultimate Pepperoni	Specialty Pizzas	16.39	1	1
34162385	i_25295368940	Parmesan Bread Bites	Breads	5.39	1	1
34162385	i_25295353548	Wisconsin 6-Cheese	Specialty Pizzas	16.39	1	1
34162385	i_25295347843	Garlic Dipping Cup	Extras	0.99	1	0
34162385	i_25295347841	Ranch Dipping Cup	Extras	0.99	1	0
34162385	i_25295353543	The People's Pizza - Deluxe	Specialty Pizzas	16.39	1	1
34162385	i_25295353547	Memphis BBQ Chicken	Specialty Pizzas	16.39	1	1
34162385	i_25295353539	MeatZZa	Specialty Pizzas	16.39	1	1
34162385	i_25295347845	Marinara Dipping Cup	Extras	0.99	1	0
34162385	i_27545037948	Custom Medium 2-Topping 12” Pizza	Build Your Own Pizza	16.87	1	1
34162385	i_35143252734	Spicy Chicken Bacon Ranch	Specialty Pizzas	16.39	1	1
34162385	i_25295353538	ExtravaganZZa	Specialty Pizzas	16.39	1	1
34162385	i_25295353542	Honolulu Hawaiian	Specialty Pizzas	16.39	1	1
34162385	i_25295353540	Philly Cheese Steak	Specialty Pizzas	16.39	1	1
34162385	i_25295353541	Pacific Veggie	Specialty Pizzas	16.39	1	1
34162385	i_25295353549	Spinach & Feta	Specialty Pizzas	16.39	1	1
34162385	i_30624394587	Garlic Bread Bites	Breads	5.39	1	1
34162385	i_25295368934	Stuffed Cheesy Bread	Breads	9.79	1	0
34162385	i_25295368935	Pepperoni Stuffed Cheesy Bread	Breads	9.79	1	0
34162385	i_25295368936	Spinach & Feta Stuffed Cheesy Bread	Breads	9.79	1	0
34162385	i_25295368937	Bacon & Jalapeno Stuffed Cheesy Bread	Breads	9.79	1	0
34162385	i_30624394588	Cinnamon Bread Bites	Breads	5.39	1	1
34162385	i_25295288449	Loaded Chicken – Crispy Bacon & Tomato	Chicken & Wings	9.79	1	0
34162385	i_25295288450	Loaded Chicken – Classic Hot Buffalo	Chicken & Wings	9.79	1	0
34162385	i_25295288451	Loaded Chicken – Spicy Jalapeno - Pineapple	Chicken & Wings	9.79	1	0
34162385	i_25295288452	Loaded Chicken – Sweet BBQ Bacon	Chicken & Wings	9.79	1	0
34162385	i_25295288453	Hot Buffalo Wings	Chicken & Wings	11.99	1	1
34162385	i_25295288454	Honey BBQ Wings	Chicken & Wings	11.99	1	1
34162385	i_25295288455	Plain Wings	Chicken & Wings	11.99	1	1
34162385	i_25295288456	Sweet Mango Habanero Wings	Chicken & Wings	11.99	1	1
34162385	i_25295288457	Garlic Parmesan Wings	Chicken & Wings	11.99	1	1
34162385	i_25295288458	Boneless Chicken	Chicken & Wings	11.99	1	1
34162385	i_25295357524	5-Cheese Mac & Cheese	Oven-Baked Pastas	9.79	1	0
34162385	i_25295357525	Spicy Buffalo 5-Cheese Mac & Cheese	Oven-Baked Pastas	9.79	1	0
34162385	i_25295357526	Chicken Alfredo Pasta	Oven-Baked Pastas	9.79	1	0
34162385	i_25295268836	Chicken Bacon Ranch Sandwich	Oven-Baked Sandwiches	9.79	1	0
34162385	i_25295268837	Italian Sandwich	Oven-Baked Sandwiches	9.79	1	0
34162385	i_25295268838	Chicken Parm Sandwich	Oven-Baked Sandwiches	9.79	1	0
34162385	i_25295268839	Buffalo Chicken Sandwich	Oven-Baked Sandwiches	9.79	1	0
34162385	i_25295313835	Classic Garden	Salads	9.79	1	0
34162385	i_25295313836	Chicken Caesar	Salads	9.79	1	0
34162385	i_25295329932	Domino's Marbled Cookie Brownie	Desserts	8.69	1	0
34162385	i_25295288612	Coke®	Drinks	3.19	1	1
34162385	i_25295288613	Diet Coke®	Drinks	3.19	1	1
34162385	i_30624394590	Cherry Coke®	Drinks	3.19	1	1
34162385	i_25295288614	Sprite®	Drinks	3.19	1	1
34162385	i_25295288615	20oz Dasani® Bottle Water	Drinks	3.19	1	0
34162385	i_30624394591	2-Liter Barqs®	Drinks	4.29	1	0
34162385	i_34234452991	20oz Bottle Mr. Pibb	Drinks	3.19	1	0
34162385	i_30624394592	20oz Bottle Mello Yello®	Drinks	3.19	1	0
34162385	i_25295288616	Fanta® Orange	Drinks	3.19	1	1
34162385	i_30624394593	2 Liter Lemonade Bottle	Drinks	4.29	1	0
34162385	i_44002903604	Slice Sauce Dipping Cup	Extras	0.99	1	0
34162385	i_25295347838	Hot Buffalo Dipping Cup	Extras	0.99	1	0
34162385	i_25295347839	Sweet Mango Habanero Dipping Cup	Extras	0.99	1	0
34162385	i_25295347840	Honey BBQ Dipping Cup	Extras	0.99	1	0
34162385	i_25295347842	Blue Cheese Dipping Cup	Extras	0.99	1	0
34162385	i_25295347844	Icing Dipping Cup	Extras	0.99	1	0
34162385	i_25295347846	Caesar Dressing	Extras	0.99	1	0
34162385	i_25295347847	Ranch Dressing	Extras	0.99	1	0
34162385	i_25295347848	Balsamic	Extras	0.99	1	0
34692487	i_40190415421	1Lb Pork Rib Tip Meal	All Pork	12.50	1	1
34692487	i_40190415408	1Lb Oxtails	All Beef	30.80	1	1
34692487	i_40190415411	1Lb Turkey Tips	All Turkey	12.50	1	1
34692487	i_40190415431	Small Fries	Sides	3.30	1	0
34692487	i_40190415429	Red beans & rice 8oz	Sides	6.60	1	0
34692487	i_40190415417	Mini Tips	All Chicken	9.35	1	1
34692487	i_40190415427	Smoked Mac and Cheese 8oz	Sides	7.15	1	0
34692487	i_40190415428	Smoked Mac 16oz	Sides	13.75	1	0
34692487	i_40190415430	Red Beans and Rice 16oz	Sides	11.00	1	0
34692487	i_40190415432	Lg Fries	Sides	5.50	1	0
34692487	i_40190415433	Jerk Mac 8oz	Sides	9.35	1	0
34692487	i_40190415434	Jerk Mac 16oz	Sides	14.85	1	0
34692487	i_40190415435	Bottle water	Drinks	1.65	1	0
34692487	i_40190415437	Coke	Drinks	1.92	1	0
34692487	i_40190415438	Diet Coke	Drinks	1.92	1	0
34692487	i_40190415440	Grape	Drinks	1.92	1	0
34692487	i_40190415442	Jerk chicken tip/Rib Tip	Combo's	22.00	1	1
34692487	i_40190415444	Oxtail/Rib Tips	Combo's	30.80	1	1
34692487	i_40190415445	Oxtail/Turkey Tips	Combo's	30.80	1	1
34692487	i_40190415447	Meal For 2	All Tips Meal Specials	32.98	1	1
34692487	i_40190415448	Meal For 3	All Tips Meal Specials	47.28	1	1
34692487	i_40190415449	Meal For 5	All Tips Meal Specials	76.98	1	1
34692487	i_40190415450	Meal For 10	All Tips Meal Specials	142.98	1	1
34692487	i_40190415466	Jerk Chicken Tips (SMALL) 8-10	All Chicken	88.00	1	0
34692487	i_40190415467	Jerk Chicken Tips (Med) 15-18	All Chicken	165.00	1	0
350727	i_2425584450	Burrito Bowl	Entree	11.00	1	1
350727	i_186886273	Burrito	Entree	11.00	1	1
350727	i_7535309886	Chips	Side	2.25	1	0
350727	i_7535309893	Chips & Queso Blanco	Side	6.00	1	0
350727	i_10330726372	Quesadilla	Entree	11.70	1	1
350727	i_7535309887	Chips & Guacamole	Side	6.00	1	0
350727	i_251424231	Tortilla on the Side	Side	0.65	1	0
350727	i_7812584691	Mexican Coca-Cola	Drink	4.50	1	0
350727	i_43002404899	Side of Cilantro Lime Sauce	Side	1.95	1	0
350727	i_5520977870	Three Tacos	Entree	11.00	1	1
350727	i_6957796047	One Taco	Entree	4.55	1	1
350727	i_2425584451	Salad	Entree	11.00	1	1
350727	i_2855430636	Kid's Build Your Own	Entree	6.65	1	1
350727	i_5168574835	Kid's Quesadilla	Entree	5.40	1	1
350727	i_30266627671	Build-Your-Own Chipotle	Entree	59.00	1	1
350727	i_30266627670	2 Large Chips & 3 Large Sides	Entree	22.75	1	1
350727	i_38659568511	Double High Protein Bowl	High Protein Menu	15.35	1	0
350727	i_38659568513	High Protein-High Fiber Bowl	High Protein Menu	11.00	1	0
350727	i_38659568516	High Protein Taco	High Protein Menu	4.55	1	0
350727	i_38659568512	High Protein Cup - Chicken	High Protein Menu	4.35	1	0
350727	i_38659568517	High Protein Cup - Steak	High Protein Menu	6.95	1	0
350727	i_38659568514	High Protein - Low Calorie Bowl	High Protein Menu	14.70	1	0
350727	i_38659568515	Double High Protein Burrito	High Protein Menu	15.35	1	0
350727	i_44283564040	High Protein Cup - Chipotle Honey Chicken	High Protein Menu	5.15	1	0
350727	i_7535309889	Chips & Tomatillo-Green Chili Salsa	Side	2.75	1	0
350727	i_7535309890	Chips & Tomatillo-Red Chili Salsa	Side	2.75	1	0
350727	i_7535309891	Chips & Roasted Chili-Corn Salsa	Side	2.75	1	0
350727	i_7535309888	Chips & Fresh Tomato Salsa	Side	2.75	1	0
350727	i_24957536292	Large Chips	Side	3.20	1	0
350727	i_2888735786	Large Side of Queso Blanco	Side	7.40	1	0
350727	i_2888735785	Side of Queso Blanco	Side	3.70	1	0
350727	i_6472048511	Large Side of Guacamole	Side	7.40	1	0
350727	i_6472048509	Side of Guacamole	Side	3.70	1	0
350727	i_43002404900	Large Side of Cilantro Lime Sauce	Side	3.90	1	0
350727	i_7535309894	Large Chips & Large Queso Blanco	Side	10.60	1	0
350727	i_7535309892	Large Chips & Large Guacamole	Side	10.60	1	0
350727	i_33808615662	Large Tomatillo-Red Chili Salsa	Side	2.80	1	0
350727	i_44283564042	Side of Chipotle Honey Chicken	Side	5.15	1	0
350727	i_33808615659	Large Tomatillo-Green Chili Salsa	Side	2.80	1	0
350727	i_33808615661	Large Roasted Chili-Corn Salsa	Side	2.80	1	0
350727	i_30266627675	Large Fresh Tomato Salsa	Side	2.80	1	0
350727	i_37926192021	Side of Steak	Side	6.95	1	0
350727	i_37926192020	Side of Chicken	Side	4.35	1	0
350727	i_553219261	Mexican Sprite	Drink	4.50	1	0
350727	i_17059615888	Poppi Orange	Drink	4.15	1	0
350727	i_17059615889	Poppi Strawberry Lemon	Drink	4.15	1	0
350727	i_34928504309	San Pellegrino Sparkling	Drink	3.90	1	0
350727	i_44361633194	Jarritos Mango	Drink	4.50	1	0
350727	i_44361633193	Jarritos Guava	Drink	4.50	1	0
350727	i_17059615887	Open Water Still	Drink	4.10	1	0
350727	i_17059615886	Coke Zero	Drink	4.50	1	0
350727	i_10204961880	Apple Juice	Drink	4.55	1	0
350727	i_1786047908	Tractor Organic Lemonade	Drink	4.55	1	0
35499967	i_29382909551	Strawberry Cheesecake	Crepes & Waffles	14.99	1	1
35499967	i_29382909550	Fruit	Crepes & Waffles	14.99	1	1
35499967	i_29382909559	Ferrero Rocher	Crepes & Waffles	14.99	1	1
35499967	i_29382901030	Mango Matcha	Matcha	6.99	1	1
35499967	i_29382909554	Pistashio	Crepes & Waffles	14.99	1	1
35499967	i_29382909552	Kinder Bueno	Crepes & Waffles	13.99	1	1
35499967	i_29382901029	Strawberry Matcha	Matcha	6.99	1	1
35499967	i_29382909557	Oreo	Crepes & Waffles	13.99	1	1
35499967	i_29382901031	Lavender Matcha	Matcha	6.99	1	1
35499967	i_29383011385	Mango	Smoothies	6.99	1	1
35499967	i_29383042385	American Coffee	Hot Coffee	3.75	1	0
35499967	i_29383042386	Americano Coffee	Hot Coffee	4.99	1	1
35499967	i_29383042387	Turkish Coffee	Hot Coffee	4.99	1	1
35499967	i_29383042388	Hot Chocolate	Hot Coffee	4.99	1	1
35499967	i_29383042389	Hot Caramel Macchiato	Hot Coffee	5.99	1	1
35499967	i_29383042390	Cappuccino	Hot Coffee	5.99	1	1
35499967	i_29383042391	Latte	Hot Coffee	5.99	1	1
35499967	i_29383042392	Cafe Mocha	Hot Coffee	5.99	1	1
35499967	i_29383042393	White Chocolate Mocha	Hot Coffee	5.99	1	1
35499967	i_29383042394	Affogato	Hot Coffee	4.99	1	0
35499967	i_29383042395	Espresso	Hot Coffee	4.49	1	0
35499967	i_29382910754	Iced Coffee	Iced Coffee	4.99	1	1
35499967	i_29382910755	Caramel Frappuccino	Iced Coffee	6.99	1	1
35499967	i_29382910756	Iced Caramel Macchiato	Iced Coffee	6.99	1	1
35499967	i_29382910757	Iced Latte	Iced Coffee	6.99	1	1
35499967	i_29382910758	Iced Coffee Mocha	Iced Coffee	6.99	1	1
35499967	i_29382910759	Iced White Mocha	Iced Coffee	6.99	1	1
35499967	i_29383048377	Black Tea	Tea	3.99	1	1
35499967	i_29383048378	Green Tea	Tea	3.99	1	1
35499967	i_29383048379	Chamomile Tea	Tea	3.99	1	1
35499967	i_29383048380	Herbal Tea	Tea	3.99	1	1
35499967	i_29383048381	Iced Tea	Tea	4.99	1	1
35499967	i_29382901032	Vanilla Matcha	Matcha	6.99	1	1
35499967	i_29382901033	Blueberry Matcha	Matcha	6.99	1	1
35499967	i_29382901034	Raspberry Matcha	Matcha	6.99	1	1
35499967	i_29383051375	Birthday Cake	Shake	6.99	1	1
35499967	i_29383051376	Strawberry	Shake	6.99	1	1
35499967	i_29383051377	Chocolate	Shake	6.99	1	1
35499967	i_29383051378	Vanilla	Shake	6.99	1	1
35499967	i_29383051379	Kitkat	Shake	6.99	1	1
35499967	i_29383051381	Kinder Chocolate	Shake	6.99	1	1
35499967	i_29617768595	Oreo Shake	Shake	6.99	1	1
35499967	i_29383011381	Fruit Cocktail	Smoothies	6.99	1	1
35499967	i_29383011382	Berry Blast	Smoothies	6.99	1	1
35499967	i_29383011383	Strawberry Banana	Smoothies	6.99	1	1
35499967	i_29383011386	Mango Banana	Smoothies	6.99	1	1
35499967	i_29383011387	Lemon Mint	Smoothies	6.99	1	1
35499967	i_29383011388	Avocado	Smoothies	6.99	1	1
35499967	i_29382930479	Peach	Mojito	5.99	1	1
35499967	i_29382930480	Green Apple	Mojito	5.99	1	1
35499967	i_29382930481	Blueberry	Mojito	5.99	1	1
35499967	i_29382930482	Raspberry	Mojito	5.99	1	1
35499967	i_29382930483	Pomegranate	Mojito	5.99	1	1
35499967	i_29383049874	Dragon Fruit	Refreshers	6.99	1	1
35499967	i_29382571307	Mix beef & Cheese	Savory Crepes & Sandwiches	17.99	1	0
35499967	i_29382571308	Turkey & Cheese	Savory Crepes & Sandwiches	17.99	1	0
35499967	i_29382571309	Haloumi & Tomato	Savory Crepes & Sandwiches	17.99	1	0
35499967	i_29382571310	Pizza Toast	Savory Crepes & Sandwiches	11.99	1	0
35499967	i_29382571311	Avocado Toast	Savory Crepes & Sandwiches	14.49	1	0
35499967	i_29382571312	Lox	Savory Crepes & Sandwiches	14.49	1	0
35499967	i_29382571313	Turkey Toast	Savory Crepes & Sandwiches	14.49	1	0
35499967	i_29382571314	Italian Meat Lovers	Savory Crepes & Sandwiches	14.49	1	0
35499967	i_29382909553	Smore's	Crepes & Waffles	13.99	1	1
35499967	i_29382909558	Fruity Pebbles	Crepes & Waffles	13.99	1	1
35499967	i_29382909562	Flake	Crepes & Waffles	13.99	1	1
35499967	i_29382909564	Lotus	Crepes & Waffles	13.99	1	1
35596781	i_36475960474	The Pink Plate	Specials	13.46	0	1
35596781	i_29836231227	New York & Eggs 18	Specials	24.84	0	1
35596781	i_29836231221	The Swimming Pig	Specials	18.63	0	1
35596781	i_29836231230	Apple	Toast & Cakes	15.00	0	0
35596781	i_29836231193	Laura’s Empanadas	Sharing	10.35	0	0
35596781	i_36463831555	Eggs En Purgatory	Bowls	16.56	0	1
35596781	i_29836231191	The Shovel	Lunch	15.53	0	1
35596781	i_29836231232	The Pink Pony	Toast & Cakes	16.56	0	0
35596781	i_29836231112	Coffee	Coffee & Espresso	3.62	0	1
35596781	i_29836231231	Badger Cakes	Toast & Cakes	12.00	0	0
35596781	i_29836231113	Decaf Coffee	Coffee & Espresso	3.00	0	1
35596781	i_29836231115	Tea	Coffee & Espresso	3.00	0	0
35596781	i_29836231114	Milk Whole Sassy Cow	Coffee & Espresso	2.59	0	0
35596781	i_29836231166	Mexico Coca Cola	Soda & Juices	3.62	0	0
35596781	i_29836231168	Orange Juice	Soda & Juices	6.00	0	0
35596781	i_29836231169	Klarbrunn sparkling water	Soda & Juices	2.59	0	0
35596781	i_29836231170	Mexico Fanta	Soda & Juices	3.62	0	0
35596781	i_29836231171	Sprite	Soda & Juices	3.62	0	0
35596781	i_29836231173	Cranberry Sparkling Owen's	Soda & Juices	3.11	0	0
35596781	i_29836231174	Grapefruit Owen's	Soda & Juices	3.00	0	0
35596781	i_29836231175	Ginger Beer Owen's	Soda & Juices	3.11	0	0
35596781	i_29836231176	Mint-cucumber	Soda & Juices	3.11	0	0
35596781	i_29836231177	Owens Tonic Water	Soda & Juices	3.00	0	0
35596781	i_29836231180	Blueberry Lemonade	Soda & Juices	3.11	0	0
35596781	i_29836231181	Oysters	Flamingo In The Raw	8.80	0	0
35596781	i_29836231183	Shrimp Cocktai	Flamingo In The Raw	14.00	0	0
35596781	i_29836231186	Tossed Caesar	Lunch	12.42	0	0
35596781	i_29836231188	Pail In the Sand	Lunch	16.56	0	1
35596781	i_29836231189	Just Feathers	Lunch	16.56	0	1
35596781	i_29836231190	Slapping The Bull	Lunch	18.63	0	1
35596781	i_29836231192	Black & Moody Flamingo	Lunch	16.00	0	1
35596781	i_36463849586	Blue Water	Between 2 Buns	12.42	0	0
35596781	i_36435602257	Chorizo Avocado Tortilla	Omelets	17.60	0	1
35596781	i_36435602258	Shrooms	Omelets	17.60	0	1
35596781	i_36435602259	The Vegan Frittata	Omelets	16.56	0	1
35596781	i_36463740123	Biscuits & Gravy	Bennies	16.56	0	1
35596781	i_36463740127	Wisco Eggs	Bennies	17.60	0	1
35596781	i_36463221219	*Flamingo Bowl	Bowls	17.60	0	1
35596781	i_36463831556	Roots	Bowls	16.56	0	1
35596781	i_36463831557	Squash Bowl	Bowls	16.56	0	1
35596781	i_29836231196	Brussel sprouts	Sharing	8.00	0	0
35596781	i_29836231197	Favs	Sharing	12.42	0	0
35596781	i_29836231198	Le Fruity	Sharing	8.00	0	0
35596781	i_29836231199	The Greek	Sharing	6.00	0	0
35596781	i_29836231201	Shrimp Bisque	Sharing	8.28	0	0
35596781	i_36464040110	Huevos Divorciados	Specials	15.53	0	1
35842845	i_34119824847	Garlic Naan	Breads	6.95	0	0
35842845	i_34119834934	Chicken 65 Biryani	Biryani Specials	20.95	0	0
35842845	i_34119862044	Chicken Tikka Masala	Non-Vegetarian Entrée	19.95	0	0
35842845	i_34119862043	Butter Chicken	Non-Vegetarian Entrée	20.95	0	0
35842845	i_34119866172	Paneer Tikka Masala	Vegetarian Entrée	19.95	0	0
35842845	i_34119824846	Plain Naan	Breads	5.95	0	0
35842845	i_34119862027	Basmati Rice	Extras / Sides	4.95	0	0
35842845	i_34119834935	Veg Dum Biryani	Biryani Specials	19.95	0	0
35842845	i_34119834932	Chicken Dum Biryani Bone In	Biryani Specials	20.95	0	0
35842845	i_34119824848	Cheese Naan	Breads	6.95	0	0
35842845	i_34119834930	Tomato Soup with Bread Chunks	Soups	6.95	0	0
35842845	i_34119834931	Lentil Soup	Soups	6.95	0	0
35842845	i_34119882217	Gobi 65	Vegetarian Appetizer	14.95	0	0
35842845	i_34119882218	Gobi Manchurian	Vegetarian Appetizer	14.95	0	0
35842845	i_34119882219	Onion Pakora	Vegetarian Appetizer	10.95	0	0
35842845	i_34119882221	Samosa	Vegetarian Appetizer	10.95	0	0
35842845	i_35537391105	Paneer pakora	Vegetarian Appetizer	12.95	0	0
35842845	i_35537391106	Aloo Tikki	Vegetarian Appetizer	10.50	0	0
35842845	i_35554107099	Samosa chaat	Vegetarian Appetizer	14.95	0	0
35842845	i_35537391108	Aloo tikki chaat	Vegetarian Appetizer	13.95	0	0
35842845	i_34119862028	Papadum (2 Pieces)	Extras / Sides	3.95	0	0
35842845	i_34119862029	Raita	Extras / Sides	4.95	0	0
35842845	i_34119862030	Yogurt	Extras / Sides	3.95	0	0
35842845	i_34119862031	Assorted Chutney	Extras / Sides	1.95	0	0
35842845	i_34119876039	Fish pakora	Non-Vegetarian Appetizer	16.95	0	0
35842845	i_34119876040	Chicken Pakora	Non-Vegetarian Appetizer	13.95	0	0
35842845	i_34119876041	Chicken Manchurian	Non-Vegetarian Appetizer	15.95	0	0
35842845	i_34119822700	Tandoori Chicken	Tandoori Specialties	19.95	0	0
35842845	i_34119822701	Chicken Tikka	Tandoori Specialties	20.95	0	0
35842845	i_34119822702	Malai Chicken Tikka	Tandoori Specialties	20.95	0	0
35842845	i_34119822703	Seekh Kebab (Lamb)	Tandoori Specialties	24.95	0	0
35842845	i_34119822705	Paneer Tikka	Tandoori Specialties	20.95	0	1
35842845	i_34119822706	Tandoori Mixed Grill	Tandoori Specialties	29.95	0	0
35842845	i_36082325978	Lamb boti kabab	Tandoori Specialties	24.95	0	0
35842845	i_34119824849	Bullet Bolt (Ashirwad Special)	Breads	8.95	0	0
35842845	i_34119824851	Peshawari Naan	Breads	7.95	0	0
35842845	i_34119824852	Chapati	Breads	5.95	0	0
35842845	i_34119866166	Malai Kofta	Vegetarian Entrée	19.95	0	0
35842845	i_34119866167	Kadai Paneer	Vegetarian Entrée	19.95	0	0
35842845	i_34119866168	Kadai Veg	Vegetarian Entrée	19.95	0	0
35842845	i_34119866169	Palak Paneer	Vegetarian Entrée	19.95	0	0
35842845	i_34119866170	Chana Masala	Vegetarian Entrée	17.95	0	0
35842845	i_34119866171	Paneer Butter Masala	Vegetarian Entrée	20.95	0	0
35842845	i_34119866173	Tadka Dal	Vegetarian Entrée	17.95	0	0
35842845	i_35569333642	Bhindi masala	Vegetarian Entrée	20.95	0	0
35842845	i_35529283907	Tofu vegan masala	Vegetarian Entrée	19.95	0	0
35842845	i_35529283908	Aloo gobhi	Vegetarian Entrée	18.95	0	0
35842845	i_35569333644	Mix veg curry	Vegetarian Entrée	18.95	0	0
35842845	i_34119834933	Mutton Dum Biryani	Biryani Specials	23.95	0	0
35842845	i_34119862032	Chicken Curry	Non-Vegetarian Entrée	19.95	0	0
35842845	i_34119862033	Goat Curry	Non-Vegetarian Entrée	22.95	0	0
35842845	i_34119862034	Lamb Curry (Hyderabad-Style)	Non-Vegetarian Entrée	21.95	0	0
35842845	i_34119862035	Lamb Rogan Josh	Non-Vegetarian Entrée	21.95	0	0
35842845	i_34119862036	Kadai Chicken	Non-Vegetarian Entrée	19.95	0	0
35842845	i_34119862037	Kadai goat	Non-Vegetarian Entrée	22.95	0	0
35842845	i_34119862038	Saag Chicken	Non-Vegetarian Entrée	19.95	0	0
35842845	i_34119862039	Chicken Korma	Non-Vegetarian Entrée	19.95	0	0
35842845	i_34119862040	Lamb Korma	Non-Vegetarian Entrée	21.95	0	0
35842845	i_34119862041	Chicken Vindaloo	Non-Vegetarian Entrée	19.95	0	0
35842845	i_34119862042	Lamb Vindaloo	Non-Vegetarian Entrée	21.95	0	0
35842845	i_34119862045	Fish Curry	Non-Vegetarian Entrée	22.95	0	0
35842845	i_34119862046	Shrimp Curry	Non-Vegetarian Entrée	22.95	0	1
35842845	i_35569333653	Goat vindaloo	Non-Vegetarian Entrée	22.95	0	0
35842845	i_35569333660	Shrimp masala	Non-Vegetarian Entrée	22.95	0	0
35842845	i_35537391155	Shrimp vindaloo	Non-Vegetarian Entrée	22.95	0	0
35842845	i_35537391156	Shrimp korma	Non-Vegetarian Entrée	22.95	0	0
35842845	i_35529283917	Fish masala	Non-Vegetarian Entrée	22.95	0	0
35842845	i_35537391159	Fish korma	Non-Vegetarian Entrée	22.95	0	0
35842845	i_35529283918	Fish vindaloo	Non-Vegetarian Entrée	22.95	0	0
35842845	i_34119879987	Schezwan Veg Noodles	Indo-Chinese - Noodles	19.95	0	1
35842845	i_38427087692	Schezwan CKn Noodles	Indo-Chinese - Noodles	21.95	0	0
35842845	i_34119866174	Gulab Jamun	Dessert	6.95	0	0
35842845	i_34119866175	Ras Malai	Dessert	7.95	0	0
35842845	i_34119866178	Mango Ice Cream	Dessert	7.95	0	0
35842845	i_34119834936	Vegetarian Momo (Steamed)	Himalayan Momos	13.95	0	0
35842845	i_34119834938	Chicken Momo (Steamed)	Himalayan Momos	14.95	0	0
35842845	i_34119834940	Fried vegetarian Momo	Himalayan Momos	13.95	0	0
35842845	i_34119834941	Chicken fried Momo	Himalayan Momos	14.95	0	0
35842845	i_34119882227	Hyderabadi Masala Chai	Drinks	5.00	0	0
35842845	i_34119882228	Himalayan Spiced Coffee	Drinks	5.00	0	0
35842845	i_34119882229	Lassi (Mango / Sweet / Salt)	Drinks	6.00	0	1
35842845	i_36025157171	Sunrise leaminade	Drinks	6.50	0	0
35842845	i_36082325981	Pina colada leamonade	Drinks	6.50	0	0
36024959	i_36978349381	MiMi Combo Box	1. Kimbap & Side dishes	14.49	0	1
36024959	i_36978349378	Bulgogi Kimbap 1 Roll (김밥)	1. Kimbap & Side dishes	8.49	0	0
36024959	i_36978349402	Crispy Man Corn Dog 1 Piece (핫도그)	5. Grab & Go	5.99	0	0
36024959	i_36978349393	🌶️ 🌶️ Classic Tteokbokki 16oz (떡볶이)	2.Tteokboki	8.49	0	0
36024959	i_36978349379	Classic Kimbap 1 Roll (김밥)	1. Kimbap & Side dishes	6.99	0	0
36024959	i_36978349386	🌶️ Spicy Pork Kimbap 1 Roll(김밥)	1. Kimbap & Side dishes	8.49	0	0
36024959	i_36978349397	🌱Glass noodle Seaweed Roll Tempura 5pieces(김말이)	3. Mandu/Tempura	4.99	0	0
36024959	i_36978349382	🌶️ 🌶️ Spicy Beef Kimbap	1. Kimbap & Side dishes	8.49	0	0
36024959	i_36978349391	🌶️ 🌶️ Cheese Tteokbokki 24oz (치즈떡볶이)	2.Tteokboki	9.99	0	0
36024959	i_40138268883	Fresh Cucumber Kimchi (Oi Kimchi) 8oz	1. Kimbap & Side dishes	4.99	0	0
36024959	i_44338192761	🥢 [NEW] Crab Salad Kimbap	1. Kimbap & Side dishes	8.49	0	0
36024959	i_36978349385	🥢[NEW] Vegan Yubu Kimbap(유부김밥)	1. Kimbap & Side dishes	6.99	0	0
36024959	i_43753351014	[Pre-Order] Bulk Kimbap (20+ Rolls) – 10% OFF	1. Kimbap & Side dishes	6.49	0	1
36024959	i_36978349380	Kimbap & Ramen Combo	1. Kimbap & Side dishes	11.99	0	1
36024959	i_42006796427	🌱 Crunchy Veggie Kimbap	1. Kimbap & Side dishes	6.99	0	0
36024959	i_36978349384	Tuna Kimbap	1. Kimbap & Side dishes	8.49	0	0
36024959	i_36978349390	Shrimp Tempura Kimbap	1. Kimbap & Side dishes	8.49	0	0
36024959	i_36978349392	🌶️ 🌶️ Tteokbokki with Boiled Egg 24oz (달걀떡볶이)	2.Tteokboki	9.99	0	0
36024959	i_43880594760	🌶️ 🌶️ Tteokbokki with Glass Noodles 40oz (당면사리 떡볶이)	2.Tteokboki	11.99	0	0
36024959	i_36978349394	🌱Crispy Baked Mandu 7 pieces (군만두)	3. Mandu/Tempura	6.99	0	0
36024959	i_42888788875	🌱Sweet & Sour baked Mandu 6 pieces (탕수만두)	3. Mandu/Tempura	8.49	0	0
36024959	i_43889119086	🌱MiMi Assorted Baked Tempura (모둠튀김)	3. Mandu/Tempura	6.99	0	0
36024959	i_36978349400	🌱Japchae Bowl	4. Noodle	10.99	0	0
36024959	i_44247691273	Milkis	7. Drinks	2.99	0	0
36024959	i_36978349415	Korean Pear Juice	7. Drinks	2.99	0	0
36024959	i_36978349413	Grape BongBong	7. Drinks	2.99	0	0
36024959	i_36978349416	Sweet Rice Punch	7. Drinks	2.99	0	0
36024959	i_36978349414	K-Street Instant Coffee(10oz)	7. Drinks	4.99	0	0
36024959	i_36978349408	Add-on Coca-Cola (콜라)	7. Drinks	0.99	0	0
36024959	i_36978349410	Add-on Sprite (사이다)	7. Drinks	0.99	0	0
36024959	i_40142933347	Add-on Diet Coca-Cola (다이어트 콜라)	7. Drinks	0.99	0	0
36024959	i_36978349412	Bottle Water	7. Drinks	0.99	0	0
36042509	i_33346219179	4Pc Signature Chicken	Signature Chicken	12.69	1	1
36042509	i_32877870578	Spicy Chicken Sandwich	Chicken Sandwiches	7.39	1	0
36042509	i_32877870577	Classic Chicken Sandwich	Chicken Sandwiches	7.39	1	0
36042509	i_32877870604	Cajun Fries	Signature Sides and Sauces	4.29	1	1
36042509	i_32877870602	Dipping Sauces	Signature Sides and Sauces	0.63	1	1
36042509	i_32877870603	Homestyle Mac & Cheese	Signature Sides and Sauces	4.29	1	1
36042509	i_32877870605	Mashed Potatoes with Cajun Gravy	Signature Sides and Sauces	4.29	1	1
36042509	i_32877870608	Biscuit	Signature Sides and Sauces	1.69	1	1
36042509	i_32877870610	Cinnamon Apple Pie	Desserts	2.69	1	1
36042509	i_32877870575	5Pc Tenders Combo	Combos	17.39	1	1
36042509	i_43519066008	2Pc Signature Chicken Meal Deal	Popeyes Delivery Faves	9.99	1	1
36042509	i_43519066009	3Pc Tenders Meal Deal	Popeyes Delivery Faves	9.99	1	1
36042509	i_43519066010	4Pc Signature Chicken Meal Deal for 2	Popeyes Delivery Faves	16.99	1	1
36042509	i_43519066011	6Pc Tenders Meal Deal for 2	Popeyes Delivery Faves	16.99	1	1
36042509	i_43519066012	8Pc Signature Chicken Meal Deal for the Krewe	Popeyes Delivery Faves	31.99	1	1
36042509	i_43519066013	12Pc Tenders Meal Deal for the Krewe	Popeyes Delivery Faves	31.99	1	1
36042509	i_41133891176	8pc Butterfly Shrimp Combo	Combos	12.39	1	1
36042509	i_32877870566	6Pc Boneless Wings Combo	Combos	13.89	1	1
36042509	i_32877870567	6Pc Bone-In Wings Combo	Combos	13.89	1	1
36042509	i_32877870568	12Pc Mix & Match Wings Combo	Combos	20.19	1	1
36042509	i_32877870569	Classic Chicken Sandwich Combo	Combos	12.39	1	1
36042509	i_32877870570	Spicy Chicken Sandwich Combo	Combos	12.39	1	1
36042509	i_44302834626	Honey BBQ Chicken Sandwich Combo	Combos	12.39	1	1
36042509	i_44302834627	Honey BBQ Bacon & Cheese Chicken Sandwich Combo	Combos	14.59	1	1
36042509	i_32877870571	2Pc Signature Chicken Combo	Combos	12.39	1	1
36042509	i_32877870572	3Pc Signature Chicken Combo	Combos	13.39	1	1
36042509	i_32877870573	4Pc Signature Chicken Combo	Combos	17.39	1	1
36042509	i_32877870574	3Pc Tenders Combo	Combos	13.69	1	1
36042509	i_33346219177	2Pc Signature Chicken	Signature Chicken	8.89	1	1
36042509	i_33346219178	3Pc Signature Chicken	Signature Chicken	11.39	1	1
36042509	i_32877870588	8Pc Signature Chicken	Signature Chicken	23.29	1	1
36042509	i_32877870589	12Pc Signature Chicken	Signature Chicken	25.79	1	1
36042509	i_32877870590	16Pc Signature Chicken	Signature Chicken	33.89	1	1
36042509	i_32877870584	3Pc Handcrafted Tenders	Tenders	6.39	1	1
36042509	i_32877870585	5Pc Handcrafted Tenders	Tenders	10.19	1	1
36042509	i_44277845167	8Pc Handcrafted Tenders	Tenders	23.29	1	1
36042509	i_32877870586	12Pc Tenders	Tenders	25.79	1	1
36042509	i_32877870587	16Pc Tenders	Tenders	33.89	1	1
36042509	i_44302834628	Honey BBQ Chicken Sandwich	Chicken Sandwiches	7.39	1	0
36042509	i_44302834629	Honey BBQ Bacon & Cheese Chicken Sandwich	Chicken Sandwiches	9.59	1	0
36042509	i_32877870579	6Pc Boneless Wings	Wings	8.89	1	1
36042509	i_32877870580	6Pc Bone-In Wings	Wings	8.89	1	1
36042509	i_32877870581	12Pc Mix & Match Wings	Wings	14.99	1	1
36042509	i_32877870582	24Pc Mix & Match Wings	Wings	29.79	1	1
36042509	i_44302834622	Classic Wrap	Wraps	4.79	1	0
36042509	i_44302834623	Spicy Wrap	Wraps	4.79	1	0
36042509	i_44302834624	Blackened Ranch Wrap	Wraps	4.79	1	0
36042509	i_44302834625	Wraps Bundle	Wraps	11.99	1	1
36042509	i_32877870594	Wings 2 Can Dine	Group Meals	14.99	1	1
36042509	i_32877870595	18Pc Wing Group Pack	Group Meals	29.99	1	1
36042509	i_32877870596	24Pc Wing Group Pack	Group Meals	28.79	1	1
36042509	i_32877870597	Wings & Sandwiches Bundle	Group Meals	23.99	1	1
36042509	i_32877870598	8Pc Signature Chicken Family Meal	Group Meals	36.19	1	1
36042509	i_32877870599	12Pc Signature Chicken Family Meal	Group Meals	48.73	1	1
36042509	i_32877870600	16Pc Signature Chicken Family Meal	Group Meals	64.19	1	1
36042509	i_44277845168	8Pc Handcrafted Tenders Family Meal	Group Meals	36.19	1	1
36042509	i_44277845169	12Pc Handcrafted Tenders Family Meal	Group Meals	48.73	1	1
36042509	i_44277845170	16Pc Handcrafted Tenders Family Meal	Group Meals	64.19	1	1
36042509	i_44485078420	Cheese Bites	Signature Sides and Sauces	4.79	1	1
36042509	i_32877870606	Red Beans & Rice	Signature Sides and Sauces	4.29	1	1
36042509	i_32877870607	Coleslaw	Signature Sides and Sauces	4.29	1	1
36042509	i_32877870601	Wing Sauces	Signature Sides and Sauces	0.94	1	1
36042509	i_44371834816	Blueberry Lemon Cheesecake Cup	Desserts	4.79	1	0
36042509	i_32877870621	Coca-Cola	Beverages	3.69	1	1
36042509	i_32877870626	Diet Coke	Beverages	3.69	1	1
36042509	i_32877870624	Dr Pepper	Beverages	3.69	1	1
36042509	i_32877870623	Sprite	Beverages	3.69	1	1
36042509	i_32877870625	Fanta Strawberry	Beverages	3.69	1	1
36042509	i_32877870629	Fanta Orange®	Beverages	3.69	1	1
36042509	i_32877870627	Minute Maid Lemonade	Beverages	3.69	1	1
36042509	i_32877870618	Mango Lemonade	Beverages	4.59	1	1
36042509	i_32877870619	Strawberry Lemonade	Beverages	4.59	1	1
36042509	i_32877870620	Premium Lemonade	Beverages	4.59	1	1
36042509	i_32877870622	Cane Sweeeet Tea​	Beverages	3.69	1	1
36042509	i_32877870628	Unsweeeet Tea​	Beverages	3.69	1	1
36042509	i_32877870616	Mango Iced Tea	Beverages	3.69	1	1
36042509	i_32877870617	Strawberry Iced Tea	Beverages	3.69	1	1
36042509	i_32877870630	Bottled Water	Beverages	3.79	1	0
36157779	i_32714643243	BRISKET GRILLED CHEESE	Sandwiches	22.10	1	1
36157779	i_32717526484	BRISKET QUESADILLA	Shareables	24.70	1	0
36157779	i_32717526486	BRISKET LOADED FRIES	Shareables	22.10	1	0
36157779	i_32714643239	SMOKED CHICKEN WRAP	Sandwiches	20.80	1	1
36157779	i_34884410412	FULL BRISKET	From The Smoker	37.70	1	0
36157779	i_32717526485	CHEESE CURDS	Shareables	16.90	1	0
36157779	i_34884410411	HALF BRISKET	From The Smoker	24.70	1	0
36157779	i_32717526487	TAVERN TOTS	Shareables	16.90	1	0
36157779	i_32714643245	BRISKET SANDWICH	Sandwiches	24.70	1	1
36157779	i_34884410415	HALF RIBS	From The Smoker	33.80	1	0
36157779	i_32717526477	BOSTON COD TACOS	Shareables	20.80	1	0
36157779	i_32717526478	BBQ PULLED PORK TACOS	Shareables	19.50	1	0
36157779	i_32717526479	BAJA SHRIMP TACOS	Shareables	22.10	1	0
36157779	i_32717526480	GREEN CHILI PORK STEW	Shareables	20.80	1	0
36157779	i_32717526481	FIRECRACKER SHRIMP	Shareables	20.80	1	0
36157779	i_32717526482	SMOKED WINGS (6)	Shareables	23.40	1	0
36157779	i_32717526483	SMOKED WINGS (12)	Shareables	37.70	1	0
36157779	i_32717526488	LIBERTY NACHOS	Shareables	22.10	1	0
36157779	i_32717526489	BRUSSEL SPROUTS	Shareables	16.90	1	0
36157779	i_44253287079	BBQ BRISKET FLATBREAD	Flatbreads	23.40	1	0
36157779	i_44253287080	CHICKEN BACON RANCH FLATBREAD	Flatbreads	23.40	1	0
36157779	i_44253287081	CAPRESE FLATBREAD	Flatbreads	23.40	1	0
36157779	i_32702649972	CUP BRISKET CHILI	Soup / Salad (Small)	10.40	1	0
36157779	i_32702649973	CUP TOMATO BISQUE	Soup / Salad (Small)	7.80	1	0
36157779	i_32702649974	SMALL LIBERTY SALAD	Soup / Salad (Small)	14.30	1	1
36157779	i_32702649975	SMALL CAESAR SALAD	Soup / Salad (Small)	14.30	1	1
36157779	i_32702649976	SMALL WEDGE SALAD	Soup / Salad (Small)	16.90	1	1
36157779	i_32702649977	SMALL CHICKEN CHOPPED SALAD	Soup / Salad (Small)	19.50	1	1
36157779	i_32716721244	BOWL BRISKET CHILI	Soup / Salad (Large)	13.00	1	0
36157779	i_32715018376	BOWL TOMATO BISQUE	Soup / Salad (Large)	10.40	1	0
36157779	i_32715919930	LARGE LIBERTY SALAD	Soup / Salad (Large)	19.50	1	1
36157779	i_32705346723	LARGE CAESAR SALAD	Soup / Salad (Large)	19.50	1	1
36157779	i_32715333596	LARGE WEDGE SALAD	Soup / Salad (Large)	22.10	1	1
36157779	i_32702994493	LARGE CHICKEN CHOPPED SALAD	Soup / Salad (Large)	24.70	1	1
36157779	i_32716721249	BRISKET SALAD	Soup / Salad (Large)	29.90	1	1
36157779	i_32714643238	REUBEN	Sandwiches	22.10	1	1
36157779	i_32714643240	SHRIMP PO BOY	Sandwiches	23.40	1	1
36157779	i_32714643241	PULLED PORK SANDWICH	Sandwiches	20.80	1	1
36157779	i_32714643242	PRIME RIB DIP	Sandwiches	24.70	1	1
36157779	i_32714643244	BBQ PULLED CHICKEN SANDWICH	Sandwiches	22.10	1	1
36157779	i_32714643246	LIBERTY BURGER	Sandwiches	23.40	1	1
36157779	i_32714643247	TAVERN BURGER	Sandwiches	24.70	1	1
36157779	i_32702622572	TAVERN BBQ SAMPLER	From The Smoker	63.70	1	0
36157779	i_34884410413	HALF PORK SHOULDER	From The Smoker	23.40	1	0
36157779	i_34884410414	FULL PORK SHOULDER	From The Smoker	36.40	1	0
36157779	i_34884410416	FULL RIBS	From The Smoker	52.00	1	0
36157779	i_32705306457	GRILLED SALMON	Signature Mains	37.70	1	0
36157779	i_32705306458	SMOKED HALF CHICKEN	Signature Mains	32.50	1	0
36157779	i_32705306459	BOSTON COD FISH AND CHIPS	Signature Mains	28.60	1	0
36157779	i_32705306460	SMOKED PORK BUCATINI	Signature Mains	28.60	1	0
36157779	i_32705306461	RED LAKE WALLEYE	Signature Mains	35.10	1	0
36157779	i_32705306462	GRILLED RIBEYE STEAK	Signature Mains	54.60	1	1
36157779	i_32705306463	IDAHO RAINBOW TROUT	Signature Mains	33.80	1	0
36157779	i_32705323826	BBQ Sauce	Add Sauces	0.32	1	0
36157779	i_32705323827	Carolina Style BBQ Sauce	Add Sauces	0.32	1	0
36157779	i_32705323830	Chipotle Ranch	Add Sauces	0.32	1	0
36157779	i_32705323821	Ketchup	Add Sauces	0.32	1	0
36157779	i_32705323824	Liberty Sauce	Add Sauces	0.32	1	0
36157779	i_32705323822	Mayo	Add Sauces	0.32	1	0
36157779	i_32705323823	Mustard	Add Sauces	0.32	1	0
36157779	i_32705323829	Poblano Crema	Add Sauces	0.32	1	0
36157779	i_32705323825	Ranch	Add Sauces	0.32	1	0
36157779	i_32705323832	Sour Cream	Add Sauces	0.32	1	0
36157779	i_32705323831	Thai Sweet Chili Sauce	Add Sauces	0.32	1	0
36157779	i_32705323828	Wing Sauce	Add Sauces	0.32	1	0
36157779	i_32702885138	BBQ Ranch	Add Salad Dressing	0.32	1	0
36157779	i_32702885139	Bleu Cheese	Add Salad Dressing	0.32	1	0
36157779	i_32702885140	Caesar	Add Salad Dressing	0.32	1	0
36157779	i_32702885135	Champagne Viniagrette	Add Salad Dressing	0.32	1	0
36157779	i_32702885137	French	Add Salad Dressing	0.32	1	0
36157779	i_32702885136	Thousand Island	Add Salad Dressing	0.32	1	0
37296867	i_34134296781	Barbecue Pork Banh Mi	Banh Mi	11.99	0	1
37296867	i_34134296787	Spicy Thai Fried Chicken Banh Mi	Banh Mi	11.99	0	1
37296867	i_34134296795	Spicy Thai Fried Chicken & Sticky Rice	Hot Dishes	14.99	0	1
37296867	i_34134296725	Thai Tea	Brewed Tea	5.50	0	1
37296867	i_34134296777	Eggroll (2 Pcs)	Appetizer	4.99	0	1
37296867	i_38088505035	Sesame Chicken Banh Mi	Banh Mi	11.99	0	1
37296867	i_38088505036	Sesame Chicken & Sticky Rice	Hot Dishes	14.99	0	1
37296867	i_34134296746	Passion Fruit Fruit Tea	Fruit Tea	5.50	0	1
37296867	i_34134296783	Lemongrass Chicken Banh Mi	Banh Mi	11.99	0	1
37296867	i_34134296727	Vietnamese Coffee	Brewed Tea	5.50	0	1
37296867	i_34134296724	Unsweeten Green Tea	Brewed Tea	5.50	0	1
37296867	i_34134296729	Coconut Milk Tea	Milk Tea	6.00	0	1
37296867	i_34134296730	Honeydew Milk Tea	Milk Tea	6.00	0	1
37296867	i_34134296731	Mango Milk Tea	Milk Tea	6.00	0	1
37296867	i_34134296732	Matcha Green Milk Tea	Milk Tea	8.00	0	1
37296867	i_34134296733	Papaya Milk Tea	Milk Tea	6.00	0	1
37296867	i_34134296734	Peach Milk Tea	Milk Tea	6.00	0	1
37296867	i_34134296736	Strawberry Milk Tea	Milk Tea	6.00	0	1
37296867	i_34134296738	Taro Milk Tea	Milk Tea	6.00	0	1
37296867	i_34134296740	Watermelon Milk Tea	Milk Tea	6.00	0	1
37296867	i_34134296741	Milk Tea	Milk Tea	6.00	0	1
37296867	i_36895369910	Lychee Milk Tea	Milk Tea	6.00	0	1
37296867	i_34134296742	Dragon Fruit Fruit Tea	Fruit Tea	5.50	0	1
37296867	i_34134296743	Green Apple Fruit Tea	Fruit Tea	5.50	0	1
37296867	i_34134296744	Honeydew Fruit Tea	Fruit Tea	5.50	0	1
37296867	i_34134296745	Mango Fruit Tea	Fruit Tea	5.50	0	1
37296867	i_34134296747	Peach Fruit Tea	Fruit Tea	5.50	0	1
37296867	i_34134296748	Raspberry Fruit Tea	Fruit Tea	5.50	0	1
37296867	i_34134296749	Red Guava Fruit Tea	Fruit Tea	5.50	0	1
37296867	i_34134296750	Strawberry Fruit Tea	Fruit Tea	5.50	0	1
37296867	i_34134296751	Watermelon Fruit Tea	Fruit Tea	5.50	0	1
37296867	i_34134296752	Avocado Smoothie	Smoothie	6.50	0	1
37296867	i_34134296753	Coconut Smoothie	Smoothie	6.50	0	1
37296867	i_34134296756	Honeydew Smoothie	Smoothie	6.50	0	1
37296867	i_34134296757	Mango Smoothie	Smoothie	6.50	0	1
37296867	i_34134296758	Papaya Smoothie	Smoothie	6.50	0	1
37296867	i_34134296759	Peach Smoothie	Smoothie	6.50	0	1
37296867	i_34134296761	Strawberry Smoothie	Smoothie	6.50	0	1
37296867	i_34134296762	Taro Smoothie	Smoothie	6.50	0	1
37296867	i_34134296763	Thai Tea Smoothie	Smoothie	6.50	0	1
37296867	i_34134296765	Watermelon Smoothie	Smoothie	6.50	0	1
37296867	i_36895369911	Lychee Smoothie	Smoothie	6.50	0	1
37296867	i_34134296766	Dragon Fruit Sizzler	Fruit Sizzler	6.50	0	1
37296867	i_34134296767	Green Apple Sizzler	Fruit Sizzler	6.50	0	1
37296867	i_34134296768	Mango Sizzler	Fruit Sizzler	6.50	0	1
37296867	i_34134296769	Peach Sizzler	Fruit Sizzler	6.50	0	1
37296867	i_34134296770	Strawberry Sizzler	Fruit Sizzler	6.50	0	1
37296867	i_34134296771	Mango Yogurt	Yogurt	6.50	0	1
37296867	i_34134296772	Peach Yogurt	Yogurt	6.50	0	1
37296867	i_34134296773	Strawberry Yogurt	Yogurt	6.50	0	1
37296867	i_34134296774	Egg Rolls (6 Pieces)	Appetizer	12.50	0	1
37296867	i_34134296775	Egg Rolls (Dozen)	Appetizer	23.99	0	1
37296867	i_34134296776	Papaya Salad	Appetizer	10.00	0	1
37296867	i_36895369913	Mango Sticky Rice	Appetizer	5.00	0	0
37296867	i_44474765070	Tofu Spring Rolls	Appetizer	6.99	0	0
37296867	i_34134296785	Traditional Ham Banh Mi	Banh Mi	9.99	0	1
37296867	i_34134296786	Tofu Banh Mi	Banh Mi	9.99	0	1
37296867	i_34134296788	Barbecue Pork & Sticky Rice	Hot Dishes	16.99	0	0
37296867	i_34134296789	Lemongrass Chicken & Sticky Rice	Hot Dishes	14.99	0	0
37296867	i_34134296791	Spicy Hmong Sausage & Sticky Rice	Hot Dishes	12.99	0	0
37296867	i_34134296797	Barbecue Pork	Extra Meat/Rice	9.99	0	0
37296867	i_34134296798	Lemongrass Chicken	Extra Meat/Rice	7.99	0	0
37296867	i_34134296799	Hmong Sausage	Extra Meat/Rice	7.99	0	0
37296867	i_34134296802	Sticky Rice	Extra Meat/Rice	6.50	0	0
37296867	i_43914746886	Catering	Catering	0.00	0	0
37296867	i_34134296821	Combo Pho	Soup Dishes	18.99	0	0
37296867	i_34134296823	Meatball Pho	Soup Dishes	14.99	0	0
37296867	i_34134296825	Tiger Milk Tea	Tiger Milk Tea	6.75	0	1
37296867	i_34134296826	Tiger Strawberry Milk Tea	Tiger Milk Tea	6.75	0	1
37296867	i_34134296827	Tiger Taro Milk Tea	Tiger Milk Tea	6.75	0	1
37296867	i_34134296828	Tiger Ube Milk Tea	Tiger Milk Tea	6.75	0	1
37487521	i_34600995416	MASALA Fried Chicken - Dark Meat (2pc)	Chicken Main Dishes	10.15	1	0
37487521	i_34600983440	Chicken Sandwich	Sandwich	9.99	1	0
37487521	i_34601014018	Chicken Biryani	Biryani Specials	19.95	1	0
37487521	i_34600983441	Chicken Sandwich W/Fries&drink	Sandwich	13.95	1	1
37487521	i_34600845471	MASALA Loaded Fries	Starters & Sides	12.99	1	0
37487521	i_34600995415	Classic Fried Chicken - Dark Meat (2pc)	Chicken Main Dishes	9.80	1	0
37487521	i_34600995418	MASALA Fried Wings (5 Pc)	Chicken Main Dishes	12.95	1	0
37487521	i_34601007150	2 Pc Dark Meat Chicken, Fries +Rice	Combo Meals	15.50	1	0
37487521	i_34600953184	Any Soda	Drinks	2.50	1	1
37487521	i_34600845468	MASALA Small Fries	Starters & Sides	5.15	1	0
37487521	i_34600845466	Small Classic Fries	Starters & Sides	4.99	1	0
37487521	i_34600845467	Large Classic Fries	Starters & Sides	6.49	1	0
37487521	i_34600845469	MASALA Large Fries	Starters & Sides	7.95	1	0
37487521	i_34600845470	Loaded Fries	Starters & Sides	11.99	1	0
37487521	i_36319715323	Vegetable Samosa 2 PC	Starters & Sides	7.50	1	0
37487521	i_38787309575	Vegetable Samosa 1 PC	Starters & Sides	3.90	1	0
37487521	i_43876563644	Masala 5 Mozzarella Sticks / Fries	Starters & Sides	11.99	1	0
37487521	i_43884284992	Chicken Masala Tenders (4) / Fries	Starters & Sides	12.99	1	0
37487521	i_34600995417	Classic Fried Wings (5 Pc)	Chicken Main Dishes	12.15	1	0
37487521	i_34600973414	Classic Crispy Catfish (3 Fillets)	Fish Specials	16.95	1	0
37487521	i_34600973415	MASALA Crispy Catfish (3 Fillets)	Fish Specials	17.15	1	0
37487521	i_34600973416	Classic Crispy Tilapia (3 Pieces)	Fish Specials	14.95	1	0
37487521	i_34600973417	MASALA Crispy Tilapia (3 Pieces)	Fish Specials	15.15	1	0
37487521	i_34601007151	2 Pc White Meat Chicken - Fries +Rice	Combo Meals	15.95	1	0
37487521	i_34601007152	2 Pc Dark MASALA Meat Chicken, Fries +Rice	Combo Meals	15.95	1	0
37487521	i_34601007153	2 Pc White MASALA Meat Chicken, Fries +Rice	Combo Meals	16.25	1	0
37487521	i_34601007154	3 Catfish (fillet)Fish, Fries + Rice	Combo Meals	18.95	1	0
37487521	i_34601007155	3 Tilapia (Fillet) Fish, Fries + Rice	Combo Meals	17.95	1	0
37487521	i_37558716268	Grilled Chicken Gyro Bowl	Combo Meals	19.95	1	0
37487521	i_44291834149	Butter Chicken Masala with Rice and Bread	Combo Meals	19.99	1	0
37487521	i_34600983442	Cat Fish Sandwich W/Fries&drink	Sandwich	16.99	1	1
37487521	i_37558574551	Cat Fish Sandwich	Sandwich	14.99	1	0
37487521	i_44503065302	Chicken White meat Sandwich	Sandwich	13.99	1	0
37487521	i_34600953185	Mango freshness	Drinks	5.99	1	0
37487521	i_39063427102	Tea Latte (Kadak Chai)	Drinks	4.99	1	0
37487521	i_36236430216	10 Wings	Party Specials	22.00	1	0
37487521	i_36234645124	20 Wings	Party Specials	40.00	1	0
37487521	i_36229403673	50 wings	Party Specials	79.00	1	0
379439	i_24166955313	Creamy Cheddar Mac & Cheese	Mac & Cheese	7.50	1	1
379439	i_24166944971	Buttery Parmesan Noodles	Culinary Classics	7.20	1	1
379439	i_24166866993	Crispy Chicken Bacon Alfredo	Chef-Curated with Protein	8.95	1	1
379439	i_10070242637	Rice Crispy	Desserts	4.05	1	0
379439	i_24166977882	Cheesy Garlic Bread	Sides	7.05	1	1
379439	i_24166944968	Japanese Pan Noodles	Culinary Classics	7.50	1	1
379439	i_25867996381	Rigatoni Rosa with Parmesan Chicken	Chef-Curated with Protein	8.65	1	1
379439	i_24166977879	Potstickers	Sides	7.05	1	1
379439	i_10070216232	Coca-Cola Freestyle Beverage	Drinks	0.00	1	1
379439	i_24166867000	Spaghetti & Meatballs	Chef-Curated with Protein	7.15	1	1
379439	i_41246424443	Baked Cheese Tortelloni	New & Featured	11.95	1	1
379439	i_44554350397	Roasted Garlic Cream Tortelloni	New & Featured	10.20	1	1
379439	i_44554350398	Baked Chicken Parmesan	New & Featured	13.50	1	1
379439	i_44310808539	Pasta Fresca	New & Featured	7.50	1	1
379439	i_44308304838	Basil Pesto Cavatappi	New & Featured	8.70	1	1
379439	i_44554405872	Lemon Garlic Shrimp Scampi	New & Featured	8.80	1	1
379439	i_24166944969	Pad Thai	Culinary Classics	8.10	1	1
379439	i_24166866997	Cajun Shrimp Fettuccine	Chef-Curated with Protein	8.80	1	1
379439	i_24166866995	Spicy Korean Steak Noodles	Chef-Curated with Protein	7.95	1	1
379439	i_24166955316	Buffalo Chicken Ranch Mac & Cheese	Mac & Cheese	8.65	1	1
379439	i_24166955314	Pulled Pork BBQ Mac & Cheese	Mac & Cheese	8.25	1	1
379439	i_28675641021	Creamy Cheddar Mac & Cheese Duo	Delicious Duos	11.95	1	1
379439	i_28675641022	Rigatoni Rosa with Parmesan Chicken Duo	Delicious Duos	13.15	1	1
379439	i_28675641024	Crispy Chicken Bacon Alfredo Duo	Delicious Duos	13.15	1	1
379439	i_28675641026	Buttery Parmesan Noodles Duo	Delicious Duos	11.95	1	1
379439	i_28675641029	Basil Pesto Cavatappi Duo	Delicious Duos	11.95	1	1
379439	i_28675641023	Pad Thai Duo	Delicious Duos	11.95	1	1
379439	i_28675641028	Japanese Pan Noodles Duo	Delicious Duos	11.95	1	1
379439	i_28675641035	Lemon Garlic Shrimp Scampi Duo	Delicious Duos	13.15	1	1
379439	i_28675641036	Roasted Garlic Cream Tortelloni Duo	Delicious Duos	11.95	1	1
379439	i_28675641031	Spicy Korean Steak Noodles Duo	Delicious Duos	13.15	1	1
379439	i_28675641025	Buffalo Chicken Ranch Mac Duo	Delicious Duos	13.15	1	1
379439	i_28675641027	Pulled Pork BBQ Mac & Cheese Duo	Delicious Duos	13.15	1	1
379439	i_28675641030	Spaghetti & Meatballs Duo	Delicious Duos	13.15	1	1
379439	i_28675641033	Cajun Shrimp Fettuccine Duo	Delicious Duos	13.15	1	1
379439	i_28675641034	Pasta Fresca Duo	Delicious Duos	11.95	1	1
379439	i_43774614343	Basil Pesto Cavatappi with Chicken - 39 grams of protein, 570 calories	Protein Packed	8.70	1	1
379439	i_43774614344	Roasted Garlic Cream Tortelloni with Chicken - 45 grams of protein, 530 calories	Protein Packed	10.20	1	1
379439	i_43774614345	Buttery Parmesan Noodles with Chicken - 38 grams of protein, 530 calories	Protein Packed	7.20	1	1
379439	i_43774614346	Japanese Pan Noodle with Chicken - 37 grams of protein, 460 calories.	Protein Packed	7.50	1	1
379439	i_43775535355	Pasta Fresca with Chicken - 37 grams of protein, 460 calories	Protein Packed	7.50	1	1
379439	i_43775535356	Mediterranean Chicken Salad - 36 grams of protein, 430 calories	Protein Packed	9.20	1	1
379439	i_43775535357	Chicken Noodle Soup - 30 grams of protein, 360 calories	Protein Packed	8.55	1	0
379439	i_43775535358	Grilled Chicken - 27 grams of protein, 150 calories	Protein Packed	4.80	1	0
379439	i_43775535359	Parmesan-Crusted Chicken Breast - 22 grams of protein, 190 calories	Protein Packed	5.20	1	0
379439	i_43775535360	Seasoned Tofu - 22 grams of protein, 230 calories	Protein Packed	4.70	1	0
379439	i_43775535361	Pulled Pork - 20 grams of protein, 130 calories	Protein Packed	5.60	1	0
379439	i_43775535362	Oven-Roasted Meatballs - 17 grams of protein, 360 calories	Protein Packed	4.80	1	0
379439	i_43779797892	Marinated Steak - 14 grams of protein, 140 calories	Protein Packed	5.60	1	0
379439	i_43779797893	Sauteed Shrimp - 10 grams of protein, 40 calories	Protein Packed	5.60	1	0
379439	i_8500576810	Chicken Caesar Salad	Salad & Soup	9.50	1	1
379439	i_8500575622	Mediterranean Chicken Salad	Salad & Soup	9.20	1	1
379439	i_8500584497	Chicken Noodle Soup	Salad & Soup	8.55	1	0
379439	i_8500576811	Baguette	Salad & Soup	1.95	1	0
379439	i_24166977880	Korean BBQ Meatballs	Sides	4.95	1	0
379439	i_40112023381	Parmesan-Crusted Chicken Breast	Sides	5.20	1	0
379439	i_40112023382	Grilled Chicken	Sides	4.80	1	0
379439	i_40112023383	Oven-Roasted Meatballs	Sides	4.80	1	0
379439	i_40111369505	Sauteed Shrimp	Sides	5.60	1	0
379439	i_40111369506	Marinated Steak	Sides	5.60	1	0
379439	i_40111369507	Pulled Pork	Sides	5.60	1	0
379439	i_40111369508	Seasoned Tofu	Sides	4.70	1	0
379439	i_28675641038	Garden Salad	Sides	4.30	1	1
379439	i_24166977881	Caesar Salad	Sides	4.30	1	1
379439	i_24166977883	Side of Creamy Cheddar Mac & Cheese	Sides	4.05	1	0
379439	i_24166977878	Lemon Parmesan Broccoli	Sides	4.05	1	0
379439	i_24166977884	Side of Chicken Noodle Soup	Sides	4.30	1	0
379439	i_7485630271	Grilled Chicken Breast with Marinara	Kids Meals	7.45	1	1
379439	i_10070242638	Chocolate Chunk Cookie	Desserts	4.05	1	0
379439	i_10070242639	Snoodle Doodle Cookie	Desserts	4.05	1	0
379439	i_10070238654	Regular Unsweetened Tea	Drinks	3.60	1	0
379439	i_10070235232	Large Unsweetened Tea	Drinks	4.20	1	0
379439	i_10070249711	Spindrift Sparkling Water - Orange Mango	Drinks	4.05	1	0
379439	i_10070242220	Spindrift Sparkling Water - Raspberry Lime	Drinks	4.05	1	0
379439	i_24166920431	Spindrift Sparkling Water - Lime	Drinks	4.05	1	0
379439	i_21867739206	IZZE Strawberry	Drinks	3.75	1	0
379439	i_21867739207	IZZE Apple	Drinks	3.75	1	0
379439	i_10070235234	IZZE Blackberry	Drinks	3.75	1	0
379439	i_31470380971	IZZE Clementine	Drinks	3.75	1	0
379439	i_10070246618	Dasani Water (16.9 oz)	Drinks	3.15	1	0
379439	i_12163729921	Coke de Mexico	Drinks	4.35	1	0
379439	i_22974158384	Gold Peak Sweet Tea	Drinks	4.35	1	0
379439	i_22974158385	Gold Peak Green Tea	Drinks	4.35	1	0
379439	i_10070249712	smartwater (1L)	Drinks	4.35	1	0
379439	i_10070248437	Organic Apple Juice	Drinks	2.25	1	0
379439	i_10070246745	Organic Fruit Punch	Drinks	2.25	1	0
379439	i_10070246619	Organic Lowfat Milk	Drinks	2.25	1	0
379439	i_10070246620	Organic Lowfat Chocolate Milk	Drinks	2.10	1	0
379439	i_25867912399	Include Napkins & Utensils	Utensils	0.00	1	0
379459	i_24166903828	Creamy Cheddar Mac & Cheese	Mac & Cheese	7.50	1	1
379459	i_24166876170	Buttery Parmesan Noodles	Culinary Classics	7.20	1	1
379459	i_25867958884	Rigatoni Rosa with Parmesan Chicken	Chef-Curated with Protein	8.65	1	1
379459	i_24166899362	Crispy Chicken Bacon Alfredo	Chef-Curated with Protein	8.95	1	1
379459	i_181331777	Coca-Cola Freestyle Beverage	Drinks	0.00	1	1
379459	i_24166964825	Potstickers	Sides	7.05	1	1
379459	i_181331771	Rice Crispy	Desserts	4.05	1	0
379459	i_24166876165	Basil Pesto Cavatappi	Culinary Classics	8.70	1	1
379459	i_24166964828	Cheesy Garlic Bread	Sides	7.05	1	1
379459	i_24166950596	Spaghetti & Meatballs	Chef-Curated with Protein	7.15	1	1
379459	i_41249283035	Baked Cheese Tortelloni	New & Featured	11.95	1	1
379459	i_44553889249	Roasted Garlic Cream Tortelloni	New & Featured	10.20	1	1
379459	i_44553889250	Baked Chicken Parmesan	New & Featured	13.50	1	1
379459	i_44310448534	Pasta Fresca	New & Featured	7.50	1	1
379459	i_44554308562	Lemon Garlic Shrimp Scampi	New & Featured	8.80	1	1
379459	i_24166876168	Pad Thai	Culinary Classics	8.10	1	1
379459	i_24166876167	Japanese Pan Noodles	Culinary Classics	7.50	1	1
379459	i_24166919797	Cajun Shrimp Fettuccine	Chef-Curated with Protein	8.80	1	1
379459	i_24166899364	Spicy Korean Steak Noodles	Chef-Curated with Protein	7.95	1	1
379459	i_24166903831	Buffalo Chicken Ranch Mac & Cheese	Mac & Cheese	8.65	1	1
379459	i_24166903829	Pulled Pork BBQ Mac & Cheese	Mac & Cheese	8.25	1	1
379459	i_28675642568	Creamy Cheddar Mac & Cheese Duo	Delicious Duos	11.95	1	1
379459	i_28675642569	Rigatoni Rosa with Parmesan Chicken Duo	Delicious Duos	13.15	1	1
379459	i_28675642571	Crispy Chicken Bacon Alfredo Duo	Delicious Duos	13.15	1	1
379459	i_28675642573	Buttery Parmesan Noodles Duo	Delicious Duos	11.95	1	1
379459	i_28675642576	Basil Pesto Cavatappi Duo	Delicious Duos	11.95	1	1
379459	i_28675642570	Pad Thai Duo	Delicious Duos	11.95	1	1
379459	i_28675642575	Japanese Pan Noodles Duo	Delicious Duos	11.95	1	1
379459	i_28675642582	Lemon Garlic Shrimp Scampi Duo	Delicious Duos	13.15	1	1
379459	i_28675642583	Roasted Garlic Cream Tortelloni Duo	Delicious Duos	11.95	1	1
379459	i_28675642578	Spicy Korean Steak Noodles Duo	Delicious Duos	13.15	1	1
379459	i_28675642572	Buffalo Chicken Ranch Mac Duo	Delicious Duos	13.15	1	1
379459	i_28675642574	Pulled Pork BBQ Mac & Cheese Duo	Delicious Duos	13.15	1	1
379459	i_28675642577	Spaghetti & Meatballs Duo	Delicious Duos	13.15	1	1
379459	i_28675642580	Cajun Shrimp Fettuccine Duo	Delicious Duos	13.15	1	1
379459	i_28675642581	Pasta Fresca Duo	Delicious Duos	11.95	1	1
379459	i_43779592438	Basil Pesto Cavatappi with Chicken - 39 grams of protein, 570 calories	Protein Packed	8.70	1	1
379459	i_43779592439	Roasted Garlic Cream Tortelloni with Chicken - 45 grams of protein, 530 calories	Protein Packed	10.20	1	1
379459	i_43779592440	Buttery Parmesan Noodles with Chicken - 38 grams of protein, 530 calories	Protein Packed	7.20	1	1
379459	i_43779592441	Japanese Pan Noodle with Chicken - 37 grams of protein, 460 calories.	Protein Packed	7.50	1	1
379459	i_43775665791	Pasta Fresca with Chicken - 37 grams of protein, 460 calories	Protein Packed	7.50	1	1
379459	i_43775665792	Mediterranean Chicken Salad - 36 grams of protein, 430 calories	Protein Packed	9.20	1	1
379459	i_43775665793	Chicken Noodle Soup - 30 grams of protein, 360 calories	Protein Packed	8.55	1	0
379459	i_43775665794	Grilled Chicken - 27 grams of protein, 150 calories	Protein Packed	4.80	1	0
379459	i_43775665795	Parmesan-Crusted Chicken Breast - 22 grams of protein, 190 calories	Protein Packed	5.20	1	0
379459	i_43775665796	Seasoned Tofu - 22 grams of protein, 230 calories	Protein Packed	4.70	1	0
379459	i_43775665797	Pulled Pork - 20 grams of protein, 130 calories	Protein Packed	5.60	1	0
379459	i_43775665798	Oven-Roasted Meatballs - 17 grams of protein, 360 calories	Protein Packed	4.80	1	0
379459	i_43774977227	Marinated Steak - 14 grams of protein, 140 calories	Protein Packed	5.60	1	0
379459	i_43774977228	Sauteed Shrimp - 10 grams of protein, 40 calories	Protein Packed	5.60	1	0
379459	i_7485146539	Chicken Caesar Salad	Salad & Soup	9.50	1	1
379459	i_7485146538	Mediterranean Chicken Salad	Salad & Soup	9.20	1	1
379459	i_7485146541	Chicken Noodle Soup	Salad & Soup	8.55	1	0
379459	i_7485146543	Baguette	Salad & Soup	1.95	1	0
379459	i_24166964826	Korean BBQ Meatballs	Sides	4.95	1	0
379459	i_40112098374	Parmesan-Crusted Chicken Breast	Sides	5.20	1	0
379459	i_40112098375	Grilled Chicken	Sides	4.80	1	0
379459	i_40112098376	Oven-Roasted Meatballs	Sides	4.80	1	0
379459	i_40112098377	Sauteed Shrimp	Sides	5.60	1	0
379459	i_40112069893	Marinated Steak	Sides	5.60	1	0
379459	i_40112069894	Pulled Pork	Sides	5.60	1	0
379459	i_40112069895	Seasoned Tofu	Sides	4.70	1	0
379459	i_28675642585	Garden Salad	Sides	4.30	1	1
379459	i_24166964827	Caesar Salad	Sides	4.30	1	1
379459	i_24166964829	Side of Creamy Cheddar Mac & Cheese	Sides	4.05	1	0
379459	i_24166964824	Lemon Parmesan Broccoli	Sides	4.05	1	0
379459	i_24166964830	Side of Chicken Noodle Soup	Sides	4.30	1	0
379459	i_7485152365	Grilled Chicken Breast with Marinara	Kids Meals	7.45	1	1
379459	i_181331769	Chocolate Chunk Cookie	Desserts	4.05	1	0
379459	i_181331760	Snoodle Doodle Cookie	Desserts	4.05	1	0
379459	i_2398292422	Regular Unsweetened Tea	Drinks	3.60	1	0
379459	i_2398292423	Large Unsweetened Tea	Drinks	4.20	1	0
379459	i_181331787	Spindrift Sparkling Water - Orange Mango	Drinks	4.05	1	0
379459	i_181331782	Spindrift Sparkling Water - Raspberry Lime	Drinks	4.05	1	0
379459	i_24166940447	Spindrift Sparkling Water - Lime	Drinks	4.05	1	0
379459	i_21867765225	IZZE Strawberry	Drinks	3.75	1	0
379459	i_21867765226	IZZE Apple	Drinks	3.75	1	0
379459	i_914920644	IZZE Blackberry	Drinks	3.75	1	0
379459	i_31455240924	IZZE Clementine	Drinks	3.75	1	0
379459	i_181331788	Dasani Water (16.9 oz)	Drinks	3.15	1	0
379459	i_12163719595	Coke de Mexico	Drinks	4.35	1	0
379459	i_22974115035	Gold Peak Sweet Tea	Drinks	4.35	1	0
379459	i_22974115036	Gold Peak Green Tea	Drinks	4.35	1	0
379459	i_181331776	smartwater (1L)	Drinks	4.35	1	0
379459	i_181331790	Organic Apple Juice	Drinks	2.25	1	0
379459	i_181331785	Organic Fruit Punch	Drinks	2.25	1	0
379459	i_181331783	Organic Lowfat Milk	Drinks	2.25	1	0
379459	i_181331786	Organic Lowfat Chocolate Milk	Drinks	2.10	1	0
379459	i_25866554940	Include Napkins & Utensils	Utensils	0.00	1	0
40009833	i_39684550893	Purple Sweet Rice	Deli Menu	6.99	1	1
40009833	i_39661712425	Hmong Sausage (Pork)	Deli Menu	7.99	1	0
40009833	i_39647526794	Pork Belly (1lb)	Featured Items	24.99	1	0
40009833	i_39661835969	Stuffed Chicken Wings	Deli Menu	7.99	1	0
40009833	i_39661835972	Chicken Qtr Leg	Deli Menu	7.99	1	0
40009833	i_39738039020	Thai Chili Sauce	Deli Menu	1.00	1	0
40009833	i_39659950587	Egg Rolls Pork (1pc)	Deli Menu	2.99	1	0
40009833	i_39681864891	White Rice	Deli Menu	6.00	1	1
40009833	i_39661712443	Steamed Rice Rolls w/ Pork (3pcs)	Deli Menu	6.99	1	0
40009833	i_39659950543	Papaya Salad	Deli Menu	14.99	1	1
40009833	i_39647526796	Stuffed Wings	Featured Items	7.99	1	0
40009833	i_39660998876	Chicken Qtr. Leg	Featured Items	7.99	1	0
40009833	i_39640976301	Beef Ribs (1lb)	Featured Items	29.99	1	0
40009833	i_39661712890	Papaya Salad w/ Mango	Deli Menu	15.99	1	1
40009833	i_39661794309	Papaya Salad w/ Noodles	Deli Menu	15.99	1	1
40009833	i_39661835959	Cucumber w/ Papaya Sauce	Deli Menu	14.99	1	1
40009833	i_39661713204	Pho Beef	Deli Menu	16.99	1	0
40009833	i_39661712433	Pho House Special	Deli Menu	19.99	1	0
40009833	i_39659950570	Beef Laab	Deli Menu	19.99	1	1
40009833	i_39661713218	Chicken Laab	Deli Menu	19.99	1	1
40009833	i_39659950586	Spring Rolls Pork (2pcs)	Deli Menu	7.99	1	0
40009833	i_39659950599	Kapoon (Chicken)	Deli Menu	17.99	1	0
40009833	i_39661712457	Tri-Color (Nab Nam)	Deli Menu	6.99	1	0
40009833	i_39661713231	Boba Tea	Deli Menu	6.99	1	1
40009833	i_39661712464	Thai Tea	Deli Menu	6.99	1	0
40009833	i_39661836011	Thai Coffee	Deli Menu	6.99	1	0
40009833	i_39661712466	Sesame Balls (3pcs)	Deli Menu	6.99	1	0
40009833	i_39661836012	Tilapia Fish	Deli Menu	19.99	1	0
40009833	i_39692170992	Banh Mi (Pork)	Deli Menu	12.99	1	0
40009833	i_39725942336	Sweet Sauce	Deli Menu	1.00	1	0
40009833	i_43898828088	Thai Green Tea	Deli Menu	6.99	1	1
40009833	i_39815130364	Tri-Color (Nab Vam)	Drinks	6.99	1	0
40009833	i_39815130372	Nirvana Thai Tea 16.2oz	Drinks	8.99	1	0
40009833	i_39815697156	Nirvana Thai Coffee 10.5oz	Drinks	4.99	1	0
40009833	i_39815697160	Vietnamese Coffee 16.5oz	Drinks	4.99	1	0
40009833	i_39815130390	Freeze Black Coffee 8oz	Drinks	3.99	1	0
40009833	i_39815199588	Freeze Coffee w/ Milk 8oz	Drinks	3.99	1	0
40009833	i_39815130395	Freeze Coconut Juice	Drinks	3.99	1	0
40009833	i_39815199593	Sponsor Energy 11oz	Drinks	3.99	1	0
40009833	i_39815130402	Carabao Energy 8oz	Drinks	2.99	1	0
40009833	i_39815697171	M-150 Energy 8oz	Drinks	2.99	1	0
40009833	i_39815454162	Ginseng Up Original 12oz	Drinks	4.99	1	0
40009833	i_39815199598	Ginseng Up Kola 12oz	Drinks	4.99	1	0
40009833	i_39815199602	Thai Fanta Strawberry 10.9oz	Drinks	4.99	1	0
40009833	i_39815199606	Thai Fanta Grape 10.9oz	Drinks	4.99	1	0
40009833	i_39815199608	Thai Fanta Orange 10.9oz	Drinks	4.99	1	0
40009833	i_39815130458	Mogu Mango 33.8oz	Drinks	7.99	1	0
40009833	i_39815697308	Mogu Strawberry 33.8oz	Drinks	7.99	1	0
40009833	i_39815454210	Mogu Melon 33.8oz	Drinks	7.99	1	0
40009833	i_39815697310	Mogu Coconut 33.8oz	Drinks	7.99	1	0
40009833	i_39815130579	Roasted Coconut Water 33.8oz	Drinks	7.99	1	0
40009833	i_39815454213	Coconut Water 33.8oz	Drinks	7.99	1	0
40009833	i_39815199657	Roasted Foco Coconut Juice 17.6oz	Drinks	4.99	1	0
40009833	i_39815697314	Foco Coconut Juice 17.6oz	Drinks	4.99	1	0
40009833	i_39815199659	Foco Tamarind	Drinks	4.99	1	0
40009833	i_39815454216	Foco Mango 11.8oz	Drinks	3.99	1	0
40009833	i_39815454218	Foco Mangosteen 11.8oz	Drinks	3.99	1	0
40009833	i_39815697322	Foco Guava 11.8oz	Drinks	3.99	1	0
40009833	i_39815130593	Foco Lychee 11.8oz	Drinks	3.99	1	0
40009833	i_39815697330	Foco Sugar Cane 11.8oz	Drinks	3.99	1	0
40009833	i_39815697333	Gina Mango 11.56oz	Drinks	3.99	1	0
40009833	i_39815697334	Basil Seed Drink 10.7oz	Drinks	2.99	1	0
40009833	i_39815130611	Yeo's Soymilk 10.1oz	Drinks	2.99	1	0
40009833	i_39815130612	Yeo's Vietnamese Soymilk 10.1oz	Drinks	2.99	1	0
40009833	i_39815697337	Yeo's White Gourd 10.1oz	Drinks	2.99	1	0
40009833	i_39815199675	Thai Orange Juice 18oz	Drinks	3.99	1	0
40009833	i_39815130614	Pink Guava 16.9oz	Drinks	4.99	1	0
40009833	i_39815697338	Tas Coconut Water 16.9oz	Drinks	4.99	1	0
40009833	i_39815454238	Mogu Lychee 33.8oz	Drinks	7.99	1	0
40009833	i_39815199681	Chaokoh Coconut w/ Pulp 17.5oz	Drinks	4.99	1	0
40009833	i_39815199684	Chaokoh Coconut w/ Jelly 17.5oz	Drinks	4.99	1	0
40009833	i_39815697341	Ice Mountain Water 23.7oz	Drinks	2.99	1	0
40244017	i_40972056789	Pad Thai	Stir-Fry Dishes	16.99	0	1
40244017	i_40972056788	Drunken Noodle	Stir-Fry Dishes	16.99	0	1
40244017	i_43694772057	Thai Basil Beef	Main Course	19.99	0	0
40244017	i_40972133402	Dumplings Pork	Appetizers	7.99	0	0
40244017	i_40972056790	Pad C Eew	Stir-Fry Dishes	16.99	0	1
40244017	i_40972199812	Egg Roll ( Vegetable)	Appetizers	5.99	0	0
40244017	i_40972133400	Egg Roll (Chicken)	Appetizers	7.99	0	0
40244017	i_40708291806	Thai Milk Tea (Ice)	House Drink	5.99	0	0
40244017	i_40972133406	Keng Kari	Curry	17.99	0	1
40244017	i_40972133417	Rice	Sides	1.99	0	0
40244017	i_40972133403	Dumplings Chicken	Appetizers	7.99	0	0
40244017	i_40972133405	Coconut Shrimp	Appetizers	10.99	0	0
40244017	i_40972133404	Yum Woon Sen	Appetizers	12.99	0	0
40244017	i_40972133401	Fried Tofu	Appetizers	8.99	0	0
40244017	i_43591240660	Lumpia	Appetizers	6.99	0	0
40244017	i_44529226605	Larb	Appetizers	16.99	0	1
40244017	i_44256798272	Keng Pet Vege	Curry	15.99	0	0
40244017	i_40972133407	Kengkeowvane	Curry	17.99	0	1
40244017	i_40972133408	Keng Pet Meat	Curry	17.99	0	1
40244017	i_40972133409	Thai pineapple Shrimp Curry	Curry	19.99	0	0
40244017	i_40972133410	Curry Udon	Curry	17.99	0	1
40244017	i_44529226606	Panang Curry	Curry	17.99	0	1
40244017	i_40972056783	Pad Kapao	Main Course	17.99	0	1
40244017	i_40972056784	Stir Fry Veggie	Main Course	16.99	0	0
40244017	i_40972056785	Thai Basil Chicken	Main Course	17.99	0	0
40244017	i_40972056786	Thai Cashew Chicken	Main Course	17.99	0	0
40244017	i_40972056787	Thai Basil Squid	Main Course	19.99	0	0
40244017	i_40972056791	Fried Rice	Stir-Fry Dishes	14.99	0	1
40244017	i_40972056792	Pineapple Fried Rice	Stir-Fry Dishes	17.99	0	0
40244017	i_42742449976	Fried egg	Sides	2.00	0	0
40244017	i_40972133418	Mochi Ice Cream (2 Pcs)	Desserts	5.99	0	1
40244017	i_40972133419	Sesame Ball (4 Pcs)	Desserts	7.99	0	0
40244017	i_44544259145	Tom Yum Soup	Soups	14.99	0	1
40244017	i_44544259146	Tom Kha Soup	Soups	15.99	0	1
40244017	i_40983529373	Diet Coke	Soda	2.99	0	0
40244017	i_40983529374	Coke	Soda	2.99	0	0
40244017	i_40983529375	Sprite	Soda	2.99	0	0
40244017	i_40983529377	Coconut Water	Soda	3.99	0	0
40244017	i_40982006888	Lemonade Lychee	House Drink	5.99	0	0
40244017	i_40982006887	Lemonade Pineapple	House Drink	5.99	0	0
40244017	i_44524411381	Lemonade Original	House Drink	5.99	0	0
40244017	i_40982006889	Thai Coffee (Hot)	House Drink	4.99	0	0
40244017	i_43091297134	Thai coffee (Ice)	House Drink	4.99	0	0
40244017	i_44380801924	Bag	Accessories	10.99	0	0
40244017	i_44380801925	Key Chain	Accessories	4.99	0	0
41899955	i_42952701383	Ube Matcha	Non-Coffees	9.20	1	1
41899955	i_42952701360	Red Eye	Coffees	6.60	1	1
41899955	i_42952701358	Drip Coffee	Coffees	4.80	1	1
41899955	i_42952701359	Cafe Au Lait	Coffees	6.00	1	1
41899955	i_42952701361	Americano	Coffees	5.70	1	1
41899955	i_42952701362	Latte	Coffees	7.50	1	1
41899955	i_42952701363	Cappuccino	Coffees	7.50	1	1
41899955	i_42952701364	Flat White	Coffees	7.80	1	1
41899955	i_42952701365	Breve Latte	Coffees	8.10	1	1
41899955	i_42952701366	Espresso Doppio	Coffees	5.10	1	1
41899955	i_42952701367	Espresso Macchiato	Coffees	5.70	1	1
41899955	i_42952701368	Mushroom Coffee	Coffees	7.00	1	1
41899955	i_42952701369	Cold Brew	Coffees	6.90	1	1
41899955	i_42952701370	Iced Coffee	Coffees	4.60	1	1
41899955	i_42952701371	Baklava Latte	Signatures	10.50	1	1
41899955	i_42952701372	Iced Blood Orange Mocha Latte	Signatures	9.60	1	1
41899955	i_42952701373	Cardamom Rose Honey Latte	Signatures	10.20	1	1
41899955	i_42952701374	Mediterranean Citrus Cold Brew	Signatures	10.20	1	1
41899955	i_42952701375	Rose Pistachio Latte	Signatures	8.10	1	1
41899955	i_42952701376	Tahini Vanilla Latte	Signatures	9.90	1	1
41899955	i_42952701378	Dirty Chai	Non-Coffees	8.10	1	1
41899955	i_42952701379	Tahini Date Iced Chai	Non-Coffees	9.90	1	1
41899955	i_42952701380	Iced Thai Tea	Non-Coffees	8.10	1	1
41899955	i_42952701381	Steamer	Non-Coffees	5.40	1	1
41899955	i_42952701382	Matcha	Non-Coffees	8.10	1	1
41899955	i_42952701384	Honey Halva Matcha	Non-Coffees	10.50	1	1
41899955	i_42952701385	Hot Rishi Tea	Non-Coffees	5.40	1	1
41899955	i_42952701386	Turkish Black Tea	Non-Coffees	6.00	1	1
41899955	i_42952701390	Revani	Cafe Food/Pastries	9.60	1	0
41899955	i_42952701391	Baklava	Cafe Food/Pastries	10.80	1	0
41899955	i_42952701394	Chocolate Chip Cookie	Cafe Food/Pastries	5.40	1	0
41899955	i_42952701396	Cinnamon Coffee Cake	Cafe Food/Pastries	5.40	1	0
41899955	i_42952701397	Plain Croissant	Cafe Food/Pastries	7.20	1	0
41899955	i_42952701398	Garlic, Cheese and Herb Muffin	Cafe Food/Pastries	7.50	1	0
41899955	i_42952701399	Fig Bacon Cheese Pastry	Cafe Food/Pastries	8.40	1	0
42411861	i_43968263957	Mac N Cheese Bowl	Mac N Cheese	11.19	0	1
42411861	i_43968263968	Brisket	Pink Heifer Marketplace	9.75	0	1
42411861	i_43968263949	Carved Brisket Platter	Platters	31.19	0	0
42411861	i_43968263967	Wagon Rolls	Wagon Rolls	9.94	0	0
42411861	i_43968263963	Cornbread	Sides	3.12	0	1
42411861	i_43968263951	Half Chicken Platter	Platters	23.69	0	0
42411861	i_43968263950	Pulled Pork Platter	Platters	21.19	0	0
42411861	i_43968263958	Smokehouse Beans	Sides	6.88	0	0
42411861	i_43968263959	Farmer Slaw	Sides	6.88	0	0
42411861	i_43968263952	Chopped Brisket Sandwich	Sandwiches	21.19	0	0
42411861	i_44541329652	Pitt Masters Feast	Platters	112.44	0	0
42411861	i_43968263954	Pulled Chicken Sandwich	Sandwiches	16.19	0	0
42411861	i_44556772373	Smokehouse Chicken Salad Sandwich	Sandwiches	12.44	0	0
42411861	i_44485409882	BBQ Nachos	Nachos	13.69	0	1
42411861	i_44534506702	Smoked Brisket Queso and Chips	Nachos	11.19	0	0
42411861	i_43968263969	Pulled Chicken	Pink Heifer Marketplace	8.95	0	1
42411861	i_43968263970	1/2 Chicken	Pink Heifer Marketplace	12.44	0	0
42411861	i_43968263971	Pulled Pork	Pink Heifer Marketplace	6.95	0	1
42411861	i_44542129976	Farmer Slaw Family Size	Pink Heifer Marketplace	23.69	0	0
42411861	i_44542129977	Smokehouse Beans Family Size	Pink Heifer Marketplace	23.69	0	0
42411861	i_44542129978	Smokehouse Corn Family Size	Pink Heifer Marketplace	23.69	0	0
42411861	i_44542129979	Cowboy Caviar Family Size	Pink Heifer Marketplace	23.69	0	0
42411861	i_44542129980	Potato Salad Family Size	Pink Heifer Marketplace	23.69	0	0
42411861	i_44542129981	Mac & Cheese Family Size	Pink Heifer Marketplace	23.69	0	0
42411861	i_43968263955	Southwest Salad	Salads	13.69	0	1
42411861	i_43968263956	Caesar Salad	Salads	13.69	0	1
42411861	i_44519947481	Build Your Own Salad	Salads	13.69	0	1
42411861	i_44534709534	Smoked Chopped Salad	Salads	13.69	0	1
42411861	i_43968263960	Baked Potato	Sides	6.88	0	0
42411861	i_44520286679	Jalapeno Cheddar Cornbread	Sides	3.12	0	1
42411861	i_43968263961	Cowboy Caviar	Sides	6.88	0	0
42411861	i_43968263962	Mac N Cheese	Sides	6.88	0	0
42411861	i_44534709535	Potato Salad	Sides	6.88	0	0
42411861	i_43968263964	Side Salad	Sides	6.88	0	0
42411861	i_44534709536	Smokehouse Sweet Corn	Sides	6.88	0	0
42411861	i_44418564629	Tortilla Chips N Cheese	Sides	3.12	0	0
42411861	i_44418564630	Tortilla Chips	Sides	1.25	0	0
42411861	i_44469245899	BBQ Loaded Baked Potato	Bbq Baked Potato	6.88	0	1
42411861	i_43968263966	Cookie	Dessert	2.50	0	1
42411861	i_44288391105	Blueberry Turnover	Dessert	4.38	0	0
42411861	i_44288391106	Cherry Turnover	Dessert	4.38	0	0
42411861	i_44418652717	Cinnamon Roll	Dessert	3.12	0	0
42411861	i_44249662788	Pork Sandwich	🔥 #Smokeshow Picks!!	9.95	0	0
42411861	i_43968263972	Coke	Soda	3.44	0	0
42411861	i_43968263973	Coke Zero	Soda	3.44	0	0
42411861	i_43968263974	Sprite	Soda	3.44	0	0
42411861	i_43968263975	Sprite Zero	Soda	3.44	0	0
42411861	i_43968263976	Lemonade	Soda	3.44	0	0
42411861	i_43968263977	Fanta	Soda	3.44	0	0
42411861	i_43968263978	Dr. Pepper	Soda	3.44	0	0
42411861	i_43968263979	Vitamin Water	Soda	3.44	0	0
42411861	i_43968263981	Water	Soda	0.00	0	0
440496	i_55168489	Grilled Korean BBQ with Rice	Rice and Curry	15.95	1	1
440496	i_55168490	Indian Tic-Tac Curry	Rice and Curry	15.95	1	1
440496	i_2034255111	Korean BBQ Noodles	Noodles 🍜	15.95	1	1
440496	i_813513499	Afghan Korma Curry	Rice and Curry	16.95	1	1
440496	i_55168491	Thai Coconut Curry-Hurry	Rice and Curry	15.95	1	1
440496	i_55168508	Chicken momo (dumplings)	Small Plates	7.00	1	1
440496	i_55168504	Samosa	Small Plates	5.00	1	1
440496	i_55168564	Mango Lassi	Beverages	6.00	1	0
440496	i_55168571	Coca-Cola (12 oz)	Beverages	2.50	1	1
440496	i_55168507	Vegetarian momo (dumplings)	Small Plates	6.00	1	1
440496	i_55168505	Bhajji	Small Plates	6.00	1	1
440496	i_55168511	Heart Healthy Choice	Small Plates	11.00	1	1
440496	i_55168503	Korean BBQ Tacos	Tacos	15.95	1	1
440496	i_55168502	Creamy Curry Tacos	Tacos	15.95	1	1
440496	i_55168488	Chili Buff With Rice & Vegetables	Rice and Curry	15.95	1	1
440496	i_55168493	Daily Special Bento Box	Rice and Curry	15.95	1	1
440496	i_813514829	Mango Coconut Curry 🍛	Rice and Curry	16.95	1	1
440496	i_2034253099	Japanese Teriyaki	Rice and Curry	16.95	1	1
440496	i_6297022729	Side of rice	Rice and Curry	4.50	1	0
440496	i_55168494	Spicy Cajun Chicken Pita Sandwich	Sandwiches	12.00	1	0
440496	i_55168484	Himalayan 15 Beans	Soups	5.00	1	1
440496	i_55168570	Yerbramate	Beverages	5.00	1	0
440496	i_55168563	Herbal Tea	Beverages	4.00	1	0
440496	i_55168562	Spiced Milk Tea	Beverages	5.00	1	0
440496	i_55168567	Jarritos	Beverages	3.50	1	1
440496	i_55168538	Red Bull	Energy Drinks	4.50	1	1
456241	i_62171044	Miso soup	Appetizers	3.50	0	0
456241	i_62133619	Gyoza	Appetizers	6.25	0	0
456241	i_62144236	Spicy Tuna, Salmon or California Roll	Regular Rolls	7.75	0	1
456241	i_62144436	Crunchy Shrimp Roll	Regular Rolls	7.50	0	0
456241	i_62144154	California Roll	Regular Rolls	6.75	0	0
456241	i_62144828	Salmon Avocado	Regular Rolls	6.95	0	0
456241	i_62133520	Edamame	Appetizers	5.50	0	0
456241	i_62139146	Fried Rice	Side Hibachi Items	4.95	0	0
456241	i_62144009	Alaska Roll	Regular Rolls	6.95	0	0
456241	i_594672048	Dragon fly roll	Chef's Special Rolls	14.95	0	0
456241	i_62150099	Yaki Udon	Noodles	13.95	0	1
456241	i_62150111	Yaki Soba	Noodles	13.95	0	1
456241	i_62150441	Shrimp Tempura Udon or Soba	Noodles	16.95	0	1
456241	i_62150285	Nabe Udon	Noodles	15.95	0	1
456241	i_62150342	Sukiyaki	Noodles	17.95	0	1
456241	i_62150163	Seafood Udon	Noodles	17.95	0	1
456241	i_10594940292	Tonkatsu Ramen	Noodles	13.99	0	0
456241	i_10596458728	Miso Ramen	Noodles	13.99	0	0
456241	i_10594807759	Spicy Tonkotsu Ramen	Noodles	13.99	0	0
456241	i_62144406	Rock & Roll	Regular Rolls	8.95	0	0
456241	i_62144804	Tuna Avocado	Regular Rolls	6.95	0	0
456241	i_62144813	Salmon Cucumber	Regular Rolls	6.95	0	0
456241	i_62144792	Tuna Cucumber	Regular Rolls	6.95	0	0
456241	i_62144772	Shicy with Fish Roll	Regular Rolls	7.50	0	0
456241	i_62144349	Veggie Tempura Roll	Regular Rolls	7.50	0	0
456241	i_62144859	Vegetarian Roll	Regular Rolls	5.95	0	0
456241	i_62144178	Boston Roll	Regular Rolls	7.75	0	0
456241	i_62144700	Spicy Shrimp Tempura Roll	Regular Rolls	8.95	0	0
456241	i_62144668	Spicy Scallop Roll	Regular Rolls	8.75	0	0
456241	i_107756867	Lobster roll	Regular Rolls	12.50	0	0
456241	i_62144129	Philly Roll	Regular Rolls	7.99	0	0
456241	i_107756862	Chicken tempura roll	Regular Rolls	8.95	0	0
456241	i_62144734	Spider Roll	Regular Rolls	12.95	0	0
456241	i_62144707	Shrimp Tempura	Regular Rolls	8.95	0	0
456241	i_62144090	New York Roll	Regular Rolls	6.95	0	0
456241	i_62142903	Iso Fantastic	Chef's Special Rolls	15.95	0	0
456241	i_62142851	Golden Tuna	Chef's Special Rolls	15.95	0	0
456241	i_62143880	Double Trouble	Chef's Special Rolls	11.95	0	0
456241	i_594671876	Spicy Toro Roll	Chef's Special Rolls	14.95	0	0
456241	i_62142924	King Crab Roll	Chef's Special Rolls	16.95	0	0
456241	i_62143286	Milwaukee Roll	Chef's Special Rolls	14.95	0	0
456241	i_62143799	Hana Roll	Chef's Special Rolls	14.95	0	0
456241	i_594672103	Atlantic Roll	Chef's Special Rolls	16.95	0	0
456241	i_62142764	Fancy Salmon Roll	Chef's Special Rolls	14.50	0	0
456241	i_594672108	Green roll	Chef's Special Rolls	15.95	0	0
456241	i_62142740	Dragon Roll	Chef's Special Rolls	15.95	0	0
456241	i_594672086	Mexico Roll	Chef's Special Rolls	14.95	0	0
456241	i_594672093	Spicy 2 in 1 roll	Chef's Special Rolls	14.95	0	0
456241	i_594672074	Dancing Salmon roll	Chef's Special Rolls	16.95	0	0
456241	i_62143348	BMW Roll	Chef's Special Rolls	16.50	0	0
456241	i_62143861	Bucky	Chef's Special Rolls	11.95	0	0
456241	i_62142806	Naruto	Chef's Special Rolls	11.50	0	0
456241	i_62143826	Green Delight	Chef's Special Rolls	11.95	0	0
456241	i_62143326	Spring Roll	Chef's Special Rolls	15.95	0	0
456241	i_594669446	Green dragon roll	Chef's Special Rolls	14.50	0	0
456241	i_62142625	Puppy Love	Chef's Special Rolls	15.95	0	0
456241	i_62142712	RainBow Roll	Chef's Special Rolls	15.95	0	0
456241	i_62143737	Dream Roll	Chef's Special Rolls	15.95	0	0
456241	i_62143702	Salmon Fire Roll	Chef's Special Rolls	14.50	0	0
456241	i_62143184	Spirit Roll	Chef's Special Rolls	15.95	0	0
456241	i_62142664	Badger	Chef's Special Rolls	16.50	0	0
456241	i_594668786	Godzilla roll	Chef's Special Rolls	15.95	0	0
456241	i_594670815	Takara roll	Chef's Special Rolls	15.95	0	0
456241	i_594760398	Fantastic roll	Chef's Special Rolls	18.95	0	0
456241	i_594670261	Beauty and Beast roll	Chef's Special Rolls	15.95	0	0
456241	i_62142558	Wasabi Roll( Yume Roll)	Chef's Special Rolls	15.95	0	0
456241	i_62143582	V Roll	Chef's Special Rolls	14.95	0	0
456241	i_107752350	Optimistic roll	Chef's Special Rolls	15.95	0	0
456241	i_62171062	Party tray 2	Sushi Entrées	80.00	0	0
456241	i_62141874	Vegetable Platter	Sushi Entrées	20.50	0	1
456241	i_62171059	Party tray 1	Sushi Entrées	60.00	0	0
456241	i_62171066	Party tray 3	Sushi Entrées	110.00	0	0
456241	i_62142374	Poke Bowl	Sushi Entrées	21.95	0	1
456241	i_594667358	Takara Sushi	Sushi Entrées	22.95	0	1
456241	i_62141944	Chirashi	Sushi Entrées	22.95	0	1
456241	i_62141904	Yume Sushi Combo	Sushi Entrées	58.00	0	1
456241	i_62141744	Sushi & Sashimi Combo for Two	Sushi Entrées	65.95	0	1
456241	i_62141700	Maki Combo	Sushi Entrées	18.95	0	1
456241	i_62142326	Hamachi Don	Sushi Entrées	23.95	0	1
456241	i_62140786	Unagi Don	Sushi Entrées	24.95	0	1
456241	i_62142333	Tekka Don	Sushi Entrées	23.95	0	1
456241	i_62140777	Sushi & Sashimi Combo	Sushi Entrées	29.95	0	1
456241	i_62141789	Sushi Matsu	Sushi Entrées	23.95	0	1
456241	i_62141770	Sushi Ume	Sushi Entrées	22.95	0	1
456241	i_62142128	Sake Don	Sushi Entrées	22.95	0	1
456241	i_98799237	Vegetable Combo	Sushi Entrées	16.95	0	0
456241	i_62141974	Love Boat	Sushi Entrées	74.95	0	1
456241	i_98799172	Hot combo	Sushi Entrées	43.95	0	0
456241	i_62142064	Sashimi Ume	Sushi Entrées	26.95	0	1
456241	i_62142045	Tri - Colored Sushimi	Sushi Entrées	26.95	0	1
456241	i_62142029	Tri - Colored Sushi	Sushi Entrées	23.95	0	1
456241	i_62171047	chicken fried rice	Side Hibachi Items	7.50	0	0
456241	i_62171055	white rice	Side Hibachi Items	1.50	0	0
456241	i_62171048	Beef fried rice	Side Hibachi Items	8.95	0	0
456241	i_62171050	Shrimp fried rice	Side Hibachi Items	8.95	0	0
456241	i_62139140	Steak	Side Hibachi Items	9.50	0	1
456241	i_62139142	Chicken	Side Hibachi Items	7.50	0	0
456241	i_62139137	Scallops	Side Hibachi Items	10.95	0	0
456241	i_62139134	Shrimp	Side Hibachi Items	8.95	0	0
456241	i_84888846	Eel Sauce	Sauce and Rice	1.00	0	0
456241	i_84889350	Ginger dressing	Sauce and Rice	1.00	0	0
456241	i_84889861	katsu Sauce	Sauce and Rice	1.00	0	0
456241	i_84889385	Ponzu sauce	Sauce and Rice	1.00	0	0
456241	i_84889926	Sushi rice	Sauce and Rice	3.00	0	0
456241	i_84889454	Pickle Ginger	Sauce and Rice	1.00	0	0
456241	i_84889547	Wasabi	Sauce and Rice	1.00	0	0
456241	i_84889596	Fresh Wasabi	Sauce and Rice	2.50	0	0
456241	i_84889238	Teriyaki Sauce	Sauce and Rice	1.00	0	0
456241	i_84888774	Spicy Mayo sauce	Sauce and Rice	1.00	0	0
456241	i_84890885	Japanese soda strawberry	Soft Drink	3.50	0	0
456241	i_84890403	Japanese soda regular	Soft Drink	3.50	0	0
456241	i_84889932	Coke cola	Soft Drink	2.00	0	0
456241	i_84889946	Sprite	Soft Drink	2.00	0	0
456241	i_84889942	Diet Coke	Soft Drink	2.00	0	0
456241	i_103579406	Milk Tea	Soft Drink	2.50	0	0
456241	i_85581914	Spring water	Soft Drink	1.50	0	0
456241	i_84890238	Lemonade	Soft Drink	2.00	0	0
456241	i_84890227	Ice Tea	Soft Drink	2.00	0	0
456241	i_84890250	Mountain Dew	Soft Drink	2.00	0	0
456241	i_62150581	Fried Ice-Cream	Desserts	4.75	0	0
456241	i_62150599	Mochi Ice-Cream	Desserts	5.50	0	1
456241	i_62150504	Ice-Cream	Desserts	4.25	0	1
456241	i_1794755224	Lemon cream layer cake	Desserts	3.99	0	0
456241	i_62171046	Clear soup	Appetizers	3.50	0	0
456241	i_62135210	Tuna / Albacore Tuna Tataki	Appetizers	12.95	0	1
456241	i_62135184	Konoge	Appetizers	6.50	0	0
456241	i_62134162	Vegetable Tempura	Appetizers	7.75	0	0
456241	i_62135181	Harumaki	Appetizers	6.95	0	0
456241	i_62133727	Agedashi Tofu	Appetizers	5.75	0	0
456241	i_62134234	Ginger Salad	Appetizers	4.75	0	0
456241	i_98792346	BBQ Squid	Appetizers	12.95	0	0
456241	i_62134068	Tempura	Appetizers	8.75	0	0
456241	i_62134577	Takuwan	Appetizers	6.95	0	0
456241	i_62135046	Sushi*	Appetizers	9.95	0	0
456241	i_62133506	Goma-ae	Appetizers	5.50	0	0
456241	i_62135107	Beef Negi Maki	Appetizers	9.95	0	0
456241	i_62134942	Sashimi*	Appetizers	13.95	0	0
456241	i_62134322	Yakitori	Appetizers	6.75	0	0
456241	i_62138916	Fried Oysters (5)	Appetizers	11.95	0	0
456241	i_62138914	Seafood Soup	Appetizers	8.95	0	0
456241	i_62134803	Seaweed Salad	Appetizers	6.95	0	0
456241	i_62134813	Sunomono	Appetizers	11.50	0	1
456241	i_62138910	Kani Salad	Appetizers	6.75	0	0
456241	i_62134871	Ebi Shumai	Appetizers	6.75	0	1
456241	i_62134865	Fried Calamari	Appetizers	6.95	0	0
456241	i_62139045	Salmon & Steak	Hibachi	25.95	0	1
456241	i_62139047	Scallop & Steak	Hibachi	26.95	0	1
456241	i_62139051	Lobster Tail & Steak	Hibachi	32.95	0	1
456241	i_62139027	Chicken & Steak	Hibachi	23.95	0	1
456241	i_62139013	Shrimp & Steak	Hibachi	26.95	0	1
576539	i_76094902	Catfish Fillet Combos	Fish Combos	13.99	1	1
576539	i_76094904	Fish Strips 5 pcs with Fries	Fish Combos	8.99	1	1
576539	i_76094889	Gyro Burger Combo	Burger Combos	12.99	1	1
576539	i_76094938	Pizza Puff	Sides	4.99	1	0
576539	i_14236701721	Fried Wings 4 Piece	Fried Chicken	8.99	1	0
576539	i_76094905	Catfish Nuggets 6 pcs with Fries	Fish Combos	10.99	1	1
576539	i_76094959	Super Donut	Dessert	0.75	1	0
576539	i_76094969	Can Soda	Drinks And Bubble teas	0.75	1	1
576539	i_76094867	Gyro Fries topped with cheese and Jalepeno	Fries	7.99	1	0
576539	i_76094894	BBq Party Wings 5 pcs with Fries	Chicken Combos	10.99	1	1
576539	i_76094901	Chicken Tenders (K) 4 pcs with Fries	Chicken Combos	8.99	1	1
576539	i_12753038691	Hot party wings 5 pcs with Fries	Chicken Combos	10.99	1	0
576539	i_76094955	Cake	Dessert	3.75	1	0
576539	i_76094972	Bottle Water	Drinks And Bubble teas	1.00	1	0
576539	i_12753038695	Mango Lassi	Drinks And Bubble teas	5.99	1	0
576539	i_12754841674	01 Classic Milk Tea & Boba Pearls	Drinks And Bubble teas	14.43	1	1
576539	i_12744246190	02 Brown Sugar Milk Tea & Pearls	Drinks And Bubble teas	11.58	1	1
576539	i_12743670452	05 Thai Milk Tea & Pearls	Drinks And Bubble teas	5.79	1	0
576539	i_12744246193	08 Matcha Milk Tea & Pearls	Drinks And Bubble teas	5.79	1	0
576539	i_12752723547	09 Taro Milk Tea & Pearls	Drinks And Bubble teas	5.79	1	0
576539	i_12753038721	10 Coconut Milk Tea & Pearls	Drinks And Bubble teas	5.79	1	0
576539	i_12752518008	11 Honeydew Milk Tea & Pearls	Drinks And Bubble teas	5.79	1	0
576539	i_12753766730	12 Peach Milk Tea & Pearls	Drinks And Bubble teas	5.79	1	0
576539	i_12753259312	13 Pineapple Milk Tea & Pearls	Drinks And Bubble teas	5.79	1	0
576539	i_12753259313	14 Strawberry Milk Tea & Pearls	Drinks And Bubble teas	5.79	1	0
576539	i_12755227135	15 Mango Milk Tea & Pearls	Drinks And Bubble teas	5.79	1	0
576539	i_12745707605	17 Banana Milk Tea & Pearls	Drinks And Bubble teas	5.79	1	0
576539	i_12754411977	18 Watermelon Milk Tea & Pearls	Drinks And Bubble teas	5.79	1	0
576539	i_12757211083	20 Pistachio Milk Tea & Pearls	Drinks And Bubble teas	5.79	1	0
576539	i_12757115692	21 Chocolate Milk Tea & Pearls	Drinks And Bubble teas	5.79	1	0
576539	i_12757104173	22 Coffee Milk Tea & Pearls	Drinks And Bubble teas	5.79	1	0
576539	i_12754922356	23 Iced Mocha Milk Tea & Pearls	Drinks And Bubble teas	5.79	1	0
576539	i_12747523460	24 Avocado Milk Tea & Pearls	Drinks And Bubble teas	5.79	1	0
576539	i_76094924	Chili Cheese Fries	Sides	5.99	1	0
576539	i_76094926	Cheese Fries	Sides	5.99	1	0
576539	i_76094936	Cheese Sticks 6 pcs	Sides	5.99	1	0
592083	i_12367990696	Bigger Plate	Plates	14.75	1	1
592083	i_12367936159	Plate	Plates	13.75	1	1
592083	i_12367936158	001. Egg Roll（春卷）	Appetizers	1.99	1	0
592083	i_12367936157	003. Crab Rangoon (8)（蟹脚）	Appetizers	8.19	1	0
592083	i_24926675809	Vegetables spring rolls(2) 上海卷	Appetizers	1.99	1	0
592083	i_24926021651	diet coke	drink	2.15	1	0
592083	i_24926021650	Coke 可乐	drink	2.15	1	0
592083	i_24457592997	orange chicken ( 陈皮鸡）	chef specials	16.95	1	0
592083	i_12367936156	004. Pot Stickers (8)（锅贴）	Appetizers	8.19	1	0
592083	i_24926080036	Dr Pepper	drink	2.15	1	0
592083	i_12367936148	031. Beef Lo Mein（牛肉捞面）	Fried Rice & Noodles	12.59	1	0
592083	i_12367936149	031. Beef Fried Rice（牛肉炒饭）	Fried Rice & Noodles	12.59	1	0
592083	i_12367936146	032. Shrimp Lo Mein（虾仁捞面）	Fried Rice & Noodles	12.69	1	0
592083	i_12367936147	032. Shrimp Fried Rice（虾仁炒饭）	Fried Rice & Noodles	12.69	1	0
592083	i_12367936144	038. Singapore Rice Noodle（星洲炒米粉）	Fried Rice & Noodles	12.99	1	0
592083	i_12367936145	033. House Fried Rice（本楼炒饭）	Fried Rice & Noodles	12.99	1	0
592083	i_12367936152	029. Vegetable Lo Mein（菜捞面）	Fried Rice & Noodles	10.75	1	0
592083	i_12367936153	029. Vegetable Fried Rice（菜炒饭）	Fried Rice & Noodles	10.75	1	0
592083	i_12367936150	030. Chicken Lo Mein（鸡肉捞面）	Fried Rice & Noodles	11.29	1	0
592083	i_12367936151	030. Chicken Fried Rice（鸡肉炒饭）	Fried Rice & Noodles	11.45	1	0
592083	i_12367936090	Vegetable rice noodle（菜米粉）	Fried Rice & Noodles	12.29	1	0
592083	i_24457653126	C. General tao's chicken ( 左宗鸡）	Combo meal	13.49	1	0
592083	i_24457592934	C. sesame chicken ( 芝麻鸡）	Combo meal	13.49	1	0
592083	i_24457483728	C. chicken broccoli ( 芥蓝鸡）	Combo meal	13.49	1	0
592083	i_24457651398	C. beef broccoli ( 芥蓝牛）	Combo meal	13.49	1	0
592083	i_24457746675	C. orange chicken ( 陈皮鸡）	Combo meal	13.49	1	0
592083	i_24457651400	C. sweet sour chicken ( 甜酸鸡 ）	Combo meal	13.49	1	0
592083	i_24457746693	C. mongolian chicken ( 蒙古鸡）	Combo meal	13.49	1	0
592083	i_24457592956	C. vegetable lomein ( 菜捞面 ）	Combo meal	13.49	1	0
592083	i_24457653148	C. chicken lomein ( 鸡肉捞面）	Combo meal	13.49	1	0
592083	i_24457746703	C. beef lomein ( 牛捞面）	Combo meal	13.49	1	0
592083	i_24457746704	C. shrimp lomein ( 虾捞面）	Combo meal	13.49	1	0
592083	i_24457651585	C. honey chicken ( 蜜汁鸡 ）	Combo meal	13.49	1	0
592083	i_24457610804	chicken broccoli ( 芥蓝鸡）	chicken dish	14.95	1	0
592083	i_24457762357	chicken with garlic sauce( 鱼香鸡）	chicken dish	14.95	1	0
592083	i_24457746711	Hunan chicken ( 湖南鸡）	chicken dish	14.95	1	0
592083	i_24457534198	sweet sour chicken ( 甜酸鸡）	chicken dish	14.95	1	0
592083	i_24457762359	Szechuan chicken ( 四川鸡）	chicken dish	14.95	1	0
592083	i_24457592992	beef with broccoli ( 芥蓝牛）	beef dish	15.95	1	0
592083	i_24457653183	beef with mushroom ( 蘑菇牛）	beef dish	15.95	1	0
592083	i_24457534210	Hunan beef ( 湖南牛）	beef dish	15.95	1	0
592083	i_24457746724	beef with garlic sauce ( 鱼香牛）	beef dish	15.95	1	0
592083	i_24458827506	pepper steak（ 青椒牛）	beef dish	15.95	1	0
592083	i_24458827507	Szechuan beef ( 四川牛）	beef dish	15.95	1	0
592083	i_24457610843	general taos chicken ( 左宗鸡）	chef specials	16.95	1	0
592083	i_24457610845	sesame chicken ( 芝麻鸡）	chef specials	16.95	1	0
592083	i_24457746728	honey chicken (蜜汁鸡）	chef specials	16.95	1	0
592083	i_24458835286	coconut chicken ( 椰汁鸡）	chef specials	16.95	1	0
592083	i_24457592999	peanut butter chicken（ 花生鸡）	chef specials	16.95	1	0
592083	i_24458827623	twice cooked pork (回锅肉）	chef specials	16.95	1	0
592083	i_24458827624	mongolian chicken (蒙古鸡）	chef specials	16.95	1	0
592083	i_24926080033	ginger ale	drink	2.15	1	0
592083	i_24925994843	brisk tea	drink	2.15	1	0
592083	i_24926659015	mountain dew	drink	2.15	1	0
592083	i_24925994844	Sunkist orange	drink	2.15	1	0
592083	i_24926675810	Root beer	drink	2.15	1	0
592083	i_24926659022	Squirt	drink	2.15	1	0
592097	i_7870442185	Poke (Regular (2 Proteins))	Poke Menu	14.99	1	1
592097	i_7870442186	Poke (Large (3 Proteins))	Poke Menu	17.99	1	1
592097	i_7870440392	Chicken Teriyaki	Teriyaki Menu	15.29	1	1
592097	i_7870438978	Sodas	Beverages	2.20	1	1
592097	i_7870442187	Poke (Super (5 Proteins))	Poke Menu	20.99	1	1
592097	i_7870437196	Miso Soup	Appetizers	2.99	1	0
592097	i_7870437190	Fried Dumplings	Appetizers	7.55	1	0
592097	i_7870438982	Thai Tea	Beverages	4.50	1	0
592097	i_7870437197	Fried Baby Octopus Balls	Appetizers	8.99	1	0
592097	i_7870442188	Signature Bowl	Poke Menu	18.00	1	0
592097	i_7870437191	Seaweed Salad	Appetizers	5.45	1	0
592097	i_7870442189	Badger Bowl	Poke Menu	18.00	1	0
592097	i_7870442190	Hawaii Style Bowl	Poke Menu	18.00	1	0
592097	i_7870442191	Dragon Bowl	Poke Menu	21.00	1	0
592097	i_7870440393	Shrimp Teriyaki	Teriyaki Menu	16.39	1	1
592097	i_7870440394	Steak Teriyaki	Teriyaki Menu	16.39	1	1
592097	i_7870440395	Salmon Teriyaki	Teriyaki Menu	17.39	1	1
592097	i_7870440396	Eel Teriyaki	Teriyaki Menu	15.39	1	1
592097	i_7870440397	Tofu Teriyaki	Teriyaki Menu	13.19	1	1
592097	i_7870435422	Beef Donburi	Entrées	18.00	1	0
592097	i_7870435423	Eel Donburi	Entrées	18.00	1	0
592097	i_7870438981	Bottled Water	Beverages	2.10	1	0
592097	i_7870438986	Carbonated Cream Soda	Beverages	4.00	1	0
600627	i_3057916257	Create Your Own Bowl	Bowls	11.75	1	1
600627	i_3057933103	Create Your Own Burrito	Burritos	11.75	1	1
600627	i_3057938423	3-Cheese Queso & Chips	Chips, Dips & Sides	5.80	1	1
600627	i_3057940736	Create Your Own Quesadilla	Quesadillas & Nachos	11.75	1	1
600627	i_3389330145	Create Your Own Mini Bowl	Bowls	8.90	1	1
600627	i_3057950313	Diet Coke® 20 oz Bottle Beverage	Drinks	4.65	1	0
600627	i_3057938425	Hand-Crafted Guacamole & Chips	Chips, Dips & Sides	5.80	1	1
600627	i_3057938427	Side of 3-Cheese Queso	Chips, Dips & Sides	1.75	1	1
600627	i_3057940738	Create Your Own 3-Cheese Nachos	Quesadillas & Nachos	11.75	1	1
600627	i_10003137202	Mexican Coke	Drinks	4.65	1	0
600627	i_44409327914	NEW Create Your Own Spicy Tequila Lime Steak Bowl	New & Popular	15.10	1	1
600627	i_41631809990	NEW Churro Chips	New & Popular	2.95	1	0
600627	i_3057916262	Cholula® Hot & Sweet Chicken Bowl	Bowls	13.25	1	1
600627	i_11313939321	Double Protein Post-Workout Bowl	Bowls	17.70	1	1
600627	i_3057916260	Chicken Queso Bowl	Bowls	13.00	1	1
600627	i_11313928370	Fajita Veggie Post-Workout Bowl	Bowls	11.75	1	1
600627	i_3057933104	Burrito Meal Deal	Burritos	15.90	1	1
600627	i_5606611645	QuesaBirria Burrito	Burritos	15.10	1	1
600627	i_3057933105	Southwest Steak Burrito	Burritos	14.20	1	1
600627	i_3057933106	Chicken Queso Burrito	Burritos	13.00	1	1
600627	i_3057940735	Create Your Own Cheese-Crusted Quesadilla	Quesadillas & Nachos	13.30	1	1
600627	i_5606612464	QuesaBirria Quesadilla	Quesadillas & Nachos	15.10	1	1
600627	i_18582967401	Smoky Chicken Cheese-Crusted Quesadilla	Quesadillas & Nachos	14.45	1	1
600627	i_3057940737	Steak Fajita Quesadilla	Quesadillas & Nachos	14.20	1	1
600627	i_3057940971	Create Your Own Salad	Salads	11.75	1	1
600627	i_3057940973	Citrus Lime Chicken Salad	Salads	13.00	1	1
600627	i_41584332250	Create Your Own QDOBA Kit (Serves 4-6)	Groups & Parties	61.95	1	1
600627	i_3056792377	Taco Kit (Serves 8 to 10)	Groups & Parties	145.10	1	1
600627	i_7315001555	Mega Burrito 10-Pack	Groups & Parties	126.50	1	1
600627	i_7314991953	Chips & Dip Party packs	Groups & Parties	49.60	1	1
600627	i_31010592763	Tortilla Chips (Serves 15 to 20)	Groups & Parties	14.90	1	0
600627	i_3057946137	Create Your Own 3 Tacos	Tacos	11.75	1	1
600627	i_3057946138	Street Style Chicken Tacos	Tacos	13.00	1	1
600627	i_3057946139	Street Style Pork Carnitas Tacos	Tacos	13.25	1	1
600627	i_3287654036	Create Your Own Taco	Tacos	5.30	1	1
600627	i_3057939037	Quesadilla Kids Meal	Kids Meals	8.75	1	1
600627	i_3057939038	3-Cheese Nachos Kids Meal	Kids Meals	8.75	1	1
600627	i_40050549032	Taco Kids Meal	Kids Meals	8.75	1	1
600627	i_3057938424	Queso Diablo & Chips	Chips, Dips & Sides	5.80	1	1
600627	i_3057938426	Salsa & Chips	Chips, Dips & Sides	4.30	1	1
600627	i_3057938428	Side of Queso Diablo	Chips, Dips & Sides	1.75	1	1
600627	i_3057938429	Side of Guacamole	Chips, Dips & Sides	1.90	1	1
600627	i_3057938430	Side of Salsa	Chips, Dips & Sides	0.00	1	1
600627	i_3057938431	Side of Cilantro Lime Rice	Chips, Dips & Sides	2.50	1	0
600627	i_3057938432	Side of Brown Rice	Chips, Dips & Sides	2.50	1	0
600627	i_3057938433	Side of Black Beans	Chips, Dips & Sides	2.50	1	0
600627	i_3057950312	Coca-Cola® 20 oz Bottle Beverage	Drinks	4.65	1	0
600627	i_3057950314	DASANI® Bottle Water	Drinks	4.65	1	0
600627	i_10048677459	Gold Peak Peach	Drinks	4.65	1	0
600627	i_10048677462	Gold Peak Black Unsweetened	Drinks	4.65	1	0
600627	i_10048677463	Gold Peak Green Tea	Drinks	4.65	1	0
600627	i_40049109080	Honest Kids Apple Juice	Drinks	2.30	1	0
600627	i_40049109081	1% Milk	Drinks	1.55	1	0
600627	i_3057962506	Chocolate Chunk Cookie	Desserts	2.45	1	0
600627	i_3057962507	Chocolate Brownie	Desserts	2.95	1	0
605779	i_549162414	Three Rolls (Lunch)	Roll or Hand Roll	16.00	0	1
605779	i_549162572	Two Rolls (Lunch)	Roll or Hand Roll	12.50	0	1
605779	i_549162526	Chicken Teriyaki (Lunch Bento)	Lunch Bento	12.50	0	0
605779	i_549162384	Gyoza	Hot Appetizers	6.50	0	0
605779	i_549162537	Crunchy Shrimp Roll	Maki or Temaki Rolls	7.50	0	1
605779	i_549162366	Edamame	Hot Appetizers	5.50	0	0
605779	i_549162483	Side of Fried Rice	Side Hibachi Items	7.50	0	0
605779	i_549162569	Chicken Katsu (Lunch Bento)	Lunch Bento	12.50	0	0
605779	i_549162524	Spicy Tuna Roll	Maki or Temaki Rolls	8.50	0	1
605779	i_549162443	Miso Soup	Soup & Salad	4.00	0	0
605779	i_549162419	Salmon & Steak Hibachi	Udon or Soba	24.95	0	0
605779	i_549162418	Steak, Shrimp & Scallops Hibachi	Udon or Soba	30.95	0	0
605779	i_549162417	Scallop & Steak Hibachi	Udon or Soba	24.95	0	0
605779	i_549162422	Shrimp Tempura Soba	Udon or Soba	15.95	0	1
605779	i_549162410	Shrimp & Filet Mignon Hibachi	Udon or Soba	28.95	0	0
605779	i_549162409	Salmon Hibachi	Udon or Soba	18.50	0	0
605779	i_549162408	Chicken, Salmon & Shrimp Hibachi	Udon or Soba	27.95	0	0
605779	i_549162415	Vegetarian Hibachi	Udon or Soba	12.95	0	0
605779	i_549162412	Sukiyaki	Udon or Soba	18.95	0	1
605779	i_549162401	Shrimp, Scallops & Calamari Hibachi	Udon or Soba	28.95	0	0
605779	i_549162406	Surf & Turf Lobster & Filet Mignon Hibachi	Udon or Soba	33.95	0	0
605779	i_549162405	Yakisoba	Udon or Soba	13.95	0	1
605779	i_549162395	Lobster Tail & Steak Hibachi	Udon or Soba	31.95	0	0
605779	i_549162393	Nabe Udon	Udon or Soba	14.95	0	1
605779	i_549162385	Shrimp Tempura Udon	Udon or Soba	15.95	0	1
605779	i_549162391	Seafood Udon	Udon or Soba	17.95	0	1
605779	i_549162390	Lobster Tail, Scallops & Steak Hibachi	Udon or Soba	33.95	0	0
605779	i_549162389	Chicken & Shrimp Hibachi	Udon or Soba	22.50	0	0
605779	i_549162388	Yaki Udon	Udon or Soba	13.95	0	1
605779	i_549162379	Shrimp & Scallop Hibachi	Udon or Soba	25.95	0	0
605779	i_549162377	Chicken & Steak Hibachi	Udon or Soba	21.95	0	0
605779	i_549162383	Scallops Hibachi	Udon or Soba	21.50	0	0
605779	i_549162382	Sword Fish Hibachi	Udon or Soba	23.95	0	0
605779	i_549162381	Shrimp & Steak Hibachi	Udon or Soba	25.95	0	0
605779	i_549162371	Twin Lobster Tail Hibachi	Udon or Soba	32.95	0	0
605779	i_549162373	Yoshi Nabe	Udon or Soba	16.95	0	1
605779	i_549162363	Filet Mignon Hibachi	Udon or Soba	25.95	0	0
605779	i_549162361	Steak Hibachi	Udon or Soba	18.95	0	0
605779	i_549162360	Chicken Hibachi	Udon or Soba	17.50	0	0
605779	i_549162364	Shrimp Hibachi	Udon or Soba	21.50	0	0
605779	i_549162426	Oyster Shooter	Cold Appetizers	8.00	0	0
605779	i_549162416	Baby Tako	Cold Appetizers	7.95	0	0
605779	i_549162411	Mixed Oshinko	Cold Appetizers	7.00	0	0
605779	i_549162403	Sushi	Cold Appetizers	8.95	0	0
605779	i_549162402	Mango Tuna	Cold Appetizers	12.95	0	0
605779	i_549162407	Tuna Tataki	Cold Appetizers	12.95	0	0
605779	i_549162392	Oshitashi	Cold Appetizers	6.00	0	0
605779	i_549162399	Hamachi	Cold Appetizers	12.95	0	0
605779	i_549162398	Beef Tataki	Cold Appetizers	12.95	0	0
605779	i_549162397	Usuzukuri	Cold Appetizers	11.45	0	0
605779	i_549162386	Spicy Tuna Avocado Martini	Cold Appetizers	15.50	0	0
605779	i_549162378	Sashimi	Cold Appetizers	13.95	0	0
605779	i_549162380	Tuna Tar Tar	Cold Appetizers	12.95	0	0
605779	i_549162369	Lobster Appetizer	Cold Appetizers	12.95	0	0
605779	i_549162374	Pickled Jelly Fish	Cold Appetizers	8.50	0	0
605779	i_549162372	Takara Lover	Cold Appetizers	12.95	0	0
605779	i_549162475	Salmon Tar Tar	Cold Appetizers	12.95	0	0
605779	i_549162359	Uni Shooter	Cold Appetizers	9.00	0	0
605779	i_549162430	Shumai	Hot Appetizers	6.50	0	0
605779	i_549162421	Harumaki	Hot Appetizers	6.50	0	0
605779	i_549162413	Fried Calamari	Hot Appetizers	6.50	0	0
605779	i_549162400	Yakitori	Hot Appetizers	6.50	0	0
605779	i_549162394	Sake Kama	Hot Appetizers	12.95	0	0
605779	i_549162396	Beef Negimaki Appetizer	Hot Appetizers	8.50	0	0
605779	i_549162387	Age Tofu	Hot Appetizers	5.50	0	0
605779	i_549162370	Tatsuta Age	Hot Appetizers	6.50	0	0
605779	i_549162368	Kushiyaki	Hot Appetizers	8.95	0	0
605779	i_549162375	Konoge	Hot Appetizers	6.50	0	0
605779	i_549162367	Vegetable Tempura Appetizer	Hot Appetizers	7.50	0	0
605779	i_549162365	Shrimp Tempura Appetizer	Hot Appetizers	8.50	0	0
605779	i_549162358	Fried Spider	Hot Appetizers	9.95	0	0
605779	i_549162357	Hamachi Kama	Hot Appetizers	12.95	0	0
605779	i_549162442	Side of Chicken Hibachi	Side Hibachi Items	7.50	0	0
605779	i_549162439	Side of Steak Hibachi	Side Hibachi Items	7.95	0	0
605779	i_549162437	Side of Scallops Hibachi	Side Hibachi Items	8.50	0	0
605779	i_549162362	Side of Shrimp Hibachi	Side Hibachi Items	8.50	0	0
605779	i_30220215605	Side of (Chicken) Fried Rice	Side Hibachi Items	9.50	0	0
605779	i_30220215608	Side of (Beef) fried Rice	Side Hibachi Items	10.50	0	0
605779	i_30221442725	Side of (Shrimp) Fried Rice	Side Hibachi Items	10.50	0	0
605779	i_549162499	Yasai Tame	Complete Meals	14.95	0	0
605779	i_549162497	Tonkatsu	Complete Meals	16.95	0	0
605779	i_549162500	Teriyaki Duo	Complete Meals	21.95	0	1
605779	i_549162424	Chicken Katsu	Complete Meals	16.95	0	0
605779	i_549162491	Vegetable Teriyaki	Complete Meals	14.95	0	0
605779	i_549162495	Takara Tempura	Complete Meals	20.95	0	0
605779	i_549162493	Shrimp Tempura	Complete Meals	17.95	0	0
605779	i_549162492	Chicken Tempura	Complete Meals	15.95	0	0
605779	i_549162482	Lobster Teriyaki	Complete Meals	25.95	0	0
605779	i_549162480	Scallop Teriyaki	Complete Meals	20.95	0	0
605779	i_549162474	Tuna Teriyaki	Complete Meals	20.95	0	0
605779	i_549162473	Salmon Teriyaki	Complete Meals	17.95	0	0
605779	i_549162477	Filet Mignon Teriyaki	Complete Meals	21.95	0	0
605779	i_549162467	Beef Teriyaki	Complete Meals	17.95	0	0
605779	i_549162470	Shrimp Teriyaki	Complete Meals	17.95	0	0
605779	i_549162461	Tofu Teriyaki	Complete Meals	14.95	0	0
605779	i_549162460	Chicken Teriyaki	Complete Meals	15.95	0	0
605779	i_549162513	Ice Cream	Desserts	4.50	0	1
605779	i_549162600	Red Velvet Layer Cake	Desserts	5.00	0	0
605779	i_549162599	Fried Banana	Desserts	5.00	0	0
605779	i_549162598	Fried Green Tea Ice Cream	Desserts	5.50	0	0
605779	i_549162597	Fried Cheesecake	Desserts	6.00	0	0
605779	i_549162596	Fried Vanilla Ice Cream	Desserts	5.50	0	0
605779	i_549162423	Lemon Cream Layer Cake	Desserts	5.00	0	0
605779	i_549162555	Dream Roll	Chef's Special Rolls	20.00	0	0
605779	i_549162553	Atami Roll	Chef's Special Rolls	17.00	0	0
605779	i_549162552	Golden Tuna Roll	Chef's Special Rolls	18.00	0	0
605779	i_549162559	Salmon Fire Roll	Chef's Special Rolls	17.50	0	0
605779	i_549162550	Badger Roll	Chef's Special Rolls	18.00	0	0
605779	i_549162548	Crystal Roll	Chef's Special Rolls	18.00	0	0
605779	i_549162539	Naruto Roll	Chef's Special Rolls	12.00	0	0
605779	i_549162536	Wasabi Stringer Roll	Chef's Special Rolls	16.50	0	0
605779	i_549162540	Fantastic Roll	Chef's Special Rolls	21.00	0	0
605779	i_549162531	Puppy Love Roll	Chef's Special Rolls	16.00	0	0
605779	i_549162530	ISO Fantastic Roll	Chef's Special Rolls	16.95	0	0
605779	i_549162528	Hana Roll	Chef's Special Rolls	17.95	0	0
605779	i_549162532	Boston Roll	Chef's Special Rolls	8.25	0	0
605779	i_549162512	King Eel Roll	Chef's Special Rolls	13.00	0	0
605779	i_549162516	Eastern Roll	Chef's Special Rolls	8.50	0	0
605779	i_549162507	Lobster Tail Roll	Chef's Special Rolls	12.95	0	0
605779	i_549162511	Philadelphia Roll	Chef's Special Rolls	8.25	0	0
605779	i_549162490	Spicy Shrimp Tempura Roll	Chef's Special Rolls	8.95	0	0
605779	i_549162487	Spicy Spider Roll	Chef's Special Rolls	13.50	0	0
605779	i_549162485	Dragon Roll	Chef's Special Rolls	17.95	0	0
605779	i_549162484	Rainbow Roll	Chef's Special Rolls	16.95	0	0
605779	i_549162478	Rock N Roll	Chef's Special Rolls	8.95	0	0
605779	i_549162448	Shogun Roll	Chef's Special Rolls	11.25	0	0
605779	i_549162447	Fashion Roll	Chef's Special Rolls	9.95	0	0
605779	i_549162438	Fancy Salmon Roll	Chef's Special Rolls	14.95	0	0
605779	i_549162427	Shrimp Hibachi (Lunch)	Lunch Hibachi	12.99	0	1
605779	i_549162459	Salmon Hibachi (Lunch)	Lunch Hibachi	12.99	0	1
605779	i_549162458	Steak Hibachi (Lunch)	Lunch Hibachi	12.99	0	1
605779	i_549162455	Vegetables Hibachi (Lunch)	Lunch Hibachi	12.99	0	1
605779	i_549162453	Chicken Hibachi (Lunch)	Lunch Hibachi	11.95	0	1
605779	i_549162554	Anago À la Carte	Sushi or Sashimi (À la Carte)	3.50	0	1
605779	i_549162558	Masago À la Carte	Sushi or Sashimi (À la Carte)	3.50	0	1
605779	i_549162556	Tobiko À la Carte	Sushi or Sashimi (À la Carte)	3.50	0	1
605779	i_549162541	Kani À la Carte	Sushi or Sashimi (À la Carte)	3.25	0	1
605779	i_549162534	Unagi À la Carte	Sushi or Sashimi (À la Carte)	4.25	0	1
605779	i_549162533	Hamachi À la Carte	Sushi or Sashimi (À la Carte)	3.95	0	1
605779	i_549162510	Smoked Salmon À la Carte	Sushi or Sashimi (À la Carte)	3.95	0	1
605779	i_549162618	Maguro À la Carte	Sushi or Sashimi (À la Carte)	3.95	0	1
605779	i_549162617	Hokkigai À la Carte	Sushi or Sashimi (À la Carte)	3.25	0	1
605779	i_549162616	Saba À la Carte	Sushi or Sashimi (À la Carte)	2.95	0	1
605779	i_549162623	Escolar À la Carte	Sushi or Sashimi (À la Carte)	4.00	0	1
605779	i_549162621	Yellowtail Belly À la Carte	Sushi or Sashimi (À la Carte)	5.00	0	1
605779	i_549162620	Sake À la Carte	Sushi or Sashimi (À la Carte)	3.95	0	1
605779	i_549162615	Ika À la Carte	Sushi or Sashimi (À la Carte)	3.50	0	1
605779	i_549162614	Amaebi À la Carte	Sushi or Sashimi (À la Carte)	6.00	0	1
605779	i_549162613	Red Snapper À la Carte	Sushi or Sashimi (À la Carte)	3.95	0	1
605779	i_549162605	Toro À la Carte	Sushi or Sashimi (À la Carte)	9.50	0	1
605790	i_5970446045	Chicken Teriyaki	Teriyaki	12.50	1	0
605790	i_5971939677	Chicken Egg Roll (2pcs )	Side Orders	3.90	1	0
605790	i_5971939679	Crab Rangoon ( 2 Pcs)	Side Orders	3.60	1	0
605790	i_5970446063	Shrimp Tempura Roll	Sushi Roll	10.20	1	0
605790	i_5970446066	California Roll	Sushi Roll	9.00	1	0
605790	i_5970446044	Beef Teriyaki	Teriyaki	13.70	1	0
605790	i_5970446058	Chicken Yakisoba	Yakisoba	14.70	1	0
605790	i_5970446037	Spring Roll (2 Pieces)	Side Orders	3.60	1	0
605790	i_5971939675	Pepsi Fountain 22 oz	Bevarages	3.90	1	1
605790	i_5970446065	Chicken Teriyaki Roll	Sushi Roll	9.00	1	0
605790	i_5970446042	Shrimp Teriyaki	Teriyaki	14.60	1	0
605790	i_5970446043	Tofu Teriyaki	Teriyaki	11.90	1	0
605790	i_5970446047	Shrimp Tempura	Tempura	12.50	1	0
605790	i_5970446035	Shrimp Tempura ( 3 Pcs )	Side Orders	5.75	1	0
605790	i_5970446038	Dumpling (4 Pieces)	Side Orders	3.60	1	0
605790	i_5970446039	Edamame	Side Orders	4.95	1	0
605790	i_5970446041	Garden Salad	Side Orders	5.90	1	0
605790	i_5970446048	Shrimp Bento	Bento	17.90	1	0
605790	i_5970446049	Tofu Bento	Bento	15.49	1	0
605790	i_5970446050	Beef Bento	Bento	16.70	1	0
605790	i_5970446051	Chicken Bento	Bento	15.99	1	0
605790	i_5970446056	Shrimp Yakisoba	Yakisoba	17.20	1	0
605790	i_5970446057	Beef Yakisoba	Yakisoba	15.90	1	0
605790	i_5971939678	Spicy Mayo	Sushi Roll	1.50	1	0
605790	i_5970446059	BBQ Eel Roll	Sushi Roll	9.00	1	0
605790	i_5970446060	Spicy Tuna Roll	Sushi Roll	9.00	1	0
605790	i_5970446061	Tuna Roll	Sushi Roll	9.00	1	0
605790	i_5970446062	Salmon Roll	Sushi Roll	9.00	1	0
605790	i_5970446064	Avocado & Cucumber Roll	Sushi Roll	8.40	1	0
605790	i_5970446067	Fried Spicy Tuna Roll	Suchi Specialities	14.75	1	0
605790	i_5970446068	Green Dragon Roll	Suchi Specialities	14.75	1	0
605790	i_5970446069	Salmon Tempura Roll	Suchi Specialities	15.60	1	0
605790	i_5970446070	Spicy Shrimp Roll	Suchi Specialities	15.60	1	0
605790	i_5970446071	Rainbow Roll	Suchi Specialities	15.60	1	0
605790	i_5971939676	Can Soda	Bevarages	2.40	1	0
605790	i_5970446072	Bottle Drinks	Bevarages	4.99	1	1
606420	i_25273198278	Crispy & Salty Popcorn Chicken鹹酥雞	Little Eats小吃	9.50	1	0
606420	i_25273333868	Tainan Braised Pork Over Rice COMBO台南肉燥飯套餐	Combo套餐	25.00	1	1
606420	i_25272765513	Tainan Braised Pork Over Rice台南肉燥飯	Bowl碗	14.50	1	0
606420	i_25272765516	Fried Chicken Cutlet Over Rice炸雞排飯	Bowl碗	13.50	1	0
606420	i_25272765518	Fried Tofu Over Rice (V)炸豆腐飯	Bowl碗	13.50	1	0
606420	i_25273186622	ICED Taiwanese Style Milk Tea 24oz冰台式奶茶	Drinks飲料	6.50	1	1
606420	i_25272765519	Fried Pork Rib Over Rice炸豬排飯	Bowl碗	13.50	1	0
606420	i_25272765517	Popcorn chicken Over Rice鹹酥雞飯	Bowl碗	13.50	1	0
606420	i_25273186628	ICED Winter Melon Tea 24oz(regular sugar)冰冬瓜茶(固定甜度)	Drinks飲料	4.50	1	0
606420	i_25273333872	Popcorn chicken Over Rice COMBO鹹酥雞飯套餐	Combo套餐	25.00	1	1
606420	i_44468500525	Summer Sesame Cold Noodles Combo芝麻醬涼麵套餐	"New" Sesame 芝麻醬系列	25.00	1	1
606420	i_44468500526	Sesame Dressing Cold Noodles芝麻醬涼麵	"New" Sesame 芝麻醬系列	14.50	1	0
606420	i_44468500527	Tofu With Sesame Dressing芝麻醬豆腐	"New" Sesame 芝麻醬系列	9.50	1	0
606420	i_44468500528	Broccoli With Sesame Dressing芝麻醬花椰菜	"New" Sesame 芝麻醬系列	9.50	1	0
606420	i_44469621200	Sesame Dressing芝麻醬	"New" Sesame 芝麻醬系列	1.00	1	0
606420	i_25273333870	Jiayi Chicken Over Rice (GF) COMBO嘉義雞肉飯套餐	Combo套餐	25.00	1	1
606420	i_25273333871	Fried Chicken Cutlet Over Rice COMBO炸雞排飯套餐	Combo套餐	25.00	1	1
606420	i_25273333873	Vegetarian Fried Tofu Over Rice COMBO(V)炸豆腐飯套餐	Combo套餐	25.00	1	1
606420	i_25273333874	Fried Pork Rib Over Rice COMBO 炸豬排飯套餐	Combo套餐	25.00	1	1
606420	i_25273333875	Pork Belly Over Rice COMBO控肉飯套餐	Combo套餐	25.00	1	1
606420	i_25273333876	Black Pepper Beef Over Rice COMBO黑胡椒牛肉飯套餐	Combo套餐	25.00	1	1
606420	i_25272106901	CURRY Popcorn Chicken Over Rice COMBO咖哩鹹酥雞飯套餐	Curry Combo咖哩套餐	28.00	1	1
606420	i_25272106902	CURRY Fried Chicken Cutlet Over Rice COMBO咖哩炸雞排飯套餐	Curry Combo咖哩套餐	28.00	1	1
606420	i_25272106903	CURRY Fried Pork Rib Over Rice COMBO咖哩炸豬排飯套餐	Curry Combo咖哩套餐	28.00	1	1
606420	i_25272106904	CURRY Fried Tofu Over Rice COMBO(V) 咖哩炸豆腐飯套餐	Curry Combo咖哩套餐	28.00	1	1
606420	i_25273186623	ICED Jasmine Green Milk Tea 24oz冰茉香奶綠	Drinks飲料	6.50	1	1
606420	i_25273186624	ICED Roasted Oolong Milk Tea 24oz冰烏龍奶茶	Drinks飲料	6.50	1	1
606420	i_25273186629	Coca-Cola, Regular Can 可口可樂	Drinks飲料	3.00	1	0
606420	i_25273186630	Diet Coke, Can	Drinks飲料	3.00	1	0
606420	i_41860503263	ICED Strawberry Jasmine Green Tea草莓茉香綠茶	Drinks飲料	6.50	1	1
606420	i_41860503264	ICED Mango Jasmine Green Tea芒果茉香綠茶	Drinks飲料	6.50	1	1
606420	i_41860503265	ICED Lychee Jasmine Green Tea荔枝茉香綠茶	Drinks飲料	6.50	1	1
606420	i_44421857940	Strawberry Yogurt Smoothies(regular sugar)草莓優格冰沙(固定甜度)	Drinks飲料	7.50	1	0
606420	i_44421857941	Mango Yogurt Smoothies(regular sugar)芒果優格冰沙(固定甜度)	Drinks飲料	7.50	1	0
606420	i_44421857942	Lychee Yogurt Smoothies(regular sugar)荔枝優格冰沙(固定甜度)	Drinks飲料	7.50	1	0
606420	i_25272765515	Jiayi Chicken Over Rice (GF)嘉義雞肉飯	Bowl碗	14.50	1	0
606420	i_25272765520	Pork Belly Over Rice控肉飯	Bowl碗	13.50	1	0
606420	i_25272765521	Black Pepper Beef Over Rice黑胡椒牛肉飯	Bowl碗	13.50	1	0
606420	i_27314085105	Shacha Fried Noodles沙茶炒麵	Bowl碗	9.50	1	0
606420	i_25273198275	Tea Egg茶葉蛋	Little Eats小吃	3.00	1	0
606420	i_25273198279	Deep Fried Tofu Braised Pork 炸豆腐加肉燥	Little Eats小吃	9.50	1	0
606420	i_25273198281	Pork Braised Spinach肉燥燙菠菜	Little Eats小吃	9.50	1	0
606420	i_25273198282	NO PORK(V/VG)Braised Spinach不加豬肉燙菠菜	Little Eats小吃	9.50	1	0
606420	i_25273198283	Sweet Potato Plum Fries(V/VG)梅甘薯條	Little Eats小吃	9.50	1	0
606420	i_25273198284	Rice Blood Cake(2PC)炸米血糕	Little Eats小吃	9.50	1	0
606420	i_25273198285	Taco Bao割包	Little Eats小吃	9.50	1	1
606420	i_40701532560	Garlic Chips Broccoli(V/VG)蒜片花椰菜	Little Eats小吃	9.50	1	0
606420	i_25272902011	ketchup(2packs)番茄醬2包	Sauce醬料	0.00	1	0
606420	i_25272902012	Teriyaki sauce燒肉醬	Sauce醬料	0.75	1	0
606420	i_25272902013	Thousand Island Sauce千島醬	Sauce醬料	1.00	1	0
606420	i_25272927828	Soy-stewed Egg滷蛋	Sides配菜	3.00	1	0
606420	i_25272927830	White rice白飯	Sides配菜	3.00	1	0
656008	i_18799330632	Pick 3 Combo	'Que Combos	27.09	1	1
656008	i_18799330631	Pick 2 Combo	'Que Combos	24.79	1	1
656008	i_26652008906	Side Sauces	Sides, Sauces & Seasonings	0.59	1	1
656008	i_18799331011	Southside Rib Tips	Pitmaster Favorites	16.69	1	1
656008	i_24055545449	Corn Bread Muffins	Family To Go | Smokin' Sides	2.39	1	1
656008	i_24055395073	Individual Sides	Sides, Sauces & Seasonings	4.09	1	1
656008	i_18799174178	Canned Soda	Beverages	2.09	1	1
656008	i_18798519452	St. Louis-Style Spareribs	Award-Winning Ribs	23.09	1	1
656008	i_5615806789	Utensil Set	Utensils & Condiment	0.00	1	0
656008	i_18798519453	Baby Back Ribs	Award-Winning Ribs	25.39	1	1
656008	i_44550093993	Buffalo Chicken Egg Rolls	Sizzlin' Sandwiches	11.59	1	0
656008	i_44550093994	Chicken Bacon Ranch Sandwich	Sizzlin' Sandwiches	16.69	1	1
656008	i_44550093995	Fiery Sausage Sandwich	Sizzlin' Sandwiches	16.69	1	1
656008	i_44550093996	Hawaiian Pork Sandwich	Sizzlin' Sandwiches	16.69	1	1
656008	i_44550093997	Dave's Double Chocolate Chip Cupcake	Sizzlin' Sandwiches	10.39	1	0
656008	i_44550093998	Dragon Fruit Dirty Soda	Sizzlin' Sandwiches	5.79	1	0
656008	i_44550093999	Tropical Island Dirty Soda	Sizzlin' Sandwiches	5.79	1	0
656008	i_18797596949	All-American BBQ Feast®	Famous Feasts	94.39	1	1
656008	i_18797596950	Feast for 2	Famous Feasts	58.69	1	1
656008	i_18799328308	Cheese Curds Appetizer	Appetizers	13.59	1	0
656008	i_18799328309	Burnt Ends Appetizer	Appetizers	17.29	1	0
656008	i_18799328307	Southside Rib Tips Appetizer	Appetizers	15.59	1	0
656008	i_18799328310	Fried Pickles Appetizer	Appetizers	11.59	1	0
656008	i_18799328311	Onion Strings Appetizer	Appetizers	11.59	1	0
656008	i_27122974421	Smoked Brisket Egg Rolls	Appetizers	16.19	1	0
656008	i_18799328313	Hand-Breaded Chicken Strips Appetizer	Appetizers	10.39	1	0
656008	i_18799328312	Traditional Wings	Appetizers	16.99	1	1
656008	i_18799330633	St. Louis Rib N' Meat	'Que Combos	29.99	1	1
656008	i_18799330634	St. Louis Rib N' 2 Meats	'Que Combos	34.59	1	1
656008	i_18799330635	Baby & 1 Meat Combo	'Que Combos	29.99	1	1
656008	i_18799330636	Baby & 2 Meats Combo	'Que Combos	34.59	1	1
656008	i_18799331008	Georgia Chopped Pork	Pitmaster Favorites	15.59	1	1
656008	i_18799331010	Texas Beef Brisket	Pitmaster Favorites	23.09	1	1
656008	i_18799331012	Country-Roasted Chicken	Pitmaster Favorites	16.69	1	1
656008	i_18799331013	BBQ Roasted Chicken	Pitmaster Favorites	16.69	1	1
656008	i_18799331014	Hand Breaded Chicken Strips	Pitmaster Favorites	16.19	1	1
656008	i_18799331009	Smoked Jalapeño Cheddar Sausage	Pitmaster Favorites	17.29	1	1
656008	i_18798519454	Baby & St. Louis Combo	Award-Winning Ribs	40.29	1	1
656008	i_18799175779	Georgia Chopped Pork Sandwich	Sandwiches & Burgers	14.99	1	1
656008	i_18799175780	BBQ Pulled Chicken Sandwich	Sandwiches & Burgers	15.59	1	1
656008	i_18799175781	Texas Beef Brisket Sandwich	Sandwiches & Burgers	17.89	1	1
656008	i_18799175782	Iris' Comeback Chicken Sandwich	Sandwiches & Burgers	15.89	1	1
656008	i_18799175783	Cajun Chicken Sandwich	Sandwiches & Burgers	17.29	1	1
656008	i_18799175784	Hickory Chicken Sandwich	Sandwiches & Burgers	17.29	1	1
656008	i_18799175785	Dave's Favorite Burger*	Sandwiches & Burgers	17.29	1	1
656008	i_18799175786	Ultimate Burger*	Sandwiches & Burgers	19.29	1	1
656008	i_18799175787	Smokehouse Grilled Cheese	Sandwiches & Burgers	14.99	1	1
656008	i_18799326734	Dave's Sassy BBQ Salad	Salads N' More	18.49	1	1
656008	i_18799326735	Fresh Garden Side Salad	Salads N' More	6.99	1	1
656008	i_18799332497	Lunch | 1 Meat Platter	Lunch	13.89	1	1
656008	i_18799332498	Lunch | 2 Meat Combo	Lunch	15.59	1	1
656008	i_18799332499	Lunch | 3 Meat Combo	Lunch	17.89	1	1
656008	i_18799332500	Lunch | Georgia Chopped Pork Sandwich	Lunch	11.59	1	1
656008	i_18799332501	Lunch | BBQ Pulled Chicken Sandwich	Lunch	12.09	1	1
656008	i_18799332502	Lunch | Texas Beef Brisket Sandwich	Lunch	13.89	1	1
656008	i_18799332503	Lunch | Dave's Sassy BBQ Salad	Lunch	12.09	1	1
656008	i_20113934406	Whole French Silk Pie	Bakers Square Pies	21.89	1	0
656008	i_20113934407	French Silk Pie Slice	Bakers Square Pies	6.39	1	0
656008	i_20113934408	Whole Lemon Supreme Pie	Bakers Square Pies	21.89	1	0
656008	i_20113934409	Lemon Supreme Pie Slice	Bakers Square Pies	6.69	1	0
656008	i_20113934410	Whole Southern Pecan Pie	Bakers Square Pies	23.09	1	0
656008	i_20113934411	Southern Pecan Pie Slice	Bakers Square Pies	6.39	1	0
656008	i_20113934412	Whole Country Apple Pie	Bakers Square Pies	19.59	1	0
656008	i_20113934413	Country Apple Pie Slice	Bakers Square Pies	5.79	1	0
656008	i_41187226384	Dave's Double Chocolate Cupcake	Desserts	10.39	1	0
656008	i_18799331334	Dave's Award-Winning Bread Pudding	Desserts	10.39	1	0
656008	i_18799331336	Down Home Banana Pudding	Desserts	9.29	1	0
656008	i_18799356108	Kids' Rib Dinner (2 Bones)	Lil' Wilbur Meals	9.49	1	1
656008	i_18799356109	Kids' Hand-Breaded Chicken Strips	Lil' Wilbur Meals	8.39	1	1
656008	i_18799356110	Kids' Macaroni & Cheese	Lil' Wilbur Meals	8.39	1	1
656008	i_18799356111	Kids' Cheeseburger*	Lil' Wilbur Meals	8.39	1	1
656008	i_24055559296	Meats By The Pound	Family To Go | BBQ Meats	17.29	1	1
656008	i_24055610370	Whole Chickens	Family To Go | BBQ Meats	21.29	1	1
656008	i_24055545447	Quart Sides	Family To Go | Smokin' Sides	14.99	1	1
656008	i_24055545448	Pint Sides	Family To Go | Smokin' Sides	8.09	1	1
656008	i_24055545450	Sandwich Buns	Family To Go | Smokin' Sides	1.79	1	1
656008	i_24055370499	Corn Bread Muffin	Sides, Sauces & Seasonings	2.39	1	0
656008	i_24055924454	Single Sandwich Bun	Sides, Sauces & Seasonings	1.79	1	0
656008	i_24055389290	Sauce Bottles	Sides, Sauces & Seasonings	5.79	1	1
656008	i_24055395273	Seasonings and Rubs	Sides, Sauces & Seasonings	5.79	1	1
656008	i_18799174179	Red Bull	Beverages	5.19	1	0
656008	i_18799174180	Gallon Beverages	Beverages	6.99	1	1
656008	i_27354316541	Condiment Set	Utensils & Condiment	0.00	1	0
658055	i_6609035665	10 pc. Chicken McNuggets®	Chicken	6.59	1	1
658055	i_6609087089	French Fries	Fries	3.69	1	1
658055	i_6609085743	Double Cheeseburger	Burgers	4.59	1	0
658055	i_6609085753	McChicken®	Chicken	3.29	1	0
658055	i_6609020861	2 Cheeseburger Meal	Burgers	10.89	1	1
658055	i_6609085738	Big Mac®	Burgers	7.19	1	0
658055	i_6609035666	10 pc. Chicken McNuggets® Meal	Chicken	12.09	1	1
658055	i_6609085751	McDouble®	Burgers	4.69	1	0
658055	i_44488654416	Bacon Caesar McCrispy™​	Most Popular	9.59	1	0
658055	i_44488654417	Bacon Caesar McCrispy™ Meal​	Most Popular	14.19	1	1
658055	i_6609042243	Big Mac® Meal	Most Popular	12.79	1	1
658055	i_6609042244	Double Quarter Pounder® with Cheese Meal	Most Popular	13.79	1	1
658055	i_25265239104	4 Piece McCrispy™ Strips Meal	Most Popular	14.19	1	1
658055	i_25265239103	3 Piece McCrispy™ Strips Meal	Most Popular	12.69	1	1
658055	i_6609042241	McCrispy™	Most Popular	6.59	1	0
658055	i_6609042242	McCrispy™ Meal	Most Popular	10.99	1	1
658055	i_6609042246	20 pc. Chicken McNuggets®	Most Popular	11.19	1	1
658055	i_6609042247	40 pc. Chicken McNuggets®	Most Popular	19.79	1	1
658055	i_8713897012	Coke®	Most Popular	1.69	1	1
658055	i_43732001832	Derpy McFlurry®	Most Popular	4.49	1	1
658055	i_6609042250	OREO® McFlurry®	Most Popular	3.89	1	1
658055	i_44511825226	Caesar Snack Wrap®​	Limited Time: Caesar Chicken	3.89	1	0
658055	i_44511825227	2 Caesar Snack Wrap® Meal	Limited Time: Caesar Chicken	12.89	1	1
658055	i_44511825228	Caesar Snack Wrap® and Ranch Snack Wrap® Meal​	Limited Time: Caesar Chicken	12.89	1	1
658055	i_44511825229	Caesar Snack Wrap® and Spicy Snack Wrap® Meal	Limited Time: Caesar Chicken	12.89	1	1
658055	i_25120137448	Quarter Pounder® with Cheese Meal	Extra Value Meals	12.69	1	1
658055	i_25120137452	Bacon Quarter Pounder® with Cheese Meal	Extra Value Meals	13.69	1	1
658055	i_25120137458	Double Bacon Quarter Pounder® with Cheese Meal	Extra Value Meals	15.19	1	1
658055	i_25120137454	Quarter Pounder® with Cheese Deluxe Meal	Extra Value Meals	13.39	1	1
658055	i_25120137456	Double Quarter Pounder® with Cheese Deluxe Meal	Extra Value Meals	14.69	1	1
658055	i_25120137462	Triple Cheeseburger Meal	Extra Value Meals	10.59	1	1
658055	i_27677298942	2 Ranch Snack Wrap® Meal	Extra Value Meals	12.89	1	1
658055	i_27677298943	2 Spicy Snack Wrap® Meal	Extra Value Meals	12.89	1	1
658055	i_27714118805	2 Mix & Match Snack Wrap® Meal	Extra Value Meals	12.89	1	1
658055	i_25120148874	6 pc. Chicken McNuggets® Meal	Extra Value Meals	10.19	1	1
658055	i_25120137466	Deluxe McCrispy™ Meal	Extra Value Meals	11.69	1	1
658055	i_25120137468	Spicy McCrispy™ Meal	Extra Value Meals	11.59	1	1
658055	i_25120137470	Deluxe Spicy McCrispy™ Meal	Extra Value Meals	11.99	1	1
658055	i_25120148876	Filet-O-Fish® Meal	Extra Value Meals	11.59	1	1
658055	i_25120148878	Double Filet-O-Fish® Meal	Extra Value Meals	11.19	1	1
658055	i_6609085739	Quarter Pounder® with Cheese	Burgers	7.19	1	0
658055	i_6609085741	Double Quarter Pounder® with Cheese	Burgers	8.79	1	0
658055	i_6609085745	Bacon Quarter Pounder® with Cheese	Burgers	8.69	1	0
658055	i_6609085746	Quarter Pounder® with Cheese Deluxe	Burgers	8.19	1	0
658055	i_6609085749	Double Quarter Pounder® with Cheese Deluxe	Burgers	9.79	1	0
658055	i_6609085740	Double Bacon Quarter Pounder® with Cheese	Burgers	9.89	1	0
658055	i_6609085742	Cheeseburger	Burgers	2.99	1	0
658055	i_6609085744	Triple Cheeseburger	Burgers	6.89	1	0
658055	i_6609085747	Hamburger	Burgers	2.89	1	0
658055	i_6609085748	Double Hamburger	Burgers	4.49	1	0
658055	i_6609085750	Bacon McDouble®	Burgers	5.79	1	0
658055	i_25265239115	4 Piece McCrispy™ Strips	Chicken	8.39	1	1
658055	i_25265239113	3 Piece McCrispy™ Strips	Chicken	6.99	1	1
658055	i_6609085736	Deluxe McCrispy™	Chicken	7.29	1	0
658055	i_6609085735	Spicy McCrispy™	Chicken	7.19	1	0
658055	i_6609085737	Deluxe Spicy McCrispy™	Chicken	7.49	1	0
658055	i_27677298944	Ranch Snack Wrap®	Chicken	3.89	1	0
658055	i_27677298946	Spicy Snack Wrap®	Chicken	3.89	1	0
658055	i_6609035662	4 pc. Chicken McNuggets®	Chicken	3.59	1	1
658055	i_6609035663	6 pc. Chicken McNuggets®	Chicken	4.49	1	1
658055	i_6609085752	Filet-O-Fish	Fish	5.99	1	0
658055	i_7841635764	Double Filet-O-Fish®	Fish	7.89	1	0
658055	i_6609078926	Hamburger Happy Meal®	Happy Meal	6.39	1	1
658055	i_6609078927	4 pc. Chicken McNugget® Happy Meal®	Happy Meal	6.79	1	1
658055	i_6609078928	6 pc. Chicken McNuggets® Happy Meal®	Happy Meal	8.19	1	1
658055	i_44283321114	Sprite® Berry Blast	Drinks	3.59	1	1
658055	i_44283321115	Strawberry Watermelon Refresher	Drinks	4.49	1	1
658055	i_44283321116	Dirty Dr Pepper®	Drinks	3.59	1	1
658055	i_44283321117	Mango Pineapple Refresher	Drinks	4.49	1	1
658055	i_44283321118	Blackberry Passion Fruit Refresher	Drinks	4.49	1	1
658055	i_44283321119	Orange Dream with Hi-C®	Drinks	2.59	1	1
658055	i_8713895672	Diet Coke®	Drinks	1.69	1	1
658055	i_8713897011	Sprite®	Drinks	1.69	1	1
658055	i_8713907083	Hi-C® Orange	Drinks	1.69	1	1
658055	i_9721862479	Fanta® Orange	Drinks	1.69	1	1
658055	i_8713889373	Dr Pepper®	Drinks	1.69	1	1
658055	i_8713891835	Diet Dr Pepper®	Drinks	1.69	1	1
658055	i_40228396654	Mello Yello	Drinks	1.69	1	1
658055	i_24637786825	Lemonade	Drinks	2.89	1	1
658055	i_24637796905	Sweet Tea Lemonade	Drinks	2.89	1	1
658055	i_24637662597	Unsweetened Tea Lemonade	Drinks	2.89	1	1
658055	i_8713908277	Sweet Iced Tea	Drinks	1.69	1	1
658055	i_8713908091	Unsweetened Iced Tea	Drinks	1.69	1	1
658055	i_6609066604	DASANI® Bottled Water	Drinks	2.89	1	0
658055	i_6609066605	Milk	Drinks	1.69	1	0
658055	i_6609066606	Chocolate Milk	Drinks	1.69	1	0
658055	i_6609066603	Minute Maid® Orange Juice	Drinks	3.39	1	1
658055	i_6609066607	Honest Kids® Organic Apple Juice Drink	Drinks	1.69	1	0
658055	i_6609066608	Medium Frozen Sprite® Lymonade®	Drinks	3.39	1	0
658055	i_6609066610	Frozen Fanta® Blue Raspberry	Drinks	2.69	1	1
658055	i_6609066614	Strawberry Banana Smoothie	Drinks	3.89	1	1
658055	i_6609066615	Mango Pineapple Smoothie	Drinks	3.89	1	1
658055	i_44413961483	Fried Apple Pie	Sweets & Treats	2.79	1	1
658055	i_44413961485	Fried Apple & Blueberry Creme Pie	Sweets & Treats	4.99	1	0
658055	i_44402129328	Blueberry & Creme Pie	Sweets & Treats	2.69	1	1
658055	i_6609090275	Chocolate Shake	Sweets & Treats	5.39	1	1
658055	i_6609090276	Strawberry Shake	Sweets & Treats	5.39	1	1
658055	i_6609090277	Vanilla Shake	Sweets & Treats	5.39	1	1
658055	i_6609090279	M&M® McFlurry®	Sweets & Treats	3.89	1	1
658055	i_6609090281	Caramel Sundae	Sweets & Treats	4.89	1	0
658055	i_6609090282	Hot Fudge Sundae	Sweets & Treats	4.89	1	0
658055	i_6609090283	Plain Sundae	Sweets & Treats	4.89	1	0
658055	i_6609090284	1 Cookie	Sweets & Treats	1.19	1	1
658055	i_6609090285	2 Cookies	Sweets & Treats	2.19	1	1
658055	i_6609090286	3 Pack Of Cookies	Sweets & Treats	2.69	1	1
658055	i_6609090287	13 Cookie Tote	Sweets & Treats	6.89	1	1
658055	i_6609071789	Iced Coffee	McCafé®	2.59	1	1
658055	i_6609071790	Iced Caramel Coffee	McCafé®	2.59	1	1
658055	i_6609071791	Iced Vanilla Coffee	McCafé®	2.59	1	1
658055	i_6609071792	Iced Sugar Free Vanilla Coffee	McCafé®	3.29	1	1
658055	i_6609071786	Premium Roast Coffee	McCafé®	1.89	1	1
658055	i_6609071788	Hot Tea	McCafé®	1.39	1	1
658055	i_6609071787	Decaf Coffee	McCafé®	1.89	1	1
658055	i_6609071793	Premium Hot Chocolate	McCafé®	3.99	1	1
658055	i_6609071796	Caramel Frappé	McCafé®	4.99	1	1
658055	i_6609071795	Mocha Frappé	McCafé®	4.99	1	1
658055	i_6609071797	Caramel Macchiato	McCafé®	3.69	1	1
658055	i_6609071798	Iced Caramel Macchiato	McCafé®	3.69	1	1
658055	i_6609071799	Mocha	McCafé®	3.39	1	1
658055	i_6609071801	Iced Mocha	McCafé®	3.89	1	1
658055	i_6609071803	Latte	McCafé®	3.69	1	1
658055	i_6609071804	Caramel Latte	McCafé®	3.69	1	1
658055	i_6609071805	Vanilla Latte	McCafé®	3.69	1	1
658055	i_6609071806	Sugar Free Vanilla Latte	McCafé®	3.69	1	1
658055	i_6609071807	Iced Latte	McCafé®	3.99	1	1
658055	i_6609071808	Iced Caramel Latte	McCafé®	3.99	1	1
658055	i_6609071809	Iced Vanilla Latte	McCafé®	3.99	1	1
658055	i_6609071810	Iced Sugar Free Vanilla Latte	McCafé®	3.99	1	1
658055	i_6609071811	Cappuccino	McCafé®	3.69	1	1
658055	i_6609071812	Vanilla Cappuccino	McCafé®	3.69	1	1
658055	i_6609071813	Sugar Free Vanilla Cappuccino	McCafé®	3.69	1	1
658055	i_6609071814	Caramel Cappuccino	McCafé®	3.69	1	1
658055	i_6609071815	Americano	McCafé®	3.69	1	1
658055	i_6609024521	40 pc. Chicken McNuggets® & 2 Large Fries	Shareables	26.99	1	1
658055	i_44488654430	Caesar Sauce Cup​	Condiments	0.59	1	0
658055	i_25265239118	Creamy Chili McCrispy™ Strip Dip	Condiments	0.59	1	0
658055	i_6609077585	Tangy BBQ Dipping Sauce	Condiments	0.59	1	0
658055	i_6609077586	Ketchup Packet	Condiments	0.00	1	0
658055	i_6609077587	Sweet N Sour Dipping Sauce	Condiments	0.59	1	0
658055	i_6609077589	Creamy Ranch Sauce	Condiments	0.59	1	0
658055	i_6609077588	Honey Packet	Condiments	0.50	1	0
658055	i_6609077591	Honey Mustard	Condiments	0.59	1	0
658055	i_6609077592	Spicy Buffalo	Condiments	0.59	1	0
658055	i_6609077578	Straw	Condiments	0.00	1	0
658055	i_6609077579	Creamer Packet	Condiments	0.00	1	0
658055	i_6609077580	Sugar Packet	Condiments	0.00	1	0
658055	i_6609077581	Equal Packet	Condiments	0.00	1	0
658055	i_6609077582	Pepper Packet	Condiments	0.00	1	0
658055	i_6609077583	Salt Packet	Condiments	0.00	1	0
658055	i_6609077584	Splenda Packet	Condiments	0.00	1	0
667809	i_130131025	Sandwich and Soup/Mac	You Pick Two	12.18	1	1
667809	i_130131150	Broccoli Cheddar Soup	Soups & Mac	7.89	1	1
667809	i_7332519101	Mac & Cheese	Soups & Mac	7.99	1	1
667809	i_130131022	Sandwich and Salad	You Pick Two	11.78	1	1
667809	i_12921571762	Chipotle Chicken Avo Melt	Sandwiches	10.39	1	1
667809	i_801002155	Homestyle Chicken Noodle Soup	Soups & Mac	7.89	1	1
667809	i_130131090	French Baguette	Sides & Spreads	1.49	1	0
667809	i_130131073	Strawberry Banana Smoothie	Beverages	7.59	1	0
667809	i_44417196245	NEW Hazelnut Mocha Iced Coffee	What's New	4.89	1	1
667809	i_44417196246	NEW Snickerdoodle Iced Coffee	What's New	4.89	1	1
667809	i_44417196247	NEW Rocky Road Iced Coffee	What's New	4.89	1	1
667809	i_44417196248	NEW Hazelnut Mocha Frozen Java	What's New	6.09	1	0
667809	i_44417196249	NEW Snickerdoodle Frozen Java	What's New	6.09	1	0
667809	i_44417196250	NEW Rocky Road Frozen Java	What's New	6.09	1	0
667809	i_44417196251	NEW Cafe Frozen Java	What's New	5.49	1	0
667809	i_44045434165	NEW Lil’ Lemon Bundt Cake	What's New	4.69	1	0
667809	i_42465719501	NEW Cherry Lime Fresca	What's New	4.89	1	1
667809	i_38764103449	NEW Asiago Croissant Twists	What's New	2.29	1	0
667809	i_44417196238	NEW Island Mango Energy Refresher - Naturally Flavored	What's New	4.89	1	1
667809	i_42465719497	NEW Dragonfruit Sunset Energy Refresher - Naturally Flavored	What's New	4.89	1	1
667809	i_42465719498	NEW Passionfruit Paradise Energy Refresher - Naturally Flavored	What's New	4.89	1	1
667809	i_44045434168	Mexican Street Corn Chowder	What's New	7.89	1	1
667809	i_44045434169	Frozen Strawberry Lemonade	What's New	5.09	1	0
667809	i_42465719502	Strawberry Basil Lemonade Fresca	What's New	4.89	1	1
667809	i_41642757182	Tulip Cookie	What's New	4.19	1	0
667809	i_41642757183	Tulip Cookie 6-Pack	What's New	13.99	1	0
667809	i_130131019	Soup/Mac and Salad	You Pick Two	12.18	1	1
667809	i_130131033	Soup/Mac and Soup/Mac	You Pick Two	12.58	1	1
667809	i_130131005	Sandwich and Sandwich	You Pick Two	11.78	1	1
667809	i_130131027	Salad and Salad	You Pick Two	11.78	1	1
667809	i_44417196253	Warm Bowl and Soup/Mac	You Pick Two	13.38	1	1
667809	i_44417196254	Warm Bowl and Sandwich	You Pick Two	12.98	1	1
667809	i_44417196255	Warm Bowl and Salad	You Pick Two	12.98	1	1
667809	i_44417196256	Warm Bowl and Warm Bowl	You Pick Two	14.18	1	1
667809	i_38764103454	Chicken Roma Asiago Bagel Stack	Sandwiches	9.49	1	1
667809	i_38764103455	Spicy Steak Asiago Bagel Stack	Sandwiches	9.49	1	1
667809	i_12921565801	Chicken Bacon Rancher	Sandwiches	10.39	1	1
667809	i_12921571535	Ciabatta Cheesesteak	Sandwiches	10.69	1	1
667809	i_3049136088	Toasted Frontega Chicken®	Sandwiches	10.39	1	1
667809	i_12921558587	Toasted Italiano	Sandwiches	10.69	1	1
667809	i_17233044117	Spicy Fiesta Chicken	Sandwiches	10.39	1	1
667809	i_38764103456	Toasted Caprese Focaccia	Sandwiches	8.19	1	1
667809	i_12921562175	Smokehouse BBQ Chicken	Sandwiches	8.59	1	1
667809	i_22967138641	Cranberry Walnut Chicken Salad Sandwich	Sandwiches	7.79	1	1
667809	i_12921568607	Grilled Chicken & Avo BLT	Sandwiches	10.69	1	1
667809	i_14062155175	Bacon Turkey Bravo®	Sandwiches	10.39	1	1
667809	i_12921581486	Turkey & Cheddar Sandwich	Sandwiches	8.59	1	1
667809	i_130131199	Tuna Salad Sandwich	Sandwiches	8.49	1	1
667809	i_12921581677	Tomato Basil BLT	Sandwiches	7.79	1	1
667809	i_7332509810	Mediterranean Veggie	Sandwiches	6.99	1	1
667809	i_396490708	Family Feast	Sandwiches	42.79	1	1
667809	i_396490725	Premium Family Feast	Sandwiches	48.79	1	1
667809	i_44417196257	NEW Carnitas Elote Market Bowl	Market Bowls	11.29	1	1
667809	i_44417196258	NEW Sesame Ginger Chicken Market Bowl	Market Bowls	10.19	1	1
667809	i_44417196259	NEW All-In Veggie Market Bowl	Market Bowls	8.29	1	1
667809	i_14285243799	Bacon Mac & Cheese	Soups & Mac	8.99	1	1
667809	i_801002146	Cream of Chicken & Wild Rice Soup	Soups & Mac	7.89	1	1
667809	i_7332515722	Creamy Tomato Soup	Soups & Mac	7.89	1	1
667809	i_130131135	Bistro French Onion Soup	Soups & Mac	7.89	1	1
667809	i_44417196261	NEW Ultimate Garden Steak Salad	Salads	11.39	1	1
667809	i_44417196262	NEW Shrimply Baja Salad	Salads	11.09	1	1
667809	i_44417196263	NEW Farmhouse Crunch Salad	Salads	8.29	1	1
667809	i_44045434171	Strawberry Poppyseed Chicken Salad	Salads	11.09	1	1
667809	i_12921564271	Green Goddess Chicken Cobb Salad	Salads	11.29	1	1
667809	i_12921567355	Fuji Apple Chicken Salad	Salads	10.19	1	1
667809	i_12921564001	Southwest Chicken Ranch Salad	Salads	10.89	1	1
667809	i_21383704800	Asian Sesame Chicken Salad	Salads	10.09	1	1
667809	i_7332517562	Caesar Salad with Chicken	Salads	10.09	1	1
667809	i_130131011	Caesar Salad	Salads	7.29	1	1
667809	i_27152480634	Ranch Parm BLT Salad	Salads	8.29	1	1
667809	i_12921564002	Greek Salad with Chicken	Salads	10.29	1	1
667809	i_7332517892	Greek Salad	Salads	7.39	1	1
667809	i_44045434174	Strawberry Poppyseed Salad	Salads	8.29	1	1
667809	i_44417196264	NEW Ultimate Garden Steak Salad Stuffer	Salads	13.69	1	1
667809	i_44417196265	NEW Farmhouse Crunch Salad Stuffer	Salads	10.59	1	1
667809	i_44045434182	Caesar Salad Stuffer with Chicken	Salads	12.39	1	1
667809	i_44045434183	Caesar​ ​Salad Stuffer	Salads	9.69	1	1
667809	i_44417196266	NEW Shrimply Baja Salad Stuffer	Salads	13.49	1	1
667809	i_44045434180	Southwest Chicken Ranch ​Salad Stuffer	Salads	13.29	1	1
667809	i_44045434178	Green Goddess Chicken Cobb ​Salad Stuffer	Salads	13.59	1	1
667809	i_44045434181	Asian Sesame Chicken ​Salad Stuffer	Salads	12.39	1	1
667809	i_44045434186	Ranch Parm BLT ​Salad Stuffer	Salads	10.59	1	1
667809	i_44045434179	Fuji Apple Chicken ​Salad Stuffer	Salads	12.59	1	1
667809	i_44045434175	Strawberry Poppyseed Chicken​ Salad Stuffer	Salads	13.49	1	1
667809	i_44045434187	Greek Salad ​Stuffer with Chicken	Salads	12.69	1	1
667809	i_44045434188	Greek Salad Stuffer	Salads	9.79	1	1
667809	i_44045434191	Strawberry Poppyseed​ Salad Stuffer	Salads	10.59	1	1
667809	i_38764103458	Asiago Everything Bagel	Bakery	2.29	1	1
667809	i_413512059	Cinnamon Crunch Bagel	Bakery	2.29	1	1
667809	i_413512061	Asiago Bagel	Bakery	2.29	1	1
667809	i_413512065	Everything Bagel	Bakery	2.29	1	1
667809	i_413512063	Plain Bagel	Bakery	2.29	1	1
667809	i_17233046736	Blueberry Bagel	Bakery	2.29	1	1
667809	i_413512062	Cinnamon Swirl & Raisin Bagel	Bakery	2.29	1	1
667809	i_17233052105	Sesame Bagel	Bakery	2.29	1	1
667809	i_18015935345	Coconut Macaroon	Bakery	2.29	1	0
667809	i_18015920781	Almond Pastry	Bakery	4.89	1	0
667809	i_18015936794	Cranberry Orange Slice	Bakery	4.89	1	0
667809	i_18015934333	Baked Goods Feast	Bakery	20.19	1	1
667809	i_17372912806	Cinnamon Roll 4-Pack	Bakery	12.19	1	0
667809	i_17372875064	Blueberry Muffin	Bakery	4.39	1	0
667809	i_17372901091	French Baguette Loaf	Bakery	4.69	1	1
667809	i_17372878654	Country Rustic Sourdough	Bakery	10.29	1	1
667809	i_44045434193	NEW Italian Stuffer Roll	Bakery	3.49	1	1
667809	i_17372902040	Sourdough Bread Bowl	Bakery	3.49	1	0
667809	i_17372875065	Sourdough Bread Bowl 2-Pack	Bakery	5.89	1	0
667809	i_17372914614	Classic White Loaf	Bakery	12.39	1	0
667809	i_17372884965	Tomato Basil Bread	Bakery	9.79	1	1
667809	i_17372912942	Black Pepper Focaccia	Bakery	5.29	1	1
667809	i_17372893940	Artisan Ciabatta Loaf	Bakery	5.39	1	1
667809	i_17372872647	Greek Yogurt with Mixed Berries Parfait	Bakery	6.89	1	0
667809	i_17372913877	Fruit Cup	Bakery	4.69	1	0
667809	i_32132408675	Plain Cream Cheese Spread – Individual 1.5 oz	Bakery	1.99	1	0
667809	i_32132408676	Honey Walnut Cream Cheese Spread – Individual 1.5 oz	Bakery	1.99	1	0
667809	i_32132408677	Plain Cream Cheese Spread – Tub 8 oz	Bakery	4.39	1	0
667809	i_32132408678	Honey Walnut Cream Cheese Spread – Tub 8 oz	Bakery	4.39	1	0
667809	i_2832192192	Diet Pepsi	Beverages	3.99	1	1
667809	i_2832192187	Pepsi	Beverages	3.99	1	1
667809	i_2832192195	Dr Pepper	Beverages	3.99	1	1
667809	i_2832192198	Mountain Dew	Beverages	3.99	1	1
667809	i_2832192200	Starry	Beverages	3.99	1	1
667809	i_3049153753	Bubly Lime	Beverages	3.99	1	1
667809	i_3049149961	Canada Dry Ginger Ale	Beverages	3.99	1	1
667809	i_130131110	Bottled Water	Beverages	3.19	1	0
667809	i_130131085	Bottled Passion Fruit Papaya Green Tea	Beverages	4.59	1	0
667809	i_130131109	Diet Pepsi Can	Beverages	2.59	1	0
667809	i_130131178	Pepsi Can	Beverages	2.59	1	0
667809	i_44347314727	Cafe Blend Iced Coffee	Beverages	4.59	1	1
667809	i_7332513353	Hazelnut Coffee	Beverages	3.79	1	1
667809	i_7332521482	Cafe Blend Dark Roast Coffee	Beverages	3.79	1	1
667809	i_130131082	Hot Tea	Beverages	3.79	1	0
667809	i_34786891098	Signature Hot Chocolate	Beverages	4.59	1	1
667809	i_130131078	Hazelnut Coffee Tote	Beverages	25.49	1	0
667809	i_14062159692	Cafe Blend Light Roast Coffee Tote	Beverages	25.49	1	0
667809	i_480885802	Cafe Blend Dark Roast Coffee Tote	Beverages	25.49	1	0
667809	i_14062140630	Decaf Coffee Tote	Beverages	25.49	1	0
667809	i_7927172724	Hot Tea Tote	Beverages	25.49	1	0
667809	i_34786891099	Signature Hot Chocolate Tote	Beverages	27.89	1	0
667809	i_44417196274	NEW Blackberry Hibiscus Iced Tea - Naturally Flavored Herbal Tea	Beverages	3.99	1	1
667809	i_2832192145	Passion Papaya Iced Green Tea - Naturally Flavored	Beverages	3.99	1	1
667809	i_2832192153	Iced Unsweet Tea	Beverages	3.99	1	1
667809	i_2832192148	Agave Lemonade	Beverages	3.99	1	1
667809	i_3049147890	Brisk Raspberry Tea	Beverages	3.99	1	1
667809	i_34786891100	Frozen Signature Hot Chocolate	Beverages	5.19	1	0
667809	i_14062150591	Tropical Green Smoothie	Beverages	7.59	1	0
667809	i_130131208	Mango Smoothie	Beverages	7.59	1	0
667809	i_130131143	Strawberry Smoothie	Beverages	7.59	1	0
667809	i_130131145	Chai Tea Latte	Beverages	6.09	1	1
667809	i_130131206	Caramel Latte	Beverages	6.09	1	1
667809	i_34786891101	Mocha Latte	Beverages	6.09	1	1
800730	i_114239824	Gyro	Wraps	9.99	1	0
800730	i_114239845	French Fries	Sides	3.99	1	0
800730	i_114239835	Large Kosharie Plate	Specialty	9.99	1	0
800730	i_114239842	Flafel with Tahini Sauce (4)	Sides	6.99	1	0
800730	i_114239819	Grilled Chicken	Wraps	9.99	1	1
800730	i_114239850	Baklava	Deserts	4.99	1	0
800730	i_114239828	Philly Steak with Cheese	Hoagies	9.99	1	0
800730	i_114239849	Carrot Cake	Deserts	4.99	1	0
800730	i_114239821	Falafel	Wraps	9.99	1	0
800730	i_114239836	Small Kosharie Plate	Specialty	8.49	1	0
800730	i_158792119	3 large banana cinnamon pancake	Breakfast all day	8.99	1	0
800730	i_158790397	Spinach and feta cheese omelette	Breakfast all day	8.99	1	0
800730	i_158703649	Cheese omelette	Breakfast all day	8.99	1	0
800730	i_158792554	3 strawberries texas french toast	Breakfast all day	8.99	1	0
800730	i_158705987	G,M,O,C omelette	Breakfast all day	8.99	1	0
800730	i_114239811	Spinach & Strawberry Salad	Salads	9.95	1	0
800730	i_114239809	Caesar Salad	Salads	10.95	1	0
800730	i_114239808	Mediterranean Salad	Salads	10.95	1	0
800730	i_114239817	Small Chili with Ground Beef	Soup	3.99	1	0
800730	i_114239816	Large Chili with Ground Beef	Soup	4.99	1	0
800730	i_114239815	Small Lentil	Soup	3.99	1	0
800730	i_114239814	Large Lentil	Soup	4.99	1	0
800730	i_114239813	Small New England Clam Showder	Soup	3.99	1	0
800730	i_114239812	Large New England Clam Showder	Soup	4.99	1	0
800730	i_114239823	Chicken Gyro	Wraps	9.99	1	0
800730	i_114239820	Grilled Vegitables	Wraps	9.99	1	0
800730	i_114239832	Meatball Parmesan	Hoagies	9.99	1	0
800730	i_114239830	Pastrami Eggs & Cheese	Hoagies	9.99	1	0
800730	i_114239829	Shrimp Parmesan	Hoagies	11.99	1	0
800730	i_114239827	Chicken Parmesan	Hoagies	9.99	1	0
800730	i_114239837	Pasta with Marinara Sauce	Specialty	9.99	1	0
800730	i_114239847	Tabouli	Sides	6.99	1	0
800730	i_114239846	Mac & Cheese	Sides	6.99	1	0
800730	i_114239844	Hummus and pita	Sides	6.99	1	0
800730	i_114239840	Pasta Salad	Sides	6.99	1	0
800730	i_114239851	Warm Brownie	Deserts	4.99	1	0
800730	i_114239848	Chocolate Chip Cookies (4)	Deserts	4.99	1	0
889456	i_34919956859	Bibimbap	Rice Bowls	16.90	0	1
889456	i_34919956874	Taiyaki	Taiyaki	4.55	0	1
889456	i_34919956864	Tteokbokki	Shareables	13.00	0	1
889456	i_34919956854	Thai Milk Tea	Milk Tea	6.17	0	1
889456	i_34919956867	Karaage Chicken Bites	Shareables	11.05	0	0
889456	i_34919956868	House Slaw	Shareables	6.50	0	0
889456	i_34919956865	Edamame	Shareables	6.17	0	1
889456	i_34919956905	Kimchi	Sides	3.90	0	0
889456	i_34919956810	Brown Sugar Bubble Milk	Brown Sugar	6.17	0	1
889456	i_34919956808	Brown Sugar Bubble Oreo Milk	Brown Sugar	6.82	0	1
889456	i_34919956809	Brown Sugar Bubble & Red Bean Milk	Brown Sugar	6.82	0	1
889456	i_34919956813	Caffe Latte (Cold Only)	Espresso	6.17	0	1
889456	i_34919956814	Brown Sugar Boba Latte (Cold Only)	Espresso	6.82	0	1
889456	i_34919956815	Yin Yang Coffee Milk Tea	Espresso	6.82	0	1
889456	i_34919956816	Roasted Oolong Tea	Fresh Brewed Tea	5.52	0	1
889456	i_34919956817	Winter Melon Tea	Fresh Brewed Tea	5.52	0	1
889456	i_34919956818	Jasmine Green Tea	Fresh Brewed Tea	5.52	0	1
889456	i_34919956819	Earl Grey Tea	Fresh Brewed Tea	5.52	0	1
889456	i_34919956820	Strawberry Kiwi Green Tea	Fruit Tea	7.47	0	1
889456	i_34919956821	Pineapple Green Tea	Fruit Tea	6.82	0	1
889456	i_34919956823	Kiwi Green Tea	Fruit Tea	6.82	0	1
889456	i_34919956824	Grapefruit Green Tea	Fruit Tea	7.47	0	1
889456	i_34919956825	Orange Green Tea	Fruit Tea	7.47	0	1
889456	i_34919956826	Strawberry Lemon	Fruit Tea	7.47	0	1
889456	i_34919956827	White Peach Green Tea	Fruit Tea	6.82	0	1
889456	i_34919956828	Mango Green Tea	Fruit Tea	6.82	0	1
889456	i_34919956829	Passionfruit Tea	Fruit Tea	6.82	0	1
889456	i_34919956830	Lemon Tea	Fruit Tea	7.47	0	1
889456	i_34919956831	Mango White Peach Green Tea	Fruit Tea	7.47	0	1
889456	i_34919956832	Lychee Green Tea	Fruit Tea	6.82	0	1
889456	i_34919956833	Blackcurrant Black Tea with Nata Jelly	Fruit Tea	8.77	0	1
889456	i_34919956834	Honey Tea	Honey	6.82	0	1
889456	i_34919956835	Honey Milk Tea	Honey	7.47	0	1
889456	i_34919956836	Kiwi Lemonade	Lemonade	7.47	0	1
889456	i_34919956837	Winter Melon Lemonade	Lemonade	6.82	0	1
889456	i_34919956838	Peach Lemonade	Lemonade	6.82	0	1
889456	i_34919956839	Honey Lemonade	Lemonade	6.82	0	1
889456	i_34919956840	Lemonade	Lemonade	6.17	0	1
889456	i_34919956841	Mango Lemonade	Lemonade	7.47	0	1
889456	i_34919956842	Matcha Orange	Matcha	7.47	0	1
889456	i_34919956843	Matcha Lemonade	Matcha	7.47	0	1
889456	i_34919956844	Strawberry Matcha Latte	Matcha	7.47	0	1
889456	i_34919956845	Matcha Latte	Matcha	7.47	0	1
889456	i_34919956846	Matcha Taro Latte	Matcha	7.47	0	1
889456	i_34919956847	Matcha Red Bean Latte (No Added Sugar)	Matcha	8.12	0	1
889456	i_34919956848	Honeydew Milk Tea	Milk Tea	6.82	0	1
889456	i_34919956849	Roasted Oolong Milk Tea	Milk Tea	6.17	0	1
889456	i_34919956850	Winter Melon Milk Tea	Milk Tea	6.50	0	1
889456	i_34919956851	Green Milk Tea (Jasmine Milk Tea)	Milk Tea	6.17	0	1
889456	i_34919956852	Taro Milk Tea	Milk Tea	6.50	0	1
889456	i_34919956853	Black Milk Tea (Earl Grey Milk Tea)	Milk Tea	6.17	0	1
889456	i_34919956855	Strawberry Milk Tea	Milk Tea	6.82	0	1
889456	i_34919956856	Vanilla Milk Tea	Milk Tea	6.82	0	1
889456	i_34919956857	Pumpkin Thai Milk Tea	Milk Tea	6.82	0	1
889456	i_34919956866	Chips and Dip	Shareables	8.45	0	1
889456	i_34919956870	Blackcurrant Lemon Sparkling	Signature	8.77	0	0
889456	i_34919956871	Orange Creamsicle	Signature	8.77	0	0
889456	i_34919956872	Milo Dinosaur	Signature	8.77	0	1
889456	i_34919956873	Catan Sunset	Signature	8.77	0	0
889456	i_34919956876	Oolong Tea Latte	Tea Latte	6.82	0	1
889456	i_34919956877	Black Tea Latte	Tea Latte	6.82	0	1
889456	i_34919956878	Green Tea Latte	Tea Latte	6.82	0	1
889456	i_34919956879	Thai Tea Latte	Tea Latte	6.82	0	1
889456	i_34919956880	Winter Melon Tea Latte	Tea Latte	6.82	0	1
889456	i_34919956881	Yogurt Strawberry	Yogurt	6.82	0	1
889456	i_34919956882	Yogurt Tea	Yogurt	6.17	0	1
889456	i_34919956883	Yogurt Peach	Yogurt	6.17	0	1
889456	i_34919956884	Yogurt Blackcurrant	Yogurt	8.77	0	0
889456	i_34919956885	Rose Bandung	Rose	8.77	0	1
889456	i_34919956886	Rose Black Milk Tea	Rose	6.82	0	1
889456	i_34919956887	Rose Lemonade	Rose	6.82	0	1
889456	i_34919956888	Rosy Spring	Rose	8.77	0	0
889456	i_34919956889	Honeydew Slush	Slushies	7.47	0	1
889456	i_34919956890	Mango Slush	Slushies	7.47	0	1
889456	i_34919956891	Peach Slush	Slushies	7.47	0	1
889456	i_34919956892	Taro Slush	Slushies	7.47	0	1
889456	i_34919956893	Strawberry Milk Slush	Slushies	7.47	0	1
889456	i_34919956894	Passionfruit Slush	Slushies	7.47	0	1
889456	i_34919956896	Set List (Vegan Beer)	Beer	9.10	0	0
889456	i_34919956897	Summer Shandy (Leinenkugel)	Beer	6.50	0	0
889456	i_34919956899	Pseudo Sue	Beer	10.40	0	0
889456	i_34919956900	Dogfish Head 90 Minute IPA	Beer	9.10	0	0
889456	i_34919956901	Angry Orchard Crisp Apple	Beer	6.50	0	0
889456	i_34919956904	Corona	Beer	7.80	0	0
889456	i_34919956906	Spicy Cucumber Salad	Sides	3.25	0	0
889456	i_34919956907	Additional Sauce	Sides	0.65	0	1
889456	i_34919956908	Extra Meat	Sides	3.90	0	1
889456	i_34919956909	Extra Egg	Sides	2.60	0	1
889456	i_34919956910	Miso Soup	Sides	3.90	0	0
889456	i_34919956912	Seaweed Salad	Sides	7.15	0	0
889456	i_34919956913	Side of White Rice	Sides	1.95	0	0
889456	i_34919956914	Guacamole	Sides	4.55	0	0
889456	i_34919956916	Spicy Salmon	Raw	9.03	0	0
889456	i_34919956917	Honeydew Mojito	Fruit Mojito	8.77	0	0
889456	i_34919956918	Mango Peach Mojito	Fruit Mojito	8.77	0	0
889456	i_34919956919	Blueberry Milk Tea	Items	6.82	0	1
889456	i_34919956920	Book a Gamemaster: Experience Mahjong	Items	78.00	0	0
889456	i_34919956921	Chrysanthemum Tea	Items	5.52	0	1
889456	i_34919956923	Corona Non-Alcoholic	Items	7.80	0	0
889456	i_34919956924	Extra Disposables	Items	0.26	0	0
889456	i_34919956925	Game Fee	Items	6.50	0	1
889456	i_34919956928	LemonGayde	Items	8.82	0	0
889456	i_34919956930	Matcha Blueberry	Items	7.47	0	1
889456	i_34919956931	Passionfruit Mojito	Items	8.77	0	0
889456	i_34919956932	Pineapple Lychee Mojito	Items	8.77	0	0
889456	i_34919956935	Soda	Items	2.60	0	1
889456	i_34919956937	Strawberry Lychee Mojito	Items	8.77	0	0
894883	i_42820039662	Adamah Pastrami	Meat Sandwiches	15.99	0	0
894883	i_42820039669	Miss Vickie's Potato Chips	Sides	2.00	0	1
894883	i_42820039664	Chicken Schnitzel	Meat Sandwiches	14.99	0	0
894883	i_44336635482	Garden Sandwich	Meat Sandwiches	10.95	0	0
894883	i_42820039665	Reuben	Meat Sandwiches	15.45	0	0
894883	i_42820039625	Yerba Mate	Beverages	3.99	0	1
894883	i_42820039674	Beef Jerky - 2oz	Sides	7.69	0	0
894883	i_42820039675	Fat Badger Cookie	Sides	2.05	0	0
977240	i_156268344	11. Garlic Naan	Bread	3.50	0	0
977240	i_156268203	04. Chicken Tikka Masala	Chicken Curry	14.99	0	1
977240	i_156268222	02. Butter Chicken	Chicken Curry	14.99	0	1
977240	i_156268338	14. Cheese Naan	Bread	3.95	0	0
977240	i_156268182	01. Samosa	Vegetarian Appetizers	4.50	0	0
977240	i_156268281	05. Paneer Masala	Vegetarian Entrees	13.95	0	1
977240	i_156268339	07. Naan	Bread	2.99	0	0
977240	i_156268326	01. Chicken Biryani	Biryani/Rice	14.95	0	1
977240	i_156268365	12 Oz. Can of Soda	Drinks	2.00	0	1
977240	i_156268178	02. Vegetable Pakora	Vegetarian Appetizers	4.50	0	0
977240	i_156268362	Bottled Water	Drinks	1.50	0	0
977240	i_156268364	16 Oz. Bottle of Arizona Green Tea	Drinks	2.00	0	0
977240	i_156268354	04. Kheer	Desserts	3.50	0	0
977240	i_156268356	03. Gulab Jamun (5 pcs)	Desserts	4.95	0	0
977240	i_156268357	05. Gajar Halwa	Desserts	4.95	0	0
977240	i_156268358	01. Kulfi	Desserts	4.95	0	0
977240	i_156268359	06. RAS Malai (2 Pcs )	Desserts	3.50	0	0
977240	i_156268360	02. Mango Ice Cream	Desserts	4.95	0	0
977240	i_156268352	16. Spinach Naan	Bread	3.95	0	0
977240	i_156268353	17. Cheese Chili Naan	Bread	3.99	0	0
977240	i_156268336	02. Aloo Paratha	Bread	3.99	0	0
977240	i_156268340	09. Onion Kulcha	Bread	3.99	0	0
977240	i_156268341	10. Aloo Naan	Bread	3.99	0	0
977240	i_156268343	06. Roti	Bread	2.99	0	0
977240	i_156268345	01. Plain Paratha	Bread	2.99	0	0
977240	i_156268346	15. Peshawari Naan	Bread	3.95	0	0
977240	i_156268347	05. Chapati	Bread	2.99	0	0
977240	i_156268350	03. Gobhi Paratha	Bread	3.99	0	0
977240	i_156268351	08. Keema Naan	Bread	4.50	0	0
977240	i_156268335	12. Chicken Naan	Bread	3.99	0	0
977240	i_1734464123	04. Poori (2pcs)	Bread	3.99	0	0
977240	i_1734517573	13. Ginger Naan	Bread	3.50	0	0
977240	i_156268331	01. Vegetarian Dinner for 2	Dinners	40.00	0	0
977240	i_156268334	02. Non-Vegetarian Dinner for 2	Dinners	50.00	0	0
977240	i_156268321	02. Lamb Biryani	Biryani/Rice	15.95	0	0
977240	i_156268322	04. Vegetable Biryani	Biryani/Rice	13.95	0	0
977240	i_156268324	07. Mirch Masala Special	Biryani/Rice	17.95	0	0
977240	i_156268325	03. Beef Biryani	Biryani/Rice	15.95	0	0
977240	i_156268328	05. Shrimp Biryani	Biryani/Rice	16.95	0	0
977240	i_156268330	06. Goat Biryani	Biryani/Rice	15.95	0	0
977240	i_156268304	02. Chicken Kabab	Mirch Masala Tandoor	15.95	0	1
977240	i_156268306	01. Chicken Tandoori	Mirch Masala Tandoor	14.95	0	1
977240	i_156268307	05. Tandoori Mixed Grill	Mirch Masala Tandoor	18.95	0	0
977240	i_156268309	06. Tandoori Shrimp	Mirch Masala Tandoor	18.95	0	0
977240	i_156268310	11. Tandoori Mixed Vegetables	Mirch Masala Tandoor	14.95	0	0
977240	i_156268313	07. Fish Tikka (Salmon)	Mirch Masala Tandoor	18.95	0	0
977240	i_156268314	08. Paneer Tikka	Mirch Masala Tandoor	14.95	0	0
977240	i_156268316	03. Chicken Secuwa	Mirch Masala Tandoor	14.95	0	1
977240	i_156268317	04. Seekh Kabab	Mirch Masala Tandoor	16.95	0	0
977240	i_156268318	09. Tofu Secuwa	Mirch Masala Tandoor	14.95	0	0
977240	i_156268320	10. Lamb Secuwa	Mirch Masala Tandoor	15.95	0	0
977240	i_156268288	20. Vegetable Mix Curry	Vegetarian Entrees	11.95	0	1
977240	i_156268290	09. Vegetable Masala	Vegetarian Entrees	13.95	0	1
977240	i_156268291	21. Chana Masala	Vegetarian Entrees	10.95	0	1
977240	i_156268293	07. Vegetable Mango	Vegetarian Entrees	13.95	0	1
977240	i_156268294	08. Malai Kofta	Vegetarian Entrees	13.95	0	1
977240	i_156268296	01. Tofu Buff	Vegetarian Entrees	13.95	0	1
977240	i_156268299	02. Tofu Tonic	Vegetarian Entrees	13.95	0	1
977240	i_156268301	03. Steamed Vegetables	Vegetarian Entrees	10.95	0	1
977240	i_156268303	22. Paneer Chili	Vegetarian Entrees	13.95	0	1
977240	i_156268273	13. Karahi Pakora	Vegetarian Entrees	11.95	0	1
977240	i_156268274	18. Mushroom Masala	Vegetarian Entrees	12.95	0	1
977240	i_156268276	14. Aloo Chana	Vegetarian Entrees	10.95	0	1
977240	i_156268277	04. Vegetable Korma	Vegetarian Entrees	13.95	0	1
977240	i_156268279	11. Aloo Gobhi	Vegetarian Entrees	11.95	0	1
977240	i_156268282	15. Aloo Mattar	Vegetarian Entrees	11.95	0	1
977240	i_156268283	06. Palak Paneer	Vegetarian Entrees	13.95	0	1
977240	i_156268285	10. Mattar Paneer	Vegetarian Entrees	13.95	0	1
977240	i_156268287	17. Paneer Bhuna	Vegetarian Entrees	12.95	0	1
977240	i_156268270	12. Saag Aloo	Vegetarian Entrees	11.95	0	1
977240	i_156268271	19. Saag Chana	Vegetarian Entrees	12.95	0	1
977240	i_1673224223	16. Baingan Bhartha	Vegetarian Entrees	12.95	0	1
977240	i_1673224222	23. Vegetable Madras	Vegetarian Entrees	13.95	0	1
977240	i_156268257	02. Beef Vindaloo Curry	Beef Curry	15.95	0	1
977240	i_156268259	03. Beef Shahi Korma	Beef Curry	15.95	0	1
977240	i_156268260	05. Beef Masala	Beef Curry	15.95	0	1
977240	i_156268261	01. Beef Curry	Beef Curry	15.95	0	1
977240	i_156268263	04. Beef Saag	Beef Curry	15.95	0	1
977240	i_156268264	07. Beef Mango	Beef Curry	15.95	0	1
977240	i_156268266	08. Beef Bhartha	Beef Curry	15.95	0	1
977240	i_156268267	06. Beef Madras	Beef Curry	15.95	0	1
977240	i_156268241	08. Lamb Masala	Lamb Curry	16.95	0	1
977240	i_156268242	05. Lamb Bhartha	Lamb Curry	16.95	0	1
977240	i_156268246	01. Lamb Curry	Lamb Curry	16.95	0	1
977240	i_156268247	02. Lamb Mushroom	Lamb Curry	16.95	0	1
977240	i_156268249	03. Lamb Vindaloo Curry	Lamb Curry	16.95	0	1
977240	i_156268250	07. Lamb Shahi Korma	Lamb Curry	16.95	0	1
977240	i_156268252	06. Lamb Saag	Lamb Curry	16.95	0	1
977240	i_156268253	11. Rogan Josh	Lamb Curry	16.95	0	1
977240	i_156268254	10. Goat Curry	Lamb Curry	16.95	0	1
977240	i_156268239	09. Lamb Madras	Lamb Curry	16.95	0	1
977240	i_156268256	04. Lamb Vegetable	Lamb Curry	16.95	0	1
977240	i_156268225	07. Shrimp Mango	Seafood	15.95	0	1
977240	i_156268226	03. Fish Curry	Seafood	16.95	0	1
977240	i_156268227	04. Fish Masala	Seafood	16.95	0	1
977240	i_156268229	06. Shrimp Curry	Seafood	15.95	0	1
977240	i_156268230	05. Fish Vindaloo Curry	Seafood	15.95	0	1
977240	i_156268232	08. Shrimp Vindaloo	Seafood	15.95	0	1
977240	i_156268234	09. Shrimp Korma	Seafood	16.95	0	1
977240	i_156268236	10. Shrimp Masala	Seafood	16.95	0	1
977240	i_156268237	11. Shrimp Madras	Seafood	16.95	0	1
977240	i_156268210	07. Chicken Saag	Chicken Curry	14.99	0	1
977240	i_156268212	03. Chicken Shahi Korma	Chicken Curry	14.99	0	1
977240	i_156268213	09. Chicken Madras	Chicken Curry	14.99	0	1
977240	i_156268218	06. Chicken Vindaloo	Chicken Curry	14.99	0	1
977240	i_156268219	10. Chicken Bhartha	Chicken Curry	14.99	0	1
977240	i_156268221	12. Chicken Chili	Chicken Curry	14.99	0	1
977240	i_156268201	08. Chicken Mango	Chicken Curry	14.99	0	1
977240	i_156268204	11. Chicken Vegetable	Chicken Curry	14.99	0	1
977240	i_156268206	01. Chicken Curry	Chicken Curry	14.99	0	1
977240	i_156268207	05. Chicken Mushroom	Chicken Curry	14.99	0	1
977240	i_156268191	01. Daal (Lentil soup)	Soup and Salads	2.95	0	0
977240	i_156268192	02. Chicken Soup	Soup and Salads	3.95	0	0
977240	i_156268193	03. Tomato Coconut Soup	Soup and Salads	3.50	0	0
977240	i_156268194	04. House Salad	Soup and Salads	8.95	0	0
977240	i_156268195	05. Tofu Salad	Soup and Salads	8.95	0	0
977240	i_156268197	06. Chicken Kabab Salad	Soup and Salads	9.95	0	0
977240	i_156268198	07. Shrimp Salad	Soup and Salads	10.95	0	0
977240	i_156268200	08. Salmon Salad	Soup and Salads	10.95	0	0
977240	i_156268180	03. Paneer Pakora	Vegetarian Appetizers	4.50	0	0
977240	i_156268183	04. Samosa Chaat	Vegetarian Appetizers	6.95	0	0
977240	i_156268184	06. Papadum	Vegetarian Appetizers	1.99	0	0
977240	i_156268185	05. Aloo Tikki	Vegetarian Appetizers	4.50	0	0
977240	i_156268186	07. Aloo Tikki Chaat	Vegetarian Appetizers	6.95	0	0
977240	i_156268187	08. Mixed Vegetarian Platter	Vegetarian Appetizers	8.95	0	0
977240	i_156268188	09. Vegetable Momo (Dumplings) 8 Pcs	Vegetarian Appetizers	7.95	0	0
977240	i_1671463072	01. Mussels	Non-Vegetarian Appetizers	10.95	0	1
977240	i_1671463071	02. Crispy Shrimp Pakora	Non-Vegetarian Appetizers	10.95	0	0
977240	i_1671463070	03. Chicken Pakora	Non-Vegetarian Appetizers	5.99	0	0
977240	i_1671463069	04. Fish Pakora	Non-Vegetarian Appetizers	7.95	0	0
977240	i_1671463068	05. Non-Vegetarian Platter	Non-Vegetarian Appetizers	9.95	0	0
977240	i_1671463067	06. Chicken Momo	Non-Vegetarian Appetizers	8.99	0	0
